gtin,fecha,stock
7804587213648,2024-01-01,754
7804587213648,2024-01-02,749
7804587213648,2024-01-03,742
7804587213648,2024-01-04,738
7804587213648,2024-01-05,733
7804587213648,2024-01-06,729
7804587213648,2024-01-07,724
7804587213648,2024-01-08,724
7804587213648,2024-01-09,718
7804587213648,2024-01-10,709
7804587213648,2024-01-11,705
7804587213648,2024-01-12,703
7804587213648,2024-01-13,703
7804587213648,2024-01-14,696
7804587213648,2024-01-15,696
7804587213648,2024-01-16,689
7804587213648,2024-01-17,689
7804587213648,2024-01-18,684
7804587213648,2024-01-19,684
7804587213648,2024-01-20,678
7804587213648,2024-01-21,670
7804587213648,2024-01-22,670
7804587213648,2024-01-23,665
7804587213648,2024-01-24,665
7804587213648,2024-01-25,664
7804587213648,2024-01-26,661
7804587213648,2024-01-27,650
7804587213648,2024-01-28,646
7804587213648,2024-01-29,646
7804587213648,2024-01-30,642
7804587213648,2024-01-31,642
7804587213648,2024-02-01,633
7804587213648,2024-02-02,629
7804587213648,2024-02-03,629
7804587213648,2024-02-04,623
7804587213648,2024-02-05,620
7804587213648,2024-02-06,620
7804587213648,2024-02-07,615
7804587213648,2024-02-08,615
7804587213648,2024-02-09,606
7804587213648,2024-02-10,601
7804587213648,2024-02-11,601
7804587213648,2024-02-12,593
7804587213648,2024-02-13,592
7804587213648,2024-02-14,586
7804587213648,2024-02-15,584
7804587213648,2024-02-16,584
7804587213648,2024-02-17,578
7804587213648,2024-02-18,578
7804587213648,2024-02-19,570
7804587213648,2024-02-20,565
7804587213648,2024-02-21,565
7804587213648,2024-02-22,558
7804587213648,2024-02-23,558
7804587213648,2024-02-24,551
7804587213648,2024-02-25,548
7804587213648,2024-02-26,544
7804587213648,2024-02-27,539
7804587213648,2024-02-28,533
7804587213648,2024-02-29,533
7804587213648,2024-03-01,527
7804587213648,2024-03-02,525
7804587213648,2024-03-03,525
7804587213648,2024-03-04,517
7804587213648,2024-03-05,517
7804587213648,2024-03-06,506
7804587213648,2024-03-07,502
7804587213648,2024-03-08,499
7804587213648,2024-03-09,499
7804587213648,2024-03-10,497
7804587213648,2024-03-11,492
7804587213648,2024-03-12,485
7804587213648,2024-03-13,485
7804587213648,2024-03-14,475
7804587213648,2024-03-15,471
7804587213648,2024-03-16,471
7804587213648,2024-03-17,467
7804587213648,2024-03-18,463
7804587213648,2024-03-19,461
7804587213648,2024-03-20,458
7804587213648,2024-03-21,458
7804587213648,2024-03-22,449
7804587213648,2024-03-23,449
7804587213648,2024-03-24,448
7804587213648,2024-03-25,437
7804587213648,2024-03-26,430
7804587213648,2024-03-27,430
7804587213648,2024-03-28,422
7804587213648,2024-03-29,422
7804587213648,2024-03-30,421
7804587213648,2024-03-31,421
7804587213648,2024-04-01,421
7804587213648,2024-04-02,409
7804587213648,2024-04-03,406
7804587213648,2024-04-04,406
7804587213648,2024-04-05,405
7804587213648,2024-04-06,405
7804587213648,2024-04-07,397
7804587213648,2024-04-08,397
7804587213648,2024-04-09,390
7804587213648,2024-04-10,390
7804587213648,2024-04-11,384
7804587213648,2024-04-12,381
7804587213648,2024-04-13,377
7804587213648,2024-04-14,368
7804587213648,2024-04-15,361
7804587213648,2024-04-16,355
7804587213648,2024-04-17,351
7804587213648,2024-04-18,351
7804587213648,2024-04-19,347
7804587213648,2024-04-20,344
7804587213648,2024-04-21,344
7804587213648,2024-04-22,339
7804587213648,2024-04-23,339
7804587213648,2024-04-24,331
7804587213648,2024-04-25,322
7804587213648,2024-04-26,322
7804587213648,2024-04-27,315
7804587213648,2024-04-28,315
7804587213648,2024-04-29,315
7804587213648,2024-04-30,309
7804587213648,2024-05-01,306
7804587213648,2024-05-02,299
7804587213648,2024-05-03,293
7804587213648,2024-05-04,285
7804587213648,2024-05-05,285
7804587213648,2024-05-06,279
7804587213648,2024-05-07,271
7804587213648,2024-05-08,255
7804587213648,2024-05-09,246
7804587213648,2024-05-10,236
7804587213648,2024-05-11,234
7804587213648,2024-05-12,234
7804587213648,2024-05-13,231
7804587213648,2024-05-14,231
7804587213648,2024-05-15,226
7804587213648,2024-05-16,226
7804587213648,2024-05-17,226
7804587213648,2024-05-18,215
7804587213648,2024-05-19,215
7804587213648,2024-05-20,215
7804587213648,2024-05-21,215
7804587213648,2024-05-22,206
7804587213648,2024-05-23,200
7804587213648,2024-05-24,193
7804587213648,2024-05-25,188
7804587213648,2024-05-26,214
7804587213648,2024-05-27,210
7804587213648,2024-05-28,202
7804587213648,2024-05-29,196
7804587213648,2024-05-30,195
7804587213648,2024-05-31,193
7804587213648,2024-06-01,193
7804587213648,2024-06-02,183
7804587213648,2024-06-03,174
7804587213648,2024-06-04,214
7804587213648,2024-06-05,214
7804587213648,2024-06-06,211
7804587213648,2024-06-07,207
7804587213648,2024-06-08,207
7804587213648,2024-06-09,204
7804587213648,2024-06-10,204
7804587213648,2024-06-11,214
7804587213648,2024-06-12,214
7804587213648,2024-06-13,206
7804587213648,2024-06-14,197
7804587213648,2024-06-15,192
7804587213648,2024-06-16,190
7804587213648,2024-06-17,186
7804587213648,2024-06-18,214
7804587213648,2024-06-19,207
7804587213648,2024-06-20,204
7804587213648,2024-06-21,204
7804587213648,2024-06-22,197
7804587213648,2024-06-23,214
7804587213648,2024-06-24,214
7804587213648,2024-06-25,208
7804587213648,2024-06-26,204
7804587213648,2024-06-27,199
7804587213648,2024-06-28,214
7804587213648,2024-06-29,211
7804587213648,2024-06-30,206
7804587213648,2024-07-01,206
7804587213648,2024-07-02,203
7804587213648,2024-07-03,203
7804587213648,2024-07-04,198
7804587213648,2024-07-05,186
7804587213648,2024-07-06,185
7804587213648,2024-07-07,214
7804587213648,2024-07-08,208
7804587213648,2024-07-09,208
7804587213648,2024-07-10,207
7804587213648,2024-07-11,202
7804587213648,2024-07-12,202
7804587213648,2024-07-13,201
7804587213648,2024-07-14,214
7804587213648,2024-07-15,204
7804587213648,2024-07-16,197
7804587213648,2024-07-17,195
7804587213648,2024-07-18,195
7804587213648,2024-07-19,188
7804587213648,2024-07-20,181
7804587213648,2024-07-21,181
7804587213648,2024-07-22,175
7804587213648,2024-07-23,214
7804587213648,2024-07-24,214
7804587213648,2024-07-25,207
7804587213648,2024-07-26,204
7804587213648,2024-07-27,194
7804587213648,2024-07-28,194
7804587213648,2024-07-29,194
7804587213648,2024-07-30,184
7804587213648,2024-07-31,184
7804587213648,2024-08-01,214
7804587213648,2024-08-02,214
7804587213648,2024-08-03,210
7804587213648,2024-08-04,200
7804587213648,2024-08-05,200
7804587213648,2024-08-06,191
7804587213648,2024-08-07,214
7804587213648,2024-08-08,212
7804587213648,2024-08-09,202
7804587213648,2024-08-10,195
7804587213648,2024-08-11,195
7804587213648,2024-08-12,190
7804587213648,2024-08-13,190
7804587213648,2024-08-14,180
7804587213648,2024-08-15,214
7804587213648,2024-08-16,214
7804587213648,2024-08-17,214
7804587213648,2024-08-18,211
7804587213648,2024-08-19,211
7804587213648,2024-08-20,211
7804587213648,2024-08-21,200
7804587213648,2024-08-22,214
7804587213648,2024-08-23,214
7804587213648,2024-08-24,207
7804587213648,2024-08-25,207
7804587213648,2024-08-26,200
7804587213648,2024-08-27,214
7804587213648,2024-08-28,208
7804587213648,2024-08-29,203
7804587213648,2024-08-30,203
7804587213648,2024-08-31,195
7804587213648,2024-09-01,189
7804587213648,2024-09-02,189
7804587213648,2024-09-03,189
7804587213648,2024-09-04,189
7804587213648,2024-09-05,214
7804587213648,2024-09-06,214
7804587213648,2024-09-07,209
7804587213648,2024-09-08,209
7804587213648,2024-09-09,206
7804587213648,2024-09-10,214
7804587213648,2024-09-11,211
7804587213648,2024-09-12,205
7804587213648,2024-09-13,205
7804587213648,2024-09-14,197
7804587213648,2024-09-15,197
7804587213648,2024-09-16,197
7804587213648,2024-09-17,214
7804587213648,2024-09-18,206
7804587213648,2024-09-19,205
7804587213648,2024-09-20,205
7804587213648,2024-09-21,198
7804587213648,2024-09-22,198
7804587213648,2024-09-23,197
7804587213648,2024-09-24,214
7804587213648,2024-09-25,207
7804587213648,2024-09-26,203
7804587213648,2024-09-27,203
7804587213648,2024-09-28,194
7804587213648,2024-09-29,187
7804587213648,2024-09-30,214
7804587213648,2024-10-01,214
7804587213648,2024-10-02,208
7804587213648,2024-10-03,208
7804587213648,2024-10-04,202
7804587213648,2024-10-05,202
7804587213648,2024-10-06,214
7804587213648,2024-10-07,214
7804587213648,2024-10-08,210
7804587213648,2024-10-09,204
7804587213648,2024-10-10,199
7804587213648,2024-10-11,199
7804587213648,2024-10-12,196
7804587213648,2024-10-13,196
7804587213648,2024-10-14,214
7804587213648,2024-10-15,214
7804587213648,2024-10-16,208
7804587213648,2024-10-17,208
7804587213648,2024-10-18,207
7804587213648,2024-10-19,207
7804587213648,2024-10-20,214
7804587213648,2024-10-21,214
7804587213648,2024-10-22,212
7804587213648,2024-10-23,212
7804587213648,2024-10-24,203
7804587213648,2024-10-25,203
7804587213648,2024-10-26,201
7804587213648,2024-10-27,201
7804587213648,2024-10-28,196
7804587213648,2024-10-29,214
7804587213648,2024-10-30,207
7804587213648,2024-10-31,207
7804587213648,2024-11-01,204
7804587213648,2024-11-02,201
7804587213648,2024-11-03,201
7804587213648,2024-11-04,196
7804587213648,2024-11-05,188
7804587213648,2024-11-06,181
7804587213648,2024-11-07,214
7804587213648,2024-11-08,211
7804587213648,2024-11-09,211
7804587213648,2024-11-10,205
7804587213648,2024-11-11,205
7804587213648,2024-11-12,214
7804587213648,2024-11-13,214
7804587213648,2024-11-14,207
7804587213648,2024-11-15,199
7804587213648,2024-11-16,199
7804587213648,2024-11-17,198
7804587213648,2024-11-18,198
7804587213648,2024-11-19,190
7804587213648,2024-11-20,190
7804587213648,2024-11-21,214
7804587213648,2024-11-22,214
7804587213648,2024-11-23,209
7804587213648,2024-11-24,208
7804587213648,2024-11-25,208
7804587213648,2024-11-26,202
7804587213648,2024-11-27,194
7804587213648,2024-11-28,194
7804587213648,2024-11-29,191
7804587213648,2024-11-30,214
7804587213648,2024-12-01,205
7804587213648,2024-12-02,205
7804587213648,2024-12-03,193
7804587213648,2024-12-04,192
7804587213648,2024-12-05,192
7804587213648,2024-12-06,214
7804587213648,2024-12-07,211
7804587213648,2024-12-08,205
7804587213648,2024-12-09,205
7804587213648,2024-12-10,201
7804587213648,2024-12-11,201
7804587213648,2024-12-12,198
7804587213648,2024-12-13,198
7804587213648,2024-12-14,214
7804587213648,2024-12-15,214
7804587213648,2024-12-16,209
7804587213648,2024-12-17,209
7804587213648,2024-12-18,209
7804587213648,2024-12-19,209
7804587213648,2024-12-20,203
7804587213648,2024-12-21,214
7804587213648,2024-12-22,212
7804587213648,2024-12-23,211
7804587213648,2024-12-24,204
7804587213648,2024-12-25,200
7804587213648,2024-12-26,195
7804587213648,2024-12-27,214
7804587213648,2024-12-28,211
7804587213648,2024-12-29,211
7804587213648,2024-12-30,206
7804587213648,2024-12-31,206
7804587213648,2025-01-01,203
7804587213648,2025-01-02,203
7804587213648,2025-01-03,203
7804587213648,2025-01-04,214
7804587213648,2025-01-05,214
7804587213648,2025-01-06,205
7804587213648,2025-01-07,198
7804587213648,2025-01-08,194
7804587213648,2025-01-09,191
7804587213648,2025-01-10,214
7804587213648,2025-01-11,214
7804587213648,2025-01-12,206
7804587213648,2025-01-13,206
7804587213648,2025-01-14,198
7804587213648,2025-01-15,214
7804587213648,2025-01-16,209
7804587213648,2025-01-17,209
7804587213648,2025-01-18,200
7804587213648,2025-01-19,200
7804587213648,2025-01-20,214
7804587213648,2025-01-21,207
7804587213648,2025-01-22,207
7804587213648,2025-01-23,199
7804587213648,2025-01-24,199
7804587213648,2025-01-25,199
7804587213648,2025-01-26,199
7804587213648,2025-01-27,193
7804587213648,2025-01-28,214
7804587213648,2025-01-29,208
7804587213648,2025-01-30,208
7804587213648,2025-01-31,204
7804587213648,2025-02-01,199
7804587213648,2025-02-02,199
7804587213648,2025-02-03,214
7804587213648,2025-02-04,214
7804587213648,2025-02-05,212
7804587213648,2025-02-06,212
7804587213648,2025-02-07,207
7804587213648,2025-02-08,214
7804587213648,2025-02-09,214
7804587213648,2025-02-10,207
7804587213648,2025-02-11,207
7804587213648,2025-02-12,205
7804587213648,2025-02-13,201
7804587213648,2025-02-14,196
7804587213648,2025-02-15,188
7804587213648,2025-02-16,188
7804587213648,2025-02-17,214
7804587213648,2025-02-18,212
7804587213648,2025-02-19,212
7804587213648,2025-02-20,206
7804587213648,2025-02-21,206
7804587213648,2025-02-22,214
7804587213648,2025-02-23,214
7804587213648,2025-02-24,212
7804587213648,2025-02-25,212
7804587213648,2025-02-26,208
7804587213648,2025-02-27,208
7804587213648,2025-02-28,204
7804587213648,2025-03-01,204
7804587213648,2025-03-02,214
7804587213648,2025-03-03,209
7804587213648,2025-03-04,207
7804587213648,2025-03-05,201
7804587213648,2025-03-06,201
7804587213648,2025-03-07,214
7804587213648,2025-03-08,210
7804587213648,2025-03-09,210
7804587213648,2025-03-10,202
7804587213648,2025-03-11,197
7804587213648,2025-03-12,194
7804587213648,2025-03-13,214
7804587213648,2025-03-14,211
7804587213648,2025-03-15,203
7804587213648,2025-03-16,203
7804587213648,2025-03-17,201
7804587213648,2025-03-18,201
7804587213648,2025-03-19,198
7804587213648,2025-03-20,192
7804587213648,2025-03-21,214
7804587213648,2025-03-22,208
7804587213648,2025-03-23,208
7804587213648,2025-03-24,202
7804587213648,2025-03-25,201
7804587213648,2025-03-26,198
7804587213648,2025-03-27,190
7804587213648,2025-03-28,190
7804587213648,2025-03-29,214
7804587213648,2025-03-30,206
7804587213648,2025-03-31,206
7804587213648,2025-04-01,204
7804587213648,2025-04-02,204
7804587213648,2025-04-03,198
7804587213648,2025-04-04,198
7804587213648,2025-04-05,194
7804587213648,2025-04-06,189
7804587213648,2025-04-07,214
7804587213648,2025-04-08,211
7804587213648,2025-04-09,205
7804587213648,2025-04-10,199
7804587213648,2025-04-11,199
7804587213648,2025-04-12,198
7804587213648,2025-04-13,214
7804587213648,2025-04-14,208
7804587213648,2025-04-15,204
7804587213648,2025-04-16,204
7804587213648,2025-04-17,197
7804587213648,2025-04-18,214
7804587213648,2025-04-19,214
7804587213648,2025-04-20,213
7804587213648,2025-04-21,213
7804587213648,2025-04-22,209
7804587213648,2025-04-23,202
7804587213648,2025-04-24,202
7804587213648,2025-04-25,196
7804587213648,2025-04-26,214
7804587213648,2025-04-27,206
7804587213648,2025-04-28,206
7804587213648,2025-04-29,198
7804587213648,2025-04-30,198
7804587213648,2025-05-01,197
7804587213648,2025-05-02,192
7804587213648,2025-05-03,183
7804587213648,2025-05-04,214
7804587213648,2025-05-05,212
7804587213648,2025-05-06,206
7804587213648,2025-05-07,197
7804587213648,2025-05-08,197
7804587213648,2025-05-09,214
7804587213648,2025-05-10,211
7804587213648,2025-05-11,211
7804587213648,2025-05-12,204
7804587213648,2025-05-13,204
7804587213648,2025-05-14,200
7804587213648,2025-05-15,200
7804587213648,2025-05-16,192
7804587213648,2025-05-17,214
7804587213648,2025-05-18,210
7804587213648,2025-05-19,210
7804587213648,2025-05-20,208
7804587213648,2025-05-21,208
7804587213648,2025-05-22,208
7804587213648,2025-05-23,208
7804587213648,2025-05-24,214
7804587213648,2025-05-25,214
7804587213648,2025-05-26,211
7804587213648,2025-05-27,209
7804587213648,2025-05-28,209
7804587213648,2025-05-29,203
7804587213648,2025-05-30,195
7804587213648,2025-05-31,191
7804587213648,2025-06-01,191
7804587213648,2025-06-02,214
7804587213648,2025-06-03,214
7804587213648,2025-06-04,208
7804587213648,2025-06-05,208
7804587213648,2025-06-06,207
7804587213648,2025-06-07,206
7804587213648,2025-06-08,206
7804587213648,2025-06-09,206
7804587213648,2025-06-10,206
7804587213648,2025-06-11,214
7804587213648,2025-06-12,214
7804587213648,2025-06-13,205
7804587213648,2025-06-14,199
7804587213648,2025-06-15,194
7804587213648,2025-06-16,214
7804587213648,2025-06-17,209
7804587213648,2025-06-18,197
7804587213648,2025-06-19,197
7804587213648,2025-06-20,192
7804587213648,2025-06-21,214
7804587213648,2025-06-22,214
7804587213648,2025-06-23,210
7804587213648,2025-06-24,210
7804587213648,2025-06-25,208
7804587213648,2025-06-26,208
7804587213648,2025-06-27,201
7804587213648,2025-06-28,198
7804587213648,2025-06-29,193
7804587213648,2025-06-30,214
7804587213648,2025-07-01,214
7804587213648,2025-07-02,211
7804587213648,2025-07-03,211
7804587213648,2025-07-04,205
7804587213648,2025-07-05,205
7804587213648,2025-07-06,202
7804587213648,2025-07-07,214
7804587213648,2025-07-08,212
7804587213648,2025-07-09,212
7804587213648,2025-07-10,206
7804587213648,2025-07-11,206
7804587213648,2025-07-12,204
7804587213648,2025-07-13,214
7804587213648,2025-07-14,213
7804587213648,2025-07-15,213
7804587213648,2025-07-16,204
7804587213648,2025-07-17,200
7804587213648,2025-07-18,200
7804587213648,2025-07-19,192
7804587213648,2025-07-20,192
7804587213648,2025-07-21,182
7804587213648,2025-07-22,214
7804587213648,2025-07-23,214
7804587213648,2025-07-24,204
7804587213648,2025-07-25,204
7804587213648,2025-07-26,193
7804587213648,2025-07-27,214
7804587213648,2025-07-28,214
7804587213648,2025-07-29,211
7804587213648,2025-07-30,210
7804587213648,2025-07-31,203
7804587213648,2025-08-01,214
7804587213648,2025-08-02,214
7804587213648,2025-08-03,207
7804587213648,2025-08-04,207
7804587213648,2025-08-05,205
7804587213648,2025-08-06,205
7804587213648,2025-08-07,205
7804587213648,2025-08-08,205
7804587213648,2025-08-09,204
7804587213648,2025-08-10,214
7804587213648,2025-08-11,213
7804587213648,2025-08-12,210
7804587213648,2025-08-13,210
7804587213648,2025-08-14,206
7804587213648,2025-08-15,201
7804587213648,2025-08-16,199
7804587213648,2025-08-17,198
7804587213648,2025-08-18,191
7804587213648,2025-08-19,214
7804587213648,2025-08-20,214
7804587213648,2025-08-21,208
7804587213648,2025-08-22,208
7804587213648,2025-08-23,201
7804587213648,2025-08-24,193
7804587213648,2025-08-25,186
7804587213648,2025-08-26,214
7804587213648,2025-08-27,205
7804587213648,2025-08-28,204
7804587213648,2025-08-29,199
7804587213648,2025-08-30,199
7804587213648,2025-08-31,196
7804587213648,2025-09-01,194
7804587213648,2025-09-02,194
7804587213648,2025-09-03,185
7804587213648,2025-09-04,214
7804587213648,2025-09-05,201
7804587213648,2025-09-06,201
7804587213648,2025-09-07,199
7804587213648,2025-09-08,199
7804587213648,2025-09-09,195
7804587213648,2025-09-10,195
7804587213648,2025-09-11,193
7804587213648,2025-09-12,214
7804587213648,2025-09-13,209
7804587213648,2025-09-14,209
7804587213648,2025-09-15,208
7804587213648,2025-09-16,208
7804587213648,2025-09-17,205
7804587213648,2025-09-18,214
7804587213648,2025-09-19,214
7804587213648,2025-09-20,210
7804587213648,2025-09-21,201
7804587213648,2025-09-22,201
7804587213648,2025-09-23,214
7804587213648,2025-09-24,208
7804587213648,2025-09-25,205
7804587213648,2025-09-26,205
7804587213648,2025-09-27,202
7804587213648,2025-09-28,201
7804587213648,2025-09-29,192
7804587213648,2025-09-30,192
7804587213648,2025-10-01,189
7804587213648,2025-10-02,214
7804587213648,2025-10-03,213
7804587213648,2025-10-04,210
7804587213648,2025-10-05,210
7804587213648,2025-10-06,206
7804587213648,2025-10-07,214
7804587213648,2025-10-08,207
7804587213648,2025-10-09,207
7804587213648,2025-10-10,204
7804587213648,2025-10-11,199
7804587213648,2025-10-12,199
7804587213648,2025-10-13,188
7804587213648,2025-10-14,188
7804587213648,2025-10-15,183
7804587213648,2025-10-16,214
7804587213648,2025-10-17,214
7804587213648,2025-10-18,204
7804587213648,2025-10-19,204
7804587213648,2025-10-20,193
7804587213648,2025-10-21,214
7804587213648,2025-10-22,209
7804587213648,2025-10-23,204
7804587213648,2025-10-24,204
7804587213648,2025-10-25,202
7804587213648,2025-10-26,214
7804587213648,2025-10-27,205
7804587213648,2025-10-28,205
7804587213648,2025-10-29,197
7804587213648,2025-10-30,197
7804587213648,2025-10-31,196
7804587213648,2025-11-01,196
7804587213648,2025-11-02,190
7804587213648,2025-11-03,188
7804587213648,2025-11-04,214
7804587213648,2025-11-05,212
7804587213648,2025-11-06,212
7804587213648,2025-11-07,206
7804587213648,2025-11-08,200
7804587213648,2025-11-09,200
7804587213648,2025-11-10,194
7804587213648,2025-11-11,214
7804587213648,2025-11-12,213
7804587213648,2025-11-13,213
7804587213648,2025-11-14,207
7804587213648,2025-11-15,199
7804587213648,2025-11-16,199
7804587213648,2025-11-17,197
7804587213648,2025-11-18,197
7804587213648,2025-11-19,214
7804587213648,2025-11-20,214
7804587213648,2025-11-21,210
7804587213648,2025-11-22,210
7804587213648,2025-11-23,207
7804587213648,2025-11-24,207
7804587213648,2025-11-25,214
7804587213648,2025-11-26,214
7804587213648,2025-11-27,214
7804587213648,2025-11-28,211
7804587213648,2025-11-29,208
7804587213648,2025-11-30,202
7804587213648,2025-12-01,202
7804587213648,2025-12-02,214
7804587213648,2025-12-03,208
7804587213648,2025-12-04,208
7804587213648,2025-12-05,203
7804587213648,2025-12-06,196
7804587213648,2025-12-07,214
7804587213648,2025-12-08,212
7804587213648,2025-12-09,212
7804587213648,2025-12-10,206
7804587213648,2025-12-11,206
7804587213648,2025-12-12,206
7804587213648,2025-12-13,214
7804587213648,2025-12-14,210
7804587213648,2025-12-15,210
7804587213648,2025-12-16,205
7804587213648,2025-12-17,201
7804587213648,2025-12-18,191
7804587213648,2025-12-19,186
7804587213648,2025-12-20,186
7804587213648,2025-12-21,179
7804587213648,2025-12-22,214
7804587213648,2025-12-23,214
7804587213648,2025-12-24,208
7804587213648,2025-12-25,208
7804587213648,2025-12-26,202
7804587213648,2025-12-27,202
7804587213648,2025-12-28,198
7804587213648,2025-12-29,193
7804587213648,2025-12-30,189
7804587213648,2025-12-31,214
7804587213648,2026-01-01,214
7804587213648,2026-01-02,206
7804587213648,2026-01-03,206
7804587213648,2026-01-04,200
7804587213648,2026-01-05,200
7804587213648,2026-01-06,196
7804587213648,2026-01-07,196
7804587213648,2026-01-08,214
7804587213648,2026-01-09,210
7804587213648,2026-01-10,203
7804587213648,2026-01-11,203
7804587213648,2026-01-12,201
7804587213648,2026-01-13,214
7804587213648,2026-01-14,212
7804587213648,2026-01-15,212
7804587213648,2026-01-16,211
7804587213648,2026-01-17,205
7804587213648,2026-01-18,197
7804587213648,2026-01-19,195
7804587213648,2026-01-20,195
7804587213648,2026-01-21,214
7804587213648,2026-01-22,214
7804587213648,2026-01-23,208
7804587213648,2026-01-24,208
7804587213648,2026-01-25,204
7804587213648,2026-01-26,204
7804587213648,2026-01-27,198
7804587213648,2026-01-28,198
7804587213648,2026-01-29,214
7804587213648,2026-01-30,212
7804587213648,2026-01-31,206
7804587213648,2026-02-01,206
7804587213648,2026-02-02,200
7804587213648,2026-02-03,195
7804587213648,2026-02-04,193
7804587213648,2026-02-05,191
7804587213648,2026-02-06,214
7804587213648,2026-02-07,211
7804587213648,2026-02-08,211
7804587213648,2026-02-09,209
7804587213648,2026-02-10,209
7804587213648,2026-02-11,214
7804587213648,2026-02-12,211
7804587213648,2026-02-13,208
7804587213648,2026-02-14,204
7804587213648,2026-02-15,201
7804587213648,2026-02-16,201
7804587213648,2026-02-17,194
7804587213648,2026-02-18,214
7804587213648,2026-02-19,211
7804587213648,2026-02-20,204
7804587213648,2026-02-21,204
7804587213648,2026-02-22,204
7804587213648,2026-02-23,197
7804587213648,2026-02-24,197
7804587213648,2026-02-25,192
7804587213648,2026-02-26,192
7804587213648,2026-02-27,214
7804587213648,2026-02-28,207
7804587213648,2026-03-01,207
7804587213648,2026-03-02,198
7804587213648,2026-03-03,191
7804587213648,2026-03-04,186
7804587213648,2026-03-05,186
7804587213648,2026-03-06,183
7804587213648,2026-03-07,183
7804587213648,2026-03-08,214
7804587213648,2026-03-09,214
7804587213648,2026-03-10,207
7804587213648,2026-03-11,201
7804587213648,2026-03-12,197
7804587213648,2026-03-13,193
7804587213648,2026-03-14,193
7804587213648,2026-03-15,184
7804587213648,2026-03-16,184
7804587213648,2026-03-17,214
7804587213648,2026-03-18,208
7804587213648,2026-03-19,208
7804587213648,2026-03-20,200
7804587213648,2026-03-21,200
7804587213648,2026-03-22,192
7804587213648,2026-03-23,192
7804587213648,2026-03-24,214
7804587213648,2026-03-25,208
7804587213648,2026-03-26,204
7804587213648,2026-03-27,197
7804587213648,2026-03-28,197
7804587213648,2026-03-29,214
7804587213648,2026-03-30,214
7804587213648,2026-03-31,208
7804587213648,2026-04-01,200
7804587213648,2026-04-02,192
7804587213648,2026-04-03,192
7804587213648,2026-04-04,182
7804587213648,2026-04-05,174
7804587213648,2026-04-06,214
7804587213648,2026-04-07,210
7804587213648,2026-04-08,210
7804587213648,2026-04-09,205
7804587213648,2026-04-10,205
7804587213648,2026-04-11,214
7804587213648,2026-04-12,214
7804587213648,2026-04-13,211
7804587213648,2026-04-14,211
7804587213648,2026-04-15,202
7804587213648,2026-04-16,202
7804587213648,2026-04-17,194
7804587213648,2026-04-18,214
7804587213648,2026-04-19,214
7804587213648,2026-04-20,209
7804587213648,2026-04-21,200
7804587213648,2026-04-22,200
7804587213648,2026-04-23,214
7804587213648,2026-04-24,213
7804587213648,2026-04-25,204
7804587213648,2026-04-26,197
7804587213648,2026-04-27,197
7804587213648,2026-04-28,196
7804587213648,2026-04-29,185
7804587213648,2026-04-30,214
7804587213648,2026-05-01,208
7804587213648,2026-05-02,203
7804587213648,2026-05-03,202
7804587213648,2026-05-04,202
7804587213648,2026-05-05,201
7804587213648,2026-05-06,201
7804587213648,2026-05-07,195
7804587213648,2026-05-08,195
7804587213648,2026-05-09,214
7804587213648,2026-05-10,212
7804587213648,2026-05-11,211
7804587213648,2026-05-12,211
7804587213648,2026-05-13,205
7804587213648,2026-05-14,201
7804587213648,2026-05-15,201
7804587213648,2026-05-16,195
7804587213648,2026-05-17,214
7804587213648,2026-05-18,204
7804587213648,2026-05-19,197
7804587213648,2026-05-20,195
7804587213648,2026-05-21,195
7804587213648,2026-05-22,214
7804587213648,2026-05-23,206
7804587213648,2026-05-24,203
7804587213648,2026-05-25,203
7804587213648,2026-05-26,201
7804587213648,2026-05-27,198
7804587213648,2026-05-28,198
7804587213648,2026-05-29,188
7804587213648,2026-05-30,214
7804587213648,2026-05-31,205
7804587213648,2026-06-01,195
7804587213648,2026-06-02,195
7804587213648,2026-06-03,189
7804587213648,2026-06-04,214
7804587213648,2026-06-05,214
7804587213648,2026-06-06,204
7804587213648,2026-06-07,204
7804587213648,2026-06-08,199
7804587213648,2026-06-09,199
7804587213648,2026-06-10,195
7804587213648,2026-06-11,192
7804587213648,2026-06-12,214
7804587213648,2026-06-13,206
7804587213648,2026-06-14,206
7804587213648,2026-06-15,202
7804587213648,2026-06-16,201
7804587213648,2026-06-17,201
7804587213648,2026-06-18,192
7804587213648,2026-06-19,214
7804587213648,2026-06-20,207
7804587213648,2026-06-21,207
7804587213648,2026-06-22,199
7804587213648,2026-06-23,191
7804587213648,2026-06-24,191
7804587213648,2026-06-25,190
7804587213648,2026-06-26,214
7804587213648,2026-06-27,211
7804587213648,2026-06-28,208
7804587213648,2026-06-29,208
7804587213648,2026-06-30,205
7804587213648,2026-07-01,201
7809235178465,2024-01-01,443
7809235178465,2024-01-02,436
7809235178465,2024-01-03,436
7809235178465,2024-01-04,431
7809235178465,2024-01-05,430
7809235178465,2024-01-06,425
7809235178465,2024-01-07,425
7809235178465,2024-01-08,884
7809235178465,2024-01-09,884
7809235178465,2024-01-10,882
7809235178465,2024-01-11,875
7809235178465,2024-01-12,866
7809235178465,2024-01-13,866
7809235178465,2024-01-14,884
7809235178465,2024-01-15,878
7809235178465,2024-01-16,878
7809235178465,2024-01-17,873
7809235178465,2024-01-18,873
7809235178465,2024-01-19,870
7809235178465,2024-01-20,870
7809235178465,2024-01-21,860
7809235178465,2024-01-22,884
7809235178465,2024-01-23,884
7809235178465,2024-01-24,874
7809235178465,2024-01-25,874
7809235178465,2024-01-26,868
7809235178465,2024-01-27,868
7809235178465,2024-01-28,866
7809235178465,2024-01-29,859
7809235178465,2024-01-30,884
7809235178465,2024-01-31,884
7809235178465,2024-02-01,883
7809235178465,2024-02-02,883
7809235178465,2024-02-03,879
7809235178465,2024-02-04,884
7809235178465,2024-02-05,874
7809235178465,2024-02-06,868
7809235178465,2024-02-07,864
7809235178465,2024-02-08,864
7809235178465,2024-02-09,854
7809235178465,2024-02-10,854
7809235178465,2024-02-11,854
7809235178465,2024-02-12,884
7809235178465,2024-02-13,884
7809235178465,2024-02-14,877
7809235178465,2024-02-15,877
7809235178465,2024-02-16,872
7809235178465,2024-02-17,884
7809235178465,2024-02-18,884
7809235178465,2024-02-19,877
7809235178465,2024-02-20,877
7809235178465,2024-02-21,870
7809235178465,2024-02-22,865
7809235178465,2024-02-23,884
7809235178465,2024-02-24,879
7809235178465,2024-02-25,879
7809235178465,2024-02-26,868
7809235178465,2024-02-27,863
7809235178465,2024-02-28,884
7809235178465,2024-02-29,884
7809235178465,2024-03-01,884
7809235178465,2024-03-02,876
7809235178465,2024-03-03,866
7809235178465,2024-03-04,857
7809235178465,2024-03-05,884
7809235178465,2024-03-06,881
7809235178465,2024-03-07,881
7809235178465,2024-03-08,876
7809235178465,2024-03-09,868
7809235178465,2024-03-10,868
7809235178465,2024-03-11,860
7809235178465,2024-03-12,853
7809235178465,2024-03-13,853
7809235178465,2024-03-14,884
7809235178465,2024-03-15,884
7809235178465,2024-03-16,880
7809235178465,2024-03-17,880
7809235178465,2024-03-18,875
7809235178465,2024-03-19,873
7809235178465,2024-03-20,873
7809235178465,2024-03-21,884
7809235178465,2024-03-22,875
7809235178465,2024-03-23,875
7809235178465,2024-03-24,868
7809235178465,2024-03-25,868
7809235178465,2024-03-26,861
7809235178465,2024-03-27,854
7809235178465,2024-03-28,854
7809235178465,2024-03-29,853
7809235178465,2024-03-30,884
7809235178465,2024-03-31,884
7809235178465,2024-04-01,880
7809235178465,2024-04-02,880
7809235178465,2024-04-03,873
7809235178465,2024-04-04,884
7809235178465,2024-04-05,884
7809235178465,2024-04-06,884
7809235178465,2024-04-07,884
7809235178465,2024-04-08,880
7809235178465,2024-04-09,880
7809235178465,2024-04-10,871
7809235178465,2024-04-11,884
7809235178465,2024-04-12,878
7809235178465,2024-04-13,871
7809235178465,2024-04-14,868
7809235178465,2024-04-15,868
7809235178465,2024-04-16,866
7809235178465,2024-04-17,866
7809235178465,2024-04-18,884
7809235178465,2024-04-19,884
7809235178465,2024-04-20,876
7809235178465,2024-04-21,876
7809235178465,2024-04-22,872
7809235178465,2024-04-23,872
7809235178465,2024-04-24,864
7809235178465,2024-04-25,884
7809235178465,2024-04-26,884
7809235178465,2024-04-27,884
7809235178465,2024-04-28,875
7809235178465,2024-04-29,875
7809235178465,2024-04-30,884
7809235178465,2024-05-01,884
7809235178465,2024-05-02,878
7809235178465,2024-05-03,878
7809235178465,2024-05-04,876
7809235178465,2024-05-05,876
7809235178465,2024-05-06,873
7809235178465,2024-05-07,884
7809235178465,2024-05-08,873
7809235178465,2024-05-09,873
7809235178465,2024-05-10,866
7809235178465,2024-05-11,866
7809235178465,2024-05-12,862
7809235178465,2024-05-13,849
7809235178465,2024-05-14,845
7809235178465,2024-05-15,884
7809235178465,2024-05-16,876
7809235178465,2024-05-17,876
7809235178465,2024-05-18,875
7809235178465,2024-05-19,868
7809235178465,2024-05-20,868
7809235178465,2024-05-21,884
7809235178465,2024-05-22,884
7809235178465,2024-05-23,878
7809235178465,2024-05-24,873
7809235178465,2024-05-25,873
7809235178465,2024-05-26,865
7809235178465,2024-05-27,861
7809235178465,2024-05-28,859
7809235178465,2024-05-29,884
7809235178465,2024-05-30,880
7809235178465,2024-05-31,873
7809235178465,2024-06-01,873
7809235178465,2024-06-02,868
7809235178465,2024-06-03,863
7809235178465,2024-06-04,884
7809235178465,2024-06-05,877
7809235178465,2024-06-06,877
7809235178465,2024-06-07,876
7809235178465,2024-06-08,876
7809235178465,2024-06-09,870
7809235178465,2024-06-10,884
7809235178465,2024-06-11,884
7809235178465,2024-06-12,876
7809235178465,2024-06-13,876
7809235178465,2024-06-14,876
7809235178465,2024-06-15,884
7809235178465,2024-06-16,881
7809235178465,2024-06-17,881
7809235178465,2024-06-18,877
7809235178465,2024-06-19,874
7809235178465,2024-06-20,884
7809235178465,2024-06-21,884
7809235178465,2024-06-22,878
7809235178465,2024-06-23,864
7809235178465,2024-06-24,859
7809235178465,2024-06-25,859
7809235178465,2024-06-26,855
7809235178465,2024-06-27,855
7809235178465,2024-06-28,849
7809235178465,2024-06-29,884
7809235178465,2024-06-30,883
7809235178465,2024-07-01,883
7809235178465,2024-07-02,875
7809235178465,2024-07-03,875
7809235178465,2024-07-04,869
7809235178465,2024-07-05,869
7809235178465,2024-07-06,884
7809235178465,2024-07-07,884
7809235178465,2024-07-08,880
7809235178465,2024-07-09,880
7809235178465,2024-07-10,871
7809235178465,2024-07-11,862
7809235178465,2024-07-12,862
7809235178465,2024-07-13,854
7809235178465,2024-07-14,884
7809235178465,2024-07-15,879
7809235178465,2024-07-16,878
7809235178465,2024-07-17,878
7809235178465,2024-07-18,867
7809235178465,2024-07-19,862
7809235178465,2024-07-20,862
7809235178465,2024-07-21,884
7809235178465,2024-07-22,880
7809235178465,2024-07-23,876
7809235178465,2024-07-24,869
7809235178465,2024-07-25,869
7809235178465,2024-07-26,860
7809235178465,2024-07-27,855
7809235178465,2024-07-28,884
7809235178465,2024-07-29,884
7809235178465,2024-07-30,879
7809235178465,2024-07-31,877
7809235178465,2024-08-01,877
7809235178465,2024-08-02,869
7809235178465,2024-08-03,884
7809235178465,2024-08-04,881
7809235178465,2024-08-05,874
7809235178465,2024-08-06,874
7809235178465,2024-08-07,873
7809235178465,2024-08-08,873
7809235178465,2024-08-09,867
7809235178465,2024-08-10,867
7809235178465,2024-08-11,884
7809235178465,2024-08-12,884
7809235178465,2024-08-13,882
7809235178465,2024-08-14,876
7809235178465,2024-08-15,876
7809235178465,2024-08-16,869
7809235178465,2024-08-17,869
7809235178465,2024-08-18,866
7809235178465,2024-08-19,884
7809235178465,2024-08-20,879
7809235178465,2024-08-21,878
7809235178465,2024-08-22,878
7809235178465,2024-08-23,873
7809235178465,2024-08-24,873
7809235178465,2024-08-25,884
7809235178465,2024-08-26,877
7809235178465,2024-08-27,877
7809235178465,2024-08-28,871
7809235178465,2024-08-29,871
7809235178465,2024-08-30,866
7809235178465,2024-08-31,884
7809235178465,2024-09-01,884
7809235178465,2024-09-02,879
7809235178465,2024-09-03,876
7809235178465,2024-09-04,876
7809235178465,2024-09-05,868
7809235178465,2024-09-06,868
7809235178465,2024-09-07,863
7809235178465,2024-09-08,863
7809235178465,2024-09-09,884
7809235178465,2024-09-10,884
7809235178465,2024-09-11,878
7809235178465,2024-09-12,874
7809235178465,2024-09-13,874
7809235178465,2024-09-14,869
7809235178465,2024-09-15,884
7809235178465,2024-09-16,876
7809235178465,2024-09-17,876
7809235178465,2024-09-18,874
7809235178465,2024-09-19,874
7809235178465,2024-09-20,874
7809235178465,2024-09-21,874
7809235178465,2024-09-22,870
7809235178465,2024-09-23,861
7809235178465,2024-09-24,884
7809235178465,2024-09-25,882
7809235178465,2024-09-26,880
7809235178465,2024-09-27,873
7809235178465,2024-09-28,873
7809235178465,2024-09-29,869
7809235178465,2024-09-30,869
7809235178465,2024-10-01,884
7809235178465,2024-10-02,884
7809235178465,2024-10-03,880
7809235178465,2024-10-04,876
7809235178465,2024-10-05,876
7809235178465,2024-10-06,876
7809235178465,2024-10-07,876
7809235178465,2024-10-08,865
7809235178465,2024-10-09,859
7809235178465,2024-10-10,884
7809235178465,2024-10-11,877
7809235178465,2024-10-12,877
7809235178465,2024-10-13,870
7809235178465,2024-10-14,870
7809235178465,2024-10-15,884
7809235178465,2024-10-16,874
7809235178465,2024-10-17,874
7809235178465,2024-10-18,864
7809235178465,2024-10-19,864
7809235178465,2024-10-20,851
7809235178465,2024-10-21,851
7809235178465,2024-10-22,884
7809235178465,2024-10-23,884
7809235178465,2024-10-24,879
7809235178465,2024-10-25,879
7809235178465,2024-10-26,875
7809235178465,2024-10-27,875
7809235178465,2024-10-28,870
7809235178465,2024-10-29,861
7809235178465,2024-10-30,857
7809235178465,2024-10-31,884
7809235178465,2024-11-01,874
7809235178465,2024-11-02,870
7809235178465,2024-11-03,867
7809235178465,2024-11-04,867
7809235178465,2024-11-05,863
7809235178465,2024-11-06,857
7809235178465,2024-11-07,884
7809235178465,2024-11-08,882
7809235178465,2024-11-09,882
7809235178465,2024-11-10,876
7809235178465,2024-11-11,875
7809235178465,2024-11-12,884
7809235178465,2024-11-13,876
7809235178465,2024-11-14,875
7809235178465,2024-11-15,875
7809235178465,2024-11-16,870
7809235178465,2024-11-17,884
7809235178465,2024-11-18,876
7809235178465,2024-11-19,876
7809235178465,2024-11-20,872
7809235178465,2024-11-21,872
7809235178465,2024-11-22,870
7809235178465,2024-11-23,870
7809235178465,2024-11-24,884
7809235178465,2024-11-25,884
7809235178465,2024-11-26,877
7809235178465,2024-11-27,877
7809235178465,2024-11-28,873
7809235178465,2024-11-29,860
7809235178465,2024-11-30,884
7809235178465,2024-12-01,882
7809235178465,2024-12-02,882
7809235178465,2024-12-03,878
7809235178465,2024-12-04,878
7809235178465,2024-12-05,870
7809235178465,2024-12-06,884
7809235178465,2024-12-07,882
7809235178465,2024-12-08,882
7809235178465,2024-12-09,879
7809235178465,2024-12-10,879
7809235178465,2024-12-11,884
7809235178465,2024-12-12,884
7809235178465,2024-12-13,881
7809235178465,2024-12-14,881
7809235178465,2024-12-15,875
7809235178465,2024-12-16,884
7809235178465,2024-12-17,879
7809235178465,2024-12-18,879
7809235178465,2024-12-19,873
7809235178465,2024-12-20,873
7809235178465,2024-12-21,863
7809235178465,2024-12-22,863
7809235178465,2024-12-23,884
7809235178465,2024-12-24,876
7809235178465,2024-12-25,873
7809235178465,2024-12-26,871
7809235178465,2024-12-27,864
7809235178465,2024-12-28,864
7809235178465,2024-12-29,884
7809235178465,2024-12-30,875
7809235178465,2024-12-31,870
7809235178465,2025-01-01,870
7809235178465,2025-01-02,869
7809235178465,2025-01-03,869
7809235178465,2025-01-04,884
7809235178465,2025-01-05,884
7809235178465,2025-01-06,879
7809235178465,2025-01-07,879
7809235178465,2025-01-08,876
7809235178465,2025-01-09,870
7809235178465,2025-01-10,884
7809235178465,2025-01-11,884
7809235178465,2025-01-12,876
7809235178465,2025-01-13,876
7809235178465,2025-01-14,871
7809235178465,2025-01-15,871
7809235178465,2025-01-16,884
7809235178465,2025-01-17,880
7809235178465,2025-01-18,880
7809235178465,2025-01-19,871
7809235178465,2025-01-20,871
7809235178465,2025-01-21,884
7809235178465,2025-01-22,884
7809235178465,2025-01-23,878
7809235178465,2025-01-24,878
7809235178465,2025-01-25,874
7809235178465,2025-01-26,874
7809235178465,2025-01-27,884
7809235178465,2025-01-28,882
7809235178465,2025-01-29,881
7809235178465,2025-01-30,881
7809235178465,2025-01-31,875
7809235178465,2025-02-01,874
7809235178465,2025-02-02,872
7809235178465,2025-02-03,872
7809235178465,2025-02-04,884
7809235178465,2025-02-05,884
7809235178465,2025-02-06,880
7809235178465,2025-02-07,872
7809235178465,2025-02-08,864
7809235178465,2025-02-09,859
7809235178465,2025-02-10,854
7809235178465,2025-02-11,854
7809235178465,2025-02-12,847
7809235178465,2025-02-13,884
7809235178465,2025-02-14,882
7809235178465,2025-02-15,882
7809235178465,2025-02-16,879
7809235178465,2025-02-17,879
7809235178465,2025-02-18,874
7809235178465,2025-02-19,870
7809235178465,2025-02-20,884
7809235178465,2025-02-21,877
7809235178465,2025-02-22,877
7809235178465,2025-02-23,868
7809235178465,2025-02-24,868
7809235178465,2025-02-25,868
7809235178465,2025-02-26,868
7809235178465,2025-02-27,884
7809235178465,2025-02-28,877
7809235178465,2025-03-01,877
7809235178465,2025-03-02,875
7809235178465,2025-03-03,875
7809235178465,2025-03-04,868
7809235178465,2025-03-05,863
7809235178465,2025-03-06,863
7809235178465,2025-03-07,884
7809235178465,2025-03-08,879
7809235178465,2025-03-09,875
7809235178465,2025-03-10,867
7809235178465,2025-03-11,867
7809235178465,2025-03-12,859
7809235178465,2025-03-13,859
7809235178465,2025-03-14,849
7809235178465,2025-03-15,846
7809235178465,2025-03-16,884
7809235178465,2025-03-17,883
7809235178465,2025-03-18,883
7809235178465,2025-03-19,877
7809235178465,2025-03-20,877
7809235178465,2025-03-21,884
7809235178465,2025-03-22,884
7809235178465,2025-03-23,876
7809235178465,2025-03-24,876
7809235178465,2025-03-25,870
7809235178465,2025-03-26,869
7809235178465,2025-03-27,861
7809235178465,2025-03-28,853
7809235178465,2025-03-29,847
7809235178465,2025-03-30,884
7809235178465,2025-03-31,884
7809235178465,2025-04-01,879
7809235178465,2025-04-02,879
7809235178465,2025-04-03,878
7809235178465,2025-04-04,884
7809235178465,2025-04-05,876
7809235178465,2025-04-06,876
7809235178465,2025-04-07,876
7809235178465,2025-04-08,876
7809235178465,2025-04-09,869
7809235178465,2025-04-10,869
7809235178465,2025-04-11,884
7809235178465,2025-04-12,875
7809235178465,2025-04-13,868
7809235178465,2025-04-14,860
7809235178465,2025-04-15,852
7809235178465,2025-04-16,852
7809235178465,2025-04-17,851
7809235178465,2025-04-18,884
7809235178465,2025-04-19,882
7809235178465,2025-04-20,876
7809235178465,2025-04-21,873
7809235178465,2025-04-22,868
7809235178465,2025-04-23,859
7809235178465,2025-04-24,853
7809235178465,2025-04-25,848
7809235178465,2025-04-26,842
7809235178465,2025-04-27,884
7809235178465,2025-04-28,882
7809235178465,2025-04-29,882
7809235178465,2025-04-30,879
7809235178465,2025-05-01,873
7809235178465,2025-05-02,862
7809235178465,2025-05-03,850
7809235178465,2025-05-04,850
7809235178465,2025-05-05,850
7809235178465,2025-05-06,884
7809235178465,2025-05-07,881
7809235178465,2025-05-08,881
7809235178465,2025-05-09,870
7809235178465,2025-05-10,870
7809235178465,2025-05-11,870
7809235178465,2025-05-12,884
7809235178465,2025-05-13,878
7809235178465,2025-05-14,878
7809235178465,2025-05-15,870
7809235178465,2025-05-16,870
7809235178465,2025-05-17,864
7809235178465,2025-05-18,864
7809235178465,2025-05-19,860
7809235178465,2025-05-20,884
7809235178465,2025-05-21,882
7809235178465,2025-05-22,877
7809235178465,2025-05-23,875
7809235178465,2025-05-24,875
7809235178465,2025-05-25,869
7809235178465,2025-05-26,869
7809235178465,2025-05-27,865
7809235178465,2025-05-28,884
7809235178465,2025-05-29,882
7809235178465,2025-05-30,877
7809235178465,2025-05-31,869
7809235178465,2025-06-01,869
7809235178465,2025-06-02,863
7809235178465,2025-06-03,859
7809235178465,2025-06-04,855
7809235178465,2025-06-05,884
7809235178465,2025-06-06,878
7809235178465,2025-06-07,877
7809235178465,2025-06-08,877
7809235178465,2025-06-09,870
7809235178465,2025-06-10,870
7809235178465,2025-06-11,884
7809235178465,2025-06-12,872
7809235178465,2025-06-13,870
7809235178465,2025-06-14,870
7809235178465,2025-06-15,861
7809235178465,2025-06-16,858
7809235178465,2025-06-17,884
7809235178465,2025-06-18,884
7809235178465,2025-06-19,884
7809235178465,2025-06-20,881
7809235178465,2025-06-21,881
7809235178465,2025-06-22,879
7809235178465,2025-06-23,884
7809235178465,2025-06-24,880
7809235178465,2025-06-25,880
7809235178465,2025-06-26,880
7809235178465,2025-06-27,880
7809235178465,2025-06-28,874
7809235178465,2025-06-29,874
7809235178465,2025-06-30,884
7809235178465,2025-07-01,884
7809235178465,2025-07-02,880
7809235178465,2025-07-03,875
7809235178465,2025-07-04,875
7809235178465,2025-07-05,884
7809235178465,2025-07-06,884
7809235178465,2025-07-07,878
7809235178465,2025-07-08,871
7809235178465,2025-07-09,871
7809235178465,2025-07-10,871
7809235178465,2025-07-11,884
7809235178465,2025-07-12,881
7809235178465,2025-07-13,881
7809235178465,2025-07-14,872
7809235178465,2025-07-15,872
7809235178465,2025-07-16,868
7809235178465,2025-07-17,868
7809235178465,2025-07-18,884
7809235178465,2025-07-19,874
7809235178465,2025-07-20,874
7809235178465,2025-07-21,866
7809235178465,2025-07-22,855
7809235178465,2025-07-23,849
7809235178465,2025-07-24,884
7809235178465,2025-07-25,876
7809235178465,2025-07-26,868
7809235178465,2025-07-27,859
7809235178465,2025-07-28,859
7809235178465,2025-07-29,854
7809235178465,2025-07-30,852
7809235178465,2025-07-31,852
7809235178465,2025-08-01,884
7809235178465,2025-08-02,884
7809235178465,2025-08-03,875
7809235178465,2025-08-04,870
7809235178465,2025-08-05,867
7809235178465,2025-08-06,884
7809235178465,2025-08-07,879
7809235178465,2025-08-08,879
7809235178465,2025-08-09,872
7809235178465,2025-08-10,872
7809235178465,2025-08-11,884
7809235178465,2025-08-12,884
7809235178465,2025-08-13,879
7809235178465,2025-08-14,879
7809235178465,2025-08-15,874
7809235178465,2025-08-16,874
7809235178465,2025-08-17,870
7809235178465,2025-08-18,884
7809235178465,2025-08-19,879
7809235178465,2025-08-20,879
7809235178465,2025-08-21,869
7809235178465,2025-08-22,867
7809235178465,2025-08-23,867
7809235178465,2025-08-24,864
7809235178465,2025-08-25,864
7809235178465,2025-08-26,857
7809235178465,2025-08-27,884
7809235178465,2025-08-28,883
7809235178465,2025-08-29,883
7809235178465,2025-08-30,880
7809235178465,2025-08-31,877
7809235178465,2025-09-01,871
7809235178465,2025-09-02,871
7809235178465,2025-09-03,860
7809235178465,2025-09-04,884
7809235178465,2025-09-05,875
7809235178465,2025-09-06,875
7809235178465,2025-09-07,872
7809235178465,2025-09-08,864
7809235178465,2025-09-09,884
7809235178465,2025-09-10,876
7809235178465,2025-09-11,876
7809235178465,2025-09-12,867
7809235178465,2025-09-13,863
7809235178465,2025-09-14,863
7809235178465,2025-09-15,854
7809235178465,2025-09-16,854
7809235178465,2025-09-17,853
7809235178465,2025-09-18,884
7809235178465,2025-09-19,884
7809235178465,2025-09-20,877
7809235178465,2025-09-21,871
7809235178465,2025-09-22,871
7809235178465,2025-09-23,884
7809235178465,2025-09-24,884
7809235178465,2025-09-25,882
7809235178465,2025-09-26,880
7809235178465,2025-09-27,880
7809235178465,2025-09-28,879
7809235178465,2025-09-29,879
7809235178465,2025-09-30,884
7809235178465,2025-10-01,884
7809235178465,2025-10-02,875
7809235178465,2025-10-03,872
7809235178465,2025-10-04,871
7809235178465,2025-10-05,871
7809235178465,2025-10-06,865
7809235178465,2025-10-07,865
7809235178465,2025-10-08,884
7809235178465,2025-10-09,883
7809235178465,2025-10-10,874
7809235178465,2025-10-11,874
7809235178465,2025-10-12,870
7809235178465,2025-10-13,864
7809235178465,2025-10-14,884
7809235178465,2025-10-15,881
7809235178465,2025-10-16,874
7809235178465,2025-10-17,868
7809235178465,2025-10-18,868
7809235178465,2025-10-19,860
7809235178465,2025-10-20,852
7809235178465,2025-10-21,847
7809235178465,2025-10-22,884
7809235178465,2025-10-23,876
7809235178465,2025-10-24,871
7809235178465,2025-10-25,868
7809235178465,2025-10-26,868
7809235178465,2025-10-27,864
7809235178465,2025-10-28,857
7809235178465,2025-10-29,857
7809235178465,2025-10-30,884
7809235178465,2025-10-31,878
7809235178465,2025-11-01,878
7809235178465,2025-11-02,871
7809235178465,2025-11-03,871
7809235178465,2025-11-04,884
7809235178465,2025-11-05,882
7809235178465,2025-11-06,879
7809235178465,2025-11-07,874
7809235178465,2025-11-08,874
7809235178465,2025-11-09,871
7809235178465,2025-11-10,871
7809235178465,2025-11-11,862
7809235178465,2025-11-12,884
7809235178465,2025-11-13,884
7809235178465,2025-11-14,877
7809235178465,2025-11-15,877
7809235178465,2025-11-16,875
7809235178465,2025-11-17,863
7809235178465,2025-11-18,863
7809235178465,2025-11-19,884
7809235178465,2025-11-20,884
7809235178465,2025-11-21,872
7809235178465,2025-11-22,872
7809235178465,2025-11-23,862
7809235178465,2025-11-24,862
7809235178465,2025-11-25,858
7809235178465,2025-11-26,884
7809235178465,2025-11-27,878
7809235178465,2025-11-28,876
7809235178465,2025-11-29,874
7809235178465,2025-11-30,871
7809235178465,2025-12-01,871
7809235178465,2025-12-02,864
7809235178465,2025-12-03,884
7809235178465,2025-12-04,880
7809235178465,2025-12-05,880
7809235178465,2025-12-06,876
7809235178465,2025-12-07,876
7809235178465,2025-12-08,884
7809235178465,2025-12-09,882
7809235178465,2025-12-10,882
7809235178465,2025-12-11,881
7809235178465,2025-12-12,880
7809235178465,2025-12-13,880
7809235178465,2025-12-14,874
7809235178465,2025-12-15,884
7809235178465,2025-12-16,871
7809235178465,2025-12-17,864
7809235178465,2025-12-18,858
7809235178465,2025-12-19,858
7809235178465,2025-12-20,857
7809235178465,2025-12-21,853
7809235178465,2025-12-22,853
7809235178465,2025-12-23,849
7809235178465,2025-12-24,884
7809235178465,2025-12-25,878
7809235178465,2025-12-26,872
7809235178465,2025-12-27,870
7809235178465,2025-12-28,864
7809235178465,2025-12-29,864
7809235178465,2025-12-30,856
7809235178465,2025-12-31,856
7809235178465,2026-01-01,884
7809235178465,2026-01-02,884
7809235178465,2026-01-03,874
7809235178465,2026-01-04,864
7809235178465,2026-01-05,864
7809235178465,2026-01-06,884
7809235178465,2026-01-07,876
7809235178465,2026-01-08,876
7809235178465,2026-01-09,872
7809235178465,2026-01-10,872
7809235178465,2026-01-11,866
7809235178465,2026-01-12,866
7809235178465,2026-01-13,860
7809235178465,2026-01-14,855
7809235178465,2026-01-15,884
7809235178465,2026-01-16,883
7809235178465,2026-01-17,881
7809235178465,2026-01-18,881
7809235178465,2026-01-19,877
7809235178465,2026-01-20,877
7809235178465,2026-01-21,884
7809235178465,2026-01-22,876
7809235178465,2026-01-23,876
7809235178465,2026-01-24,875
7809235178465,2026-01-25,867
7809235178465,2026-01-26,867
7809235178465,2026-01-27,884
7809235178465,2026-01-28,881
7809235178465,2026-01-29,881
7809235178465,2026-01-30,876
7809235178465,2026-01-31,876
7809235178465,2026-02-01,870
7809235178465,2026-02-02,884
7809235178465,2026-02-03,883
7809235178465,2026-02-04,880
7809235178465,2026-02-05,880
7809235178465,2026-02-06,874
7809235178465,2026-02-07,874
7809235178465,2026-02-08,872
7809235178465,2026-02-09,884
7809235178465,2026-02-10,884
7809235178465,2026-02-11,877
7809235178465,2026-02-12,877
7809235178465,2026-02-13,875
7809235178465,2026-02-14,871
7809235178465,2026-02-15,868
7809235178465,2026-02-16,884
7809235178465,2026-02-17,877
7809235178465,2026-02-18,877
7809235178465,2026-02-19,868
7809235178465,2026-02-20,868
7809235178465,2026-02-21,884
7809235178465,2026-02-22,884
7809235178465,2026-02-23,881
7809235178465,2026-02-24,881
7809235178465,2026-02-25,879
7809235178465,2026-02-26,877
7809235178465,2026-02-27,884
7809235178465,2026-02-28,884
7809235178465,2026-03-01,879
7809235178465,2026-03-02,869
7809235178465,2026-03-03,869
7809235178465,2026-03-04,869
7809235178465,2026-03-05,863
7809235178465,2026-03-06,863
7809235178465,2026-03-07,884
7809235178465,2026-03-08,884
7809235178465,2026-03-09,884
7809235178465,2026-03-10,884
7809235178465,2026-03-11,876
7809235178465,2026-03-12,870
7809235178465,2026-03-13,865
7809235178465,2026-03-14,865
7809235178465,2026-03-15,884
7809235178465,2026-03-16,884
7809235178465,2026-03-17,879
7809235178465,2026-03-18,879
7809235178465,2026-03-19,879
7809235178465,2026-03-20,879
7809235178465,2026-03-21,884
7809235178465,2026-03-22,875
7809235178465,2026-03-23,875
7809235178465,2026-03-24,867
7809235178465,2026-03-25,862
7809235178465,2026-03-26,860
7809235178465,2026-03-27,860
7809235178465,2026-03-28,850
7809235178465,2026-03-29,842
7809235178465,2026-03-30,884
7809235178465,2026-03-31,882
7809235178465,2026-04-01,876
7809235178465,2026-04-02,876
7809235178465,2026-04-03,870
7809235178465,2026-04-04,884
7809235178465,2026-04-05,881
7809235178465,2026-04-06,881
7809235178465,2026-04-07,881
7809235178465,2026-04-08,880
7809235178465,2026-04-09,879
7809235178465,2026-04-10,877
7809235178465,2026-04-11,874
7809235178465,2026-04-12,874
7809235178465,2026-04-13,884
7809235178465,2026-04-14,884
7809235178465,2026-04-15,879
7809235178465,2026-04-16,871
7809235178465,2026-04-17,871
7809235178465,2026-04-18,862
7809235178465,2026-04-19,851
7809235178465,2026-04-20,846
7809235178465,2026-04-21,841
7809235178465,2026-04-22,884
7809235178465,2026-04-23,884
7809235178465,2026-04-24,876
7809235178465,2026-04-25,876
7809235178465,2026-04-26,868
7809235178465,2026-04-27,868
7809235178465,2026-04-28,867
7809235178465,2026-04-29,861
7809235178465,2026-04-30,884
7809235178465,2026-05-01,879
7809235178465,2026-05-02,879
7809235178465,2026-05-03,879
7809235178465,2026-05-04,879
7809235178465,2026-05-05,871
7809235178465,2026-05-06,867
7809235178465,2026-05-07,862
7809235178465,2026-05-08,862
7809235178465,2026-05-09,884
7809235178465,2026-05-10,884
7809235178465,2026-05-11,874
7809235178465,2026-05-12,874
7809235178465,2026-05-13,870
7809235178465,2026-05-14,870
7809235178465,2026-05-15,859
7809235178465,2026-05-16,857
7809235178465,2026-05-17,857
7809235178465,2026-05-18,884
7809235178465,2026-05-19,875
7809235178465,2026-05-20,875
7809235178465,2026-05-21,867
7809235178465,2026-05-22,858
7809235178465,2026-05-23,884
7809235178465,2026-05-24,875
7809235178465,2026-05-25,867
7809235178465,2026-05-26,862
7809235178465,2026-05-27,862
7809235178465,2026-05-28,853
7809235178465,2026-05-29,853
7809235178465,2026-05-30,842
7809235178465,2026-05-31,884
7809235178465,2026-06-01,884
7809235178465,2026-06-02,881
7809235178465,2026-06-03,878
7809235178465,2026-06-04,871
7809235178465,2026-06-05,871
7809235178465,2026-06-06,884
7809235178465,2026-06-07,883
7809235178465,2026-06-08,883
7809235178465,2026-06-09,874
7809235178465,2026-06-10,874
7809235178465,2026-06-11,867
7809235178465,2026-06-12,884
7809235178465,2026-06-13,879
7809235178465,2026-06-14,876
7809235178465,2026-06-15,871
7809235178465,2026-06-16,864
7809235178465,2026-06-17,864
7809235178465,2026-06-18,857
7809235178465,2026-06-19,856
7809235178465,2026-06-20,884
7809235178465,2026-06-21,879
7809235178465,2026-06-22,874
7809235178465,2026-06-23,874
7809235178465,2026-06-24,870
7809235178465,2026-06-25,884
7809235178465,2026-06-26,884
7809235178465,2026-06-27,881
7809235178465,2026-06-28,881
7809235178465,2026-06-29,875
7809235178465,2026-06-30,875
7809235178465,2026-07-01,869
7801748632954,2024-01-01,534
7801748632954,2024-01-02,534
7801748632954,2024-01-03,528
7801748632954,2024-01-04,520
7801748632954,2024-01-05,520
7801748632954,2024-01-06,519
7801748632954,2024-01-07,516
7801748632954,2024-01-08,516
7801748632954,2024-01-09,512
7801748632954,2024-01-10,512
7801748632954,2024-01-11,510
7801748632954,2024-01-12,509
7801748632954,2024-01-13,509
7801748632954,2024-01-14,506
7801748632954,2024-01-15,500
7801748632954,2024-01-16,494
7801748632954,2024-01-17,494
7801748632954,2024-01-18,490
7801748632954,2024-01-19,490
7801748632954,2024-01-20,487
7801748632954,2024-01-21,487
7801748632954,2024-01-22,483
7801748632954,2024-01-23,478
7801748632954,2024-01-24,473
7801748632954,2024-01-25,462
7801748632954,2024-01-26,462
7801748632954,2024-01-27,460
7801748632954,2024-01-28,460
7801748632954,2024-01-29,455
7801748632954,2024-01-30,455
7801748632954,2024-01-31,453
7801748632954,2024-02-01,450
7801748632954,2024-02-02,448
7801748632954,2024-02-03,448
7801748632954,2024-02-04,442
7801748632954,2024-02-05,436
7801748632954,2024-02-06,433
7801748632954,2024-02-07,424
7801748632954,2024-02-08,424
7801748632954,2024-02-09,421
7801748632954,2024-02-10,421
7801748632954,2024-02-11,416
7801748632954,2024-02-12,404
7801748632954,2024-02-13,404
7801748632954,2024-02-14,422
7801748632954,2024-02-15,418
7801748632954,2024-02-16,414
7801748632954,2024-02-17,414
7801748632954,2024-02-18,414
7801748632954,2024-02-19,422
7801748632954,2024-02-20,422
7801748632954,2024-02-21,418
7801748632954,2024-02-22,418
7801748632954,2024-02-23,409
7801748632954,2024-02-24,409
7801748632954,2024-02-25,422
7801748632954,2024-02-26,419
7801748632954,2024-02-27,411
7801748632954,2024-02-28,411
7801748632954,2024-02-29,407
7801748632954,2024-03-01,422
7801748632954,2024-03-02,422
7801748632954,2024-03-03,418
7801748632954,2024-03-04,413
7801748632954,2024-03-05,413
7801748632954,2024-03-06,405
7801748632954,2024-03-07,396
7801748632954,2024-03-08,391
7801748632954,2024-03-09,422
7801748632954,2024-03-10,420
7801748632954,2024-03-11,414
7801748632954,2024-03-12,404
7801748632954,2024-03-13,404
7801748632954,2024-03-14,422
7801748632954,2024-03-15,417
7801748632954,2024-03-16,417
7801748632954,2024-03-17,405
7801748632954,2024-03-18,405
7801748632954,2024-03-19,398
7801748632954,2024-03-20,396
7801748632954,2024-03-21,422
7801748632954,2024-03-22,412
7801748632954,2024-03-23,403
7801748632954,2024-03-24,403
7801748632954,2024-03-25,402
7801748632954,2024-03-26,402
7801748632954,2024-03-27,394
7801748632954,2024-03-28,394
7801748632954,2024-03-29,422
7801748632954,2024-03-30,419
7801748632954,2024-03-31,415
7801748632954,2024-04-01,415
7801748632954,2024-04-02,415
7801748632954,2024-04-03,404
7801748632954,2024-04-04,395
7801748632954,2024-04-05,422
7801748632954,2024-04-06,420
7801748632954,2024-04-07,410
7801748632954,2024-04-08,410
7801748632954,2024-04-09,401
7801748632954,2024-04-10,401
7801748632954,2024-04-11,396
7801748632954,2024-04-12,389
7801748632954,2024-04-13,389
7801748632954,2024-04-14,422
7801748632954,2024-04-15,422
7801748632954,2024-04-16,415
7801748632954,2024-04-17,415
7801748632954,2024-04-18,410
7801748632954,2024-04-19,422
7801748632954,2024-04-20,422
7801748632954,2024-04-21,416
7801748632954,2024-04-22,416
7801748632954,2024-04-23,410
7801748632954,2024-04-24,405
7801748632954,2024-04-25,402
7801748632954,2024-04-26,422
7801748632954,2024-04-27,422
7801748632954,2024-04-28,417
7801748632954,2024-04-29,417
7801748632954,2024-04-30,410
7801748632954,2024-05-01,410
7801748632954,2024-05-02,422
7801748632954,2024-05-03,422
7801748632954,2024-05-04,422
7801748632954,2024-05-05,422
7801748632954,2024-05-06,416
7801748632954,2024-05-07,404
7801748632954,2024-05-08,398
7801748632954,2024-05-09,398
7801748632954,2024-05-10,422
7801748632954,2024-05-11,422
7801748632954,2024-05-12,415
7801748632954,2024-05-13,408
7801748632954,2024-05-14,408
7801748632954,2024-05-15,404
7801748632954,2024-05-16,397
7801748632954,2024-05-17,389
7801748632954,2024-05-18,422
7801748632954,2024-05-19,414
7801748632954,2024-05-20,414
7801748632954,2024-05-21,405
7801748632954,2024-05-22,405
7801748632954,2024-05-23,404
7801748632954,2024-05-24,404
7801748632954,2024-05-25,422
7801748632954,2024-05-26,411
7801748632954,2024-05-27,408
7801748632954,2024-05-28,408
7801748632954,2024-05-29,402
7801748632954,2024-05-30,422
7801748632954,2024-05-31,417
7801748632954,2024-06-01,411
7801748632954,2024-06-02,409
7801748632954,2024-06-03,409
7801748632954,2024-06-04,403
7801748632954,2024-06-05,422
7801748632954,2024-06-06,417
7801748632954,2024-06-07,417
7801748632954,2024-06-08,413
7801748632954,2024-06-09,405
7801748632954,2024-06-10,399
7801748632954,2024-06-11,399
7801748632954,2024-06-12,393
7801748632954,2024-06-13,422
7801748632954,2024-06-14,422
7801748632954,2024-06-15,416
7801748632954,2024-06-16,409
7801748632954,2024-06-17,409
7801748632954,2024-06-18,405
7801748632954,2024-06-19,394
7801748632954,2024-06-20,391
7801748632954,2024-06-21,422
7801748632954,2024-06-22,420
7801748632954,2024-06-23,415
7801748632954,2024-06-24,408
7801748632954,2024-06-25,407
7801748632954,2024-06-26,422
7801748632954,2024-06-27,422
7801748632954,2024-06-28,422
7801748632954,2024-06-29,422
7801748632954,2024-06-30,416
7801748632954,2024-07-01,416
7801748632954,2024-07-02,412
7801748632954,2024-07-03,422
7801748632954,2024-07-04,416
7801748632954,2024-07-05,406
7801748632954,2024-07-06,406
7801748632954,2024-07-07,400
7801748632954,2024-07-08,394
7801748632954,2024-07-09,394
7801748632954,2024-07-10,392
7801748632954,2024-07-11,386
7801748632954,2024-07-12,422
7801748632954,2024-07-13,422
7801748632954,2024-07-14,414
7801748632954,2024-07-15,414
7801748632954,2024-07-16,414
7801748632954,2024-07-17,414
7801748632954,2024-07-18,413
7801748632954,2024-07-19,413
7801748632954,2024-07-20,399
7801748632954,2024-07-21,422
7801748632954,2024-07-22,422
7801748632954,2024-07-23,422
7801748632954,2024-07-24,420
7801748632954,2024-07-25,416
7801748632954,2024-07-26,414
7801748632954,2024-07-27,422
7801748632954,2024-07-28,422
7801748632954,2024-07-29,422
7801748632954,2024-07-30,422
7801748632954,2024-07-31,417
7801748632954,2024-08-01,411
7801748632954,2024-08-02,406
7801748632954,2024-08-03,406
7801748632954,2024-08-04,401
7801748632954,2024-08-05,422
7801748632954,2024-08-06,413
7801748632954,2024-08-07,403
7801748632954,2024-08-08,403
7801748632954,2024-08-09,401
7801748632954,2024-08-10,392
7801748632954,2024-08-11,386
7801748632954,2024-08-12,422
7801748632954,2024-08-13,422
7801748632954,2024-08-14,422
7801748632954,2024-08-15,419
7801748632954,2024-08-16,419
7801748632954,2024-08-17,415
7801748632954,2024-08-18,405
7801748632954,2024-08-19,422
7801748632954,2024-08-20,418
7801748632954,2024-08-21,418
7801748632954,2024-08-22,409
7801748632954,2024-08-23,409
7801748632954,2024-08-24,397
7801748632954,2024-08-25,395
7801748632954,2024-08-26,395
7801748632954,2024-08-27,422
7801748632954,2024-08-28,422
7801748632954,2024-08-29,414
7801748632954,2024-08-30,414
7801748632954,2024-08-31,406
7801748632954,2024-09-01,400
7801748632954,2024-09-02,393
7801748632954,2024-09-03,422
7801748632954,2024-09-04,418
7801748632954,2024-09-05,418
7801748632954,2024-09-06,411
7801748632954,2024-09-07,406
7801748632954,2024-09-08,406
7801748632954,2024-09-09,422
7801748632954,2024-09-10,416
7801748632954,2024-09-11,416
7801748632954,2024-09-12,411
7801748632954,2024-09-13,405
7801748632954,2024-09-14,422
7801748632954,2024-09-15,414
7801748632954,2024-09-16,414
7801748632954,2024-09-17,407
7801748632954,2024-09-18,407
7801748632954,2024-09-19,404
7801748632954,2024-09-20,396
7801748632954,2024-09-21,396
7801748632954,2024-09-22,422
7801748632954,2024-09-23,415
7801748632954,2024-09-24,413
7801748632954,2024-09-25,401
7801748632954,2024-09-26,401
7801748632954,2024-09-27,395
7801748632954,2024-09-28,387
7801748632954,2024-09-29,422
7801748632954,2024-09-30,422
7801748632954,2024-10-01,410
7801748632954,2024-10-02,410
7801748632954,2024-10-03,403
7801748632954,2024-10-04,422
7801748632954,2024-10-05,418
7801748632954,2024-10-06,411
7801748632954,2024-10-07,405
7801748632954,2024-10-08,405
7801748632954,2024-10-09,402
7801748632954,2024-10-10,422
7801748632954,2024-10-11,422
7801748632954,2024-10-12,422
7801748632954,2024-10-13,417
7801748632954,2024-10-14,417
7801748632954,2024-10-15,411
7801748632954,2024-10-16,406
7801748632954,2024-10-17,422
7801748632954,2024-10-18,422
7801748632954,2024-10-19,418
7801748632954,2024-10-20,413
7801748632954,2024-10-21,413
7801748632954,2024-10-22,413
7801748632954,2024-10-23,413
7801748632954,2024-10-24,409
7801748632954,2024-10-25,409
7801748632954,2024-10-26,422
7801748632954,2024-10-27,422
7801748632954,2024-10-28,419
7801748632954,2024-10-29,419
7801748632954,2024-10-30,416
7801748632954,2024-10-31,422
7801748632954,2024-11-01,417
7801748632954,2024-11-02,417
7801748632954,2024-11-03,411
7801748632954,2024-11-04,411
7801748632954,2024-11-05,406
7801748632954,2024-11-06,395
7801748632954,2024-11-07,422
7801748632954,2024-11-08,421
7801748632954,2024-11-09,421
7801748632954,2024-11-10,412
7801748632954,2024-11-11,408
7801748632954,2024-11-12,408
7801748632954,2024-11-13,402
7801748632954,2024-11-14,422
7801748632954,2024-11-15,420
7801748632954,2024-11-16,416
7801748632954,2024-11-17,411
7801748632954,2024-11-18,402
7801748632954,2024-11-19,394
7801748632954,2024-11-20,384
7801748632954,2024-11-21,380
7801748632954,2024-11-22,380
7801748632954,2024-11-23,422
7801748632954,2024-11-24,413
7801748632954,2024-11-25,407
7801748632954,2024-11-26,404
7801748632954,2024-11-27,401
7801748632954,2024-11-28,401
7801748632954,2024-11-29,422
7801748632954,2024-11-30,422
7801748632954,2024-12-01,422
7801748632954,2024-12-02,422
7801748632954,2024-12-03,415
7801748632954,2024-12-04,411
7801748632954,2024-12-05,405
7801748632954,2024-12-06,401
7801748632954,2024-12-07,401
7801748632954,2024-12-08,422
7801748632954,2024-12-09,422
7801748632954,2024-12-10,417
7801748632954,2024-12-11,417
7801748632954,2024-12-12,408
7801748632954,2024-12-13,402
7801748632954,2024-12-14,402
7801748632954,2024-12-15,394
7801748632954,2024-12-16,422
7801748632954,2024-12-17,413
7801748632954,2024-12-18,413
7801748632954,2024-12-19,402
7801748632954,2024-12-20,400
7801748632954,2024-12-21,422
7801748632954,2024-12-22,419
7801748632954,2024-12-23,409
7801748632954,2024-12-24,399
7801748632954,2024-12-25,399
7801748632954,2024-12-26,388
7801748632954,2024-12-27,388
7801748632954,2024-12-28,422
7801748632954,2024-12-29,414
7801748632954,2024-12-30,414
7801748632954,2024-12-31,408
7801748632954,2025-01-01,408
7801748632954,2025-01-02,398
7801748632954,2025-01-03,422
7801748632954,2025-01-04,419
7801748632954,2025-01-05,419
7801748632954,2025-01-06,414
7801748632954,2025-01-07,414
7801748632954,2025-01-08,422
7801748632954,2025-01-09,413
7801748632954,2025-01-10,407
7801748632954,2025-01-11,403
7801748632954,2025-01-12,397
7801748632954,2025-01-13,397
7801748632954,2025-01-14,422
7801748632954,2025-01-15,419
7801748632954,2025-01-16,419
7801748632954,2025-01-17,412
7801748632954,2025-01-18,408
7801748632954,2025-01-19,408
7801748632954,2025-01-20,405
7801748632954,2025-01-21,422
7801748632954,2025-01-22,414
7801748632954,2025-01-23,414
7801748632954,2025-01-24,410
7801748632954,2025-01-25,410
7801748632954,2025-01-26,402
7801748632954,2025-01-27,422
7801748632954,2025-01-28,422
7801748632954,2025-01-29,418
7801748632954,2025-01-30,412
7801748632954,2025-01-31,410
7801748632954,2025-02-01,422
7801748632954,2025-02-02,421
7801748632954,2025-02-03,411
7801748632954,2025-02-04,411
7801748632954,2025-02-05,411
7801748632954,2025-02-06,402
7801748632954,2025-02-07,399
7801748632954,2025-02-08,394
7801748632954,2025-02-09,422
7801748632954,2025-02-10,412
7801748632954,2025-02-11,412
7801748632954,2025-02-12,402
7801748632954,2025-02-13,402
7801748632954,2025-02-14,401
7801748632954,2025-02-15,401
7801748632954,2025-02-16,422
7801748632954,2025-02-17,422
7801748632954,2025-02-18,415
7801748632954,2025-02-19,398
7801748632954,2025-02-20,398
7801748632954,2025-02-21,392
7801748632954,2025-02-22,392
7801748632954,2025-02-23,387
7801748632954,2025-02-24,381
7801748632954,2025-02-25,422
7801748632954,2025-02-26,421
7801748632954,2025-02-27,421
7801748632954,2025-02-28,421
7801748632954,2025-03-01,421
7801748632954,2025-03-02,415
7801748632954,2025-03-03,407
7801748632954,2025-03-04,422
7801748632954,2025-03-05,422
7801748632954,2025-03-06,422
7801748632954,2025-03-07,418
7801748632954,2025-03-08,418
7801748632954,2025-03-09,417
7801748632954,2025-03-10,417
7801748632954,2025-03-11,422
7801748632954,2025-03-12,419
7801748632954,2025-03-13,417
7801748632954,2025-03-14,417
7801748632954,2025-03-15,408
7801748632954,2025-03-16,408
7801748632954,2025-03-17,408
7801748632954,2025-03-18,403
7801748632954,2025-03-19,403
7801748632954,2025-03-20,422
7801748632954,2025-03-21,422
7801748632954,2025-03-22,416
7801748632954,2025-03-23,405
7801748632954,2025-03-24,402
7801748632954,2025-03-25,400
7801748632954,2025-03-26,400
7801748632954,2025-03-27,391
7801748632954,2025-03-28,391
7801748632954,2025-03-29,422
7801748632954,2025-03-30,422
7801748632954,2025-03-31,420
7801748632954,2025-04-01,420
7801748632954,2025-04-02,416
7801748632954,2025-04-03,411
7801748632954,2025-04-04,408
7801748632954,2025-04-05,403
7801748632954,2025-04-06,403
7801748632954,2025-04-07,422
7801748632954,2025-04-08,418
7801748632954,2025-04-09,418
7801748632954,2025-04-10,418
7801748632954,2025-04-11,406
7801748632954,2025-04-12,403
7801748632954,2025-04-13,422
7801748632954,2025-04-14,422
7801748632954,2025-04-15,418
7801748632954,2025-04-16,414
7801748632954,2025-04-17,411
7801748632954,2025-04-18,405
7801748632954,2025-04-19,405
7801748632954,2025-04-20,422
7801748632954,2025-04-21,420
7801748632954,2025-04-22,420
7801748632954,2025-04-23,414
7801748632954,2025-04-24,414
7801748632954,2025-04-25,410
7801748632954,2025-04-26,404
7801748632954,2025-04-27,404
7801748632954,2025-04-28,393
7801748632954,2025-04-29,422
7801748632954,2025-04-30,419
7801748632954,2025-05-01,419
7801748632954,2025-05-02,416
7801748632954,2025-05-03,416
7801748632954,2025-05-04,422
7801748632954,2025-05-05,422
7801748632954,2025-05-06,415
7801748632954,2025-05-07,409
7801748632954,2025-05-08,409
7801748632954,2025-05-09,406
7801748632954,2025-05-10,422
7801748632954,2025-05-11,419
7801748632954,2025-05-12,416
7801748632954,2025-05-13,416
7801748632954,2025-05-14,408
7801748632954,2025-05-15,403
7801748632954,2025-05-16,392
7801748632954,2025-05-17,392
7801748632954,2025-05-18,389
7801748632954,2025-05-19,422
7801748632954,2025-05-20,412
7801748632954,2025-05-21,409
7801748632954,2025-05-22,409
7801748632954,2025-05-23,405
7801748632954,2025-05-24,403
7801748632954,2025-05-25,422
7801748632954,2025-05-26,417
7801748632954,2025-05-27,412
7801748632954,2025-05-28,412
7801748632954,2025-05-29,408
7801748632954,2025-05-30,422
7801748632954,2025-05-31,416
7801748632954,2025-06-01,410
7801748632954,2025-06-02,401
7801748632954,2025-06-03,401
7801748632954,2025-06-04,397
7801748632954,2025-06-05,397
7801748632954,2025-06-06,391
7801748632954,2025-06-07,422
7801748632954,2025-06-08,414
7801748632954,2025-06-09,408
7801748632954,2025-06-10,406
7801748632954,2025-06-11,406
7801748632954,2025-06-12,397
7801748632954,2025-06-13,397
7801748632954,2025-06-14,422
7801748632954,2025-06-15,422
7801748632954,2025-06-16,415
7801748632954,2025-06-17,407
7801748632954,2025-06-18,407
7801748632954,2025-06-19,402
7801748632954,2025-06-20,397
7801748632954,2025-06-21,422
7801748632954,2025-06-22,421
7801748632954,2025-06-23,416
7801748632954,2025-06-24,416
7801748632954,2025-06-25,412
7801748632954,2025-06-26,422
7801748632954,2025-06-27,422
7801748632954,2025-06-28,415
7801748632954,2025-06-29,408
7801748632954,2025-06-30,402
7801748632954,2025-07-01,402
7801748632954,2025-07-02,400
7801748632954,2025-07-03,400
7801748632954,2025-07-04,422
7801748632954,2025-07-05,413
7801748632954,2025-07-06,413
7801748632954,2025-07-07,409
7801748632954,2025-07-08,409
7801748632954,2025-07-09,422
7801748632954,2025-07-10,422
7801748632954,2025-07-11,418
7801748632954,2025-07-12,418
7801748632954,2025-07-13,408
7801748632954,2025-07-14,408
7801748632954,2025-07-15,402
7801748632954,2025-07-16,402
7801748632954,2025-07-17,394
7801748632954,2025-07-18,422
7801748632954,2025-07-19,418
7801748632954,2025-07-20,418
7801748632954,2025-07-21,416
7801748632954,2025-07-22,407
7801748632954,2025-07-23,399
7801748632954,2025-07-24,389
7801748632954,2025-07-25,389
7801748632954,2025-07-26,422
7801748632954,2025-07-27,422
7801748632954,2025-07-28,421
7801748632954,2025-07-29,419
7801748632954,2025-07-30,417
7801748632954,2025-07-31,417
7801748632954,2025-08-01,422
7801748632954,2025-08-02,422
7801748632954,2025-08-03,413
7801748632954,2025-08-04,406
7801748632954,2025-08-05,397
7801748632954,2025-08-06,422
7801748632954,2025-08-07,418
7801748632954,2025-08-08,417
7801748632954,2025-08-09,417
7801748632954,2025-08-10,410
7801748632954,2025-08-11,410
7801748632954,2025-08-12,407
7801748632954,2025-08-13,406
7801748632954,2025-08-14,394
7801748632954,2025-08-15,422
7801748632954,2025-08-16,416
7801748632954,2025-08-17,408
7801748632954,2025-08-18,401
7801748632954,2025-08-19,401
7801748632954,2025-08-20,395
7801748632954,2025-08-21,390
7801748632954,2025-08-22,390
7801748632954,2025-08-23,422
7801748632954,2025-08-24,422
7801748632954,2025-08-25,416
7801748632954,2025-08-26,416
7801748632954,2025-08-27,408
7801748632954,2025-08-28,408
7801748632954,2025-08-29,401
7801748632954,2025-08-30,391
7801748632954,2025-08-31,422
7801748632954,2025-09-01,420
7801748632954,2025-09-02,413
7801748632954,2025-09-03,406
7801748632954,2025-09-04,406
7801748632954,2025-09-05,406
7801748632954,2025-09-06,403
7801748632954,2025-09-07,403
7801748632954,2025-09-08,422
7801748632954,2025-09-09,422
7801748632954,2025-09-10,415
7801748632954,2025-09-11,415
7801748632954,2025-09-12,415
7801748632954,2025-09-13,422
7801748632954,2025-09-14,417
7801748632954,2025-09-15,413
7801748632954,2025-09-16,411
7801748632954,2025-09-17,411
7801748632954,2025-09-18,401
7801748632954,2025-09-19,401
7801748632954,2025-09-20,422
7801748632954,2025-09-21,418
7801748632954,2025-09-22,411
7801748632954,2025-09-23,411
7801748632954,2025-09-24,410
7801748632954,2025-09-25,405
7801748632954,2025-09-26,398
7801748632954,2025-09-27,398
7801748632954,2025-09-28,422
7801748632954,2025-09-29,412
7801748632954,2025-09-30,407
7801748632954,2025-10-01,403
7801748632954,2025-10-02,403
7801748632954,2025-10-03,402
7801748632954,2025-10-04,396
7801748632954,2025-10-05,422
7801748632954,2025-10-06,418
7801748632954,2025-10-07,418
7801748632954,2025-10-08,413
7801748632954,2025-10-09,413
7801748632954,2025-10-10,422
7801748632954,2025-10-11,419
7801748632954,2025-10-12,414
7801748632954,2025-10-13,414
7801748632954,2025-10-14,411
7801748632954,2025-10-15,411
7801748632954,2025-10-16,409
7801748632954,2025-10-17,404
7801748632954,2025-10-18,404
7801748632954,2025-10-19,422
7801748632954,2025-10-20,422
7801748632954,2025-10-21,415
7801748632954,2025-10-22,407
7801748632954,2025-10-23,407
7801748632954,2025-10-24,399
7801748632954,2025-10-25,399
7801748632954,2025-10-26,396
7801748632954,2025-10-27,422
7801748632954,2025-10-28,419
7801748632954,2025-10-29,419
7801748632954,2025-10-30,416
7801748632954,2025-10-31,407
7801748632954,2025-11-01,403
7801748632954,2025-11-02,422
7801748632954,2025-11-03,417
7801748632954,2025-11-04,417
7801748632954,2025-11-05,416
7801748632954,2025-11-06,416
7801748632954,2025-11-07,422
7801748632954,2025-11-08,419
7801748632954,2025-11-09,412
7801748632954,2025-11-10,407
7801748632954,2025-11-11,403
7801748632954,2025-11-12,403
7801748632954,2025-11-13,393
7801748632954,2025-11-14,393
7801748632954,2025-11-15,387
7801748632954,2025-11-16,422
7801748632954,2025-11-17,416
7801748632954,2025-11-18,413
7801748632954,2025-11-19,405
7801748632954,2025-11-20,405
7801748632954,2025-11-21,400
7801748632954,2025-11-22,422
7801748632954,2025-11-23,412
7801748632954,2025-11-24,412
7801748632954,2025-11-25,412
7801748632954,2025-11-26,412
7801748632954,2025-11-27,422
7801748632954,2025-11-28,417
7801748632954,2025-11-29,417
7801748632954,2025-11-30,414
7801748632954,2025-12-01,405
7801748632954,2025-12-02,422
7801748632954,2025-12-03,419
7801748632954,2025-12-04,413
7801748632954,2025-12-05,413
7801748632954,2025-12-06,413
7801748632954,2025-12-07,413
7801748632954,2025-12-08,406
7801748632954,2025-12-09,397
7801748632954,2025-12-10,392
7801748632954,2025-12-11,422
7801748632954,2025-12-12,422
7801748632954,2025-12-13,418
7801748632954,2025-12-14,418
7801748632954,2025-12-15,414
7801748632954,2025-12-16,411
7801748632954,2025-12-17,402
7801748632954,2025-12-18,422
7801748632954,2025-12-19,415
7801748632954,2025-12-20,415
7801748632954,2025-12-21,414
7801748632954,2025-12-22,414
7801748632954,2025-12-23,409
7801748632954,2025-12-24,403
7801748632954,2025-12-25,401
7801748632954,2025-12-26,401
7801748632954,2025-12-27,422
7801748632954,2025-12-28,422
7801748632954,2025-12-29,418
7801748632954,2025-12-30,413
7801748632954,2025-12-31,409
7801748632954,2026-01-01,409
7801748632954,2026-01-02,406
7801748632954,2026-01-03,397
7801748632954,2026-01-04,397
7801748632954,2026-01-05,422
7801748632954,2026-01-06,419
7801748632954,2026-01-07,417
7801748632954,2026-01-08,413
7801748632954,2026-01-09,410
7801748632954,2026-01-10,422
7801748632954,2026-01-11,419
7801748632954,2026-01-12,419
7801748632954,2026-01-13,415
7801748632954,2026-01-14,415
7801748632954,2026-01-15,413
7801748632954,2026-01-16,408
7801748632954,2026-01-17,422
7801748632954,2026-01-18,416
7801748632954,2026-01-19,410
7801748632954,2026-01-20,404
7801748632954,2026-01-21,395
7801748632954,2026-01-22,395
7801748632954,2026-01-23,389
7801748632954,2026-01-24,389
7801748632954,2026-01-25,386
7801748632954,2026-01-26,422
7801748632954,2026-01-27,422
7801748632954,2026-01-28,419
7801748632954,2026-01-29,413
7801748632954,2026-01-30,413
7801748632954,2026-01-31,407
7801748632954,2026-02-01,404
7801748632954,2026-02-02,422
7801748632954,2026-02-03,418
7801748632954,2026-02-04,418
7801748632954,2026-02-05,416
7801748632954,2026-02-06,416
7801748632954,2026-02-07,410
7801748632954,2026-02-08,406
7801748632954,2026-02-09,400
7801748632954,2026-02-10,422
7801748632954,2026-02-11,421
7801748632954,2026-02-12,417
7801748632954,2026-02-13,408
7801748632954,2026-02-14,408
7801748632954,2026-02-15,403
7801748632954,2026-02-16,403
7801748632954,2026-02-17,422
7801748632954,2026-02-18,416
7801748632954,2026-02-19,416
7801748632954,2026-02-20,409
7801748632954,2026-02-21,409
7801748632954,2026-02-22,402
7801748632954,2026-02-23,402
7801748632954,2026-02-24,397
7801748632954,2026-02-25,422
7801748632954,2026-02-26,418
7801748632954,2026-02-27,416
7801748632954,2026-02-28,412
7801748632954,2026-03-01,412
7801748632954,2026-03-02,422
7801748632954,2026-03-03,422
7801748632954,2026-03-04,412
7801748632954,2026-03-05,412
7801748632954,2026-03-06,402
7801748632954,2026-03-07,400
7801748632954,2026-03-08,422
7801748632954,2026-03-09,422
7801748632954,2026-03-10,413
7801748632954,2026-03-11,406
7801748632954,2026-03-12,396
7801748632954,2026-03-13,396
7801748632954,2026-03-14,422
7801748632954,2026-03-15,418
7801748632954,2026-03-16,412
7801748632954,2026-03-17,412
7801748632954,2026-03-18,403
7801748632954,2026-03-19,403
7801748632954,2026-03-20,395
7801748632954,2026-03-21,422
7801748632954,2026-03-22,422
7801748632954,2026-03-23,415
7801748632954,2026-03-24,415
7801748632954,2026-03-25,409
7801748632954,2026-03-26,409
7801748632954,2026-03-27,406
7801748632954,2026-03-28,397
7801748632954,2026-03-29,397
7801748632954,2026-03-30,422
7801748632954,2026-03-31,422
7801748632954,2026-04-01,422
7801748632954,2026-04-02,417
7801748632954,2026-04-03,417
7801748632954,2026-04-04,422
7801748632954,2026-04-05,422
7801748632954,2026-04-06,414
7801748632954,2026-04-07,414
7801748632954,2026-04-08,405
7801748632954,2026-04-09,405
7801748632954,2026-04-10,405
7801748632954,2026-04-11,422
7801748632954,2026-04-12,415
7801748632954,2026-04-13,408
7801748632954,2026-04-14,408
7801748632954,2026-04-15,399
7801748632954,2026-04-16,392
7801748632954,2026-04-17,388
7801748632954,2026-04-18,378
7801748632954,2026-04-19,377
7801748632954,2026-04-20,422
7801748632954,2026-04-21,417
7801748632954,2026-04-22,417
7801748632954,2026-04-23,411
7801748632954,2026-04-24,411
7801748632954,2026-04-25,407
7801748632954,2026-04-26,407
7801748632954,2026-04-27,403
7801748632954,2026-04-28,395
7801748632954,2026-04-29,422
7801748632954,2026-04-30,420
7801748632954,2026-05-01,420
7801748632954,2026-05-02,416
7801748632954,2026-05-03,416
7801748632954,2026-05-04,411
7801748632954,2026-05-05,422
7801748632954,2026-05-06,422
7801748632954,2026-05-07,419
7801748632954,2026-05-08,413
7801748632954,2026-05-09,413
7801748632954,2026-05-10,407
7801748632954,2026-05-11,407
7801748632954,2026-05-12,402
7801748632954,2026-05-13,394
7801748632954,2026-05-14,422
7801748632954,2026-05-15,415
7801748632954,2026-05-16,415
7801748632954,2026-05-17,412
7801748632954,2026-05-18,412
7801748632954,2026-05-19,406
7801748632954,2026-05-20,406
7801748632954,2026-05-21,402
7801748632954,2026-05-22,398
7801748632954,2026-05-23,422
7801748632954,2026-05-24,420
7801748632954,2026-05-25,417
7801748632954,2026-05-26,410
7801748632954,2026-05-27,410
7801748632954,2026-05-28,410
7801748632954,2026-05-29,410
7801748632954,2026-05-30,422
7801748632954,2026-05-31,422
7801748632954,2026-06-01,420
7801748632954,2026-06-02,415
7801748632954,2026-06-03,412
7801748632954,2026-06-04,412
7801748632954,2026-06-05,406
7801748632954,2026-06-06,422
7801748632954,2026-06-07,416
7801748632954,2026-06-08,416
7801748632954,2026-06-09,409
7801748632954,2026-06-10,409
7801748632954,2026-06-11,408
7801748632954,2026-06-12,422
7801748632954,2026-06-13,417
7801748632954,2026-06-14,417
7801748632954,2026-06-15,410
7801748632954,2026-06-16,405
7801748632954,2026-06-17,398
7801748632954,2026-06-18,394
7801748632954,2026-06-19,390
7801748632954,2026-06-20,422
7801748632954,2026-06-21,422
7801748632954,2026-06-22,411
7801748632954,2026-06-23,403
7801748632954,2026-06-24,403
7801748632954,2026-06-25,401
7801748632954,2026-06-26,395
7801748632954,2026-06-27,395
7801748632954,2026-06-28,386
7801748632954,2026-06-29,422
7801748632954,2026-06-30,416
7801748632954,2026-07-01,408
7806352194870,2024-01-01,738
7806352194870,2024-01-02,738
7806352194870,2024-01-03,738
7806352194870,2024-01-04,738
7806352194870,2024-01-05,738
7806352194870,2024-01-06,738
7806352194870,2024-01-07,709
7806352194870,2024-01-08,709
7806352194870,2024-01-09,709
7806352194870,2024-01-10,709
7806352194870,2024-01-11,709
7806352194870,2024-01-12,709
7806352194870,2024-01-13,709
7806352194870,2024-01-14,709
7806352194870,2024-01-15,677
7806352194870,2024-01-16,677
7806352194870,2024-01-17,677
7806352194870,2024-01-18,677
7806352194870,2024-01-19,677
7806352194870,2024-01-20,677
7806352194870,2024-01-21,677
7806352194870,2024-01-22,677
7806352194870,2024-01-23,677
7806352194870,2024-01-24,655
7806352194870,2024-01-25,655
7806352194870,2024-01-26,655
7806352194870,2024-01-27,655
7806352194870,2024-01-28,655
7806352194870,2024-01-29,655
7806352194870,2024-01-30,655
7806352194870,2024-01-31,655
7806352194870,2024-02-01,632
7806352194870,2024-02-02,632
7806352194870,2024-02-03,632
7806352194870,2024-02-04,632
7806352194870,2024-02-05,775
7806352194870,2024-02-06,775
7806352194870,2024-02-07,744
7806352194870,2024-02-08,744
7806352194870,2024-02-09,744
7806352194870,2024-02-10,744
7806352194870,2024-02-11,744
7806352194870,2024-02-12,744
7806352194870,2024-02-13,744
7806352194870,2024-02-14,744
7806352194870,2024-02-15,744
7806352194870,2024-02-16,718
7806352194870,2024-02-17,718
7806352194870,2024-02-18,718
7806352194870,2024-02-19,718
7806352194870,2024-02-20,718
7806352194870,2024-02-21,718
7806352194870,2024-02-22,718
7806352194870,2024-02-23,718
7806352194870,2024-02-24,718
7806352194870,2024-02-25,718
7806352194870,2024-02-26,695
7806352194870,2024-02-27,695
7806352194870,2024-02-28,775
7806352194870,2024-02-29,775
7806352194870,2024-03-01,775
7806352194870,2024-03-02,749
7806352194870,2024-03-03,749
7806352194870,2024-03-04,749
7806352194870,2024-03-05,749
7806352194870,2024-03-06,749
7806352194870,2024-03-07,749
7806352194870,2024-03-08,749
7806352194870,2024-03-09,749
7806352194870,2024-03-10,718
7806352194870,2024-03-11,718
7806352194870,2024-03-12,718
7806352194870,2024-03-13,718
7806352194870,2024-03-14,718
7806352194870,2024-03-15,718
7806352194870,2024-03-16,718
7806352194870,2024-03-17,718
7806352194870,2024-03-18,718
7806352194870,2024-03-19,697
7806352194870,2024-03-20,697
7806352194870,2024-03-21,697
7806352194870,2024-03-22,697
7806352194870,2024-03-23,697
7806352194870,2024-03-24,775
7806352194870,2024-03-25,775
7806352194870,2024-03-26,775
7806352194870,2024-03-27,775
7806352194870,2024-03-28,744
7806352194870,2024-03-29,744
7806352194870,2024-03-30,744
7806352194870,2024-03-31,744
7806352194870,2024-04-01,744
7806352194870,2024-04-02,744
7806352194870,2024-04-03,744
7806352194870,2024-04-04,744
7806352194870,2024-04-05,744
7806352194870,2024-04-06,715
7806352194870,2024-04-07,715
7806352194870,2024-04-08,715
7806352194870,2024-04-09,715
7806352194870,2024-04-10,715
7806352194870,2024-04-11,715
7806352194870,2024-04-12,715
7806352194870,2024-04-13,715
7806352194870,2024-04-14,715
7806352194870,2024-04-15,685
7806352194870,2024-04-16,775
7806352194870,2024-04-17,775
7806352194870,2024-04-18,775
7806352194870,2024-04-19,775
7806352194870,2024-04-20,775
7806352194870,2024-04-21,775
7806352194870,2024-04-22,775
7806352194870,2024-04-23,775
7806352194870,2024-04-24,775
7806352194870,2024-04-25,759
7806352194870,2024-04-26,759
7806352194870,2024-04-27,759
7806352194870,2024-04-28,759
7806352194870,2024-04-29,759
7806352194870,2024-04-30,759
7806352194870,2024-05-01,759
7806352194870,2024-05-02,759
7806352194870,2024-05-03,739
7806352194870,2024-05-04,739
7806352194870,2024-05-05,739
7806352194870,2024-05-06,739
7806352194870,2024-05-07,739
7806352194870,2024-05-08,715
7806352194870,2024-05-09,715
7806352194870,2024-05-10,715
7806352194870,2024-05-11,715
7806352194870,2024-05-12,715
7806352194870,2024-05-13,715
7806352194870,2024-05-14,715
7806352194870,2024-05-15,715
7806352194870,2024-05-16,715
7806352194870,2024-05-17,715
7806352194870,2024-05-18,694
7806352194870,2024-05-19,694
7806352194870,2024-05-20,694
7806352194870,2024-05-21,694
7806352194870,2024-05-22,694
7806352194870,2024-05-23,694
7806352194870,2024-05-24,694
7806352194870,2024-05-25,694
7806352194870,2024-05-26,775
7806352194870,2024-05-27,775
7806352194870,2024-05-28,775
7806352194870,2024-05-29,775
7806352194870,2024-05-30,775
7806352194870,2024-05-31,775
7806352194870,2024-06-01,775
7806352194870,2024-06-02,775
7806352194870,2024-06-03,757
7806352194870,2024-06-04,757
7806352194870,2024-06-05,757
7806352194870,2024-06-06,757
7806352194870,2024-06-07,757
7806352194870,2024-06-08,757
7806352194870,2024-06-09,757
7806352194870,2024-06-10,757
7806352194870,2024-06-11,757
7806352194870,2024-06-12,757
7806352194870,2024-06-13,736
7806352194870,2024-06-14,736
7806352194870,2024-06-15,736
7806352194870,2024-06-16,736
7806352194870,2024-06-17,736
7806352194870,2024-06-18,736
7806352194870,2024-06-19,736
7806352194870,2024-06-20,736
7806352194870,2024-06-21,736
7806352194870,2024-06-22,709
7806352194870,2024-06-23,709
7806352194870,2024-06-24,709
7806352194870,2024-06-25,709
7806352194870,2024-06-26,775
7806352194870,2024-06-27,775
7806352194870,2024-06-28,775
7806352194870,2024-06-29,775
7806352194870,2024-06-30,748
7806352194870,2024-07-01,748
7806352194870,2024-07-02,748
7806352194870,2024-07-03,748
7806352194870,2024-07-04,748
7806352194870,2024-07-05,725
7806352194870,2024-07-06,725
7806352194870,2024-07-07,725
7806352194870,2024-07-08,725
7806352194870,2024-07-09,725
7806352194870,2024-07-10,725
7806352194870,2024-07-11,725
7806352194870,2024-07-12,725
7806352194870,2024-07-13,690
7806352194870,2024-07-14,690
7806352194870,2024-07-15,690
7806352194870,2024-07-16,690
7806352194870,2024-07-17,690
7806352194870,2024-07-18,690
7806352194870,2024-07-19,690
7806352194870,2024-07-20,662
7806352194870,2024-07-21,662
7806352194870,2024-07-22,662
7806352194870,2024-07-23,775
7806352194870,2024-07-24,775
7806352194870,2024-07-25,743
7806352194870,2024-07-26,743
7806352194870,2024-07-27,743
7806352194870,2024-07-28,743
7806352194870,2024-07-29,743
7806352194870,2024-07-30,743
7806352194870,2024-07-31,743
7806352194870,2024-08-01,743
7806352194870,2024-08-02,743
7806352194870,2024-08-03,718
7806352194870,2024-08-04,718
7806352194870,2024-08-05,718
7806352194870,2024-08-06,718
7806352194870,2024-08-07,718
7806352194870,2024-08-08,718
7806352194870,2024-08-09,718
7806352194870,2024-08-10,718
7806352194870,2024-08-11,718
7806352194870,2024-08-12,718
7806352194870,2024-08-13,693
7806352194870,2024-08-14,693
7806352194870,2024-08-15,693
7806352194870,2024-08-16,693
7806352194870,2024-08-17,693
7806352194870,2024-08-18,693
7806352194870,2024-08-19,670
7806352194870,2024-08-20,670
7806352194870,2024-08-21,670
7806352194870,2024-08-22,670
7806352194870,2024-08-23,670
7806352194870,2024-08-24,670
7806352194870,2024-08-25,670
7806352194870,2024-08-26,649
7806352194870,2024-08-27,649
7806352194870,2024-08-28,649
7806352194870,2024-08-29,649
7806352194870,2024-08-30,775
7806352194870,2024-08-31,756
7806352194870,2024-09-01,756
7806352194870,2024-09-02,756
7806352194870,2024-09-03,756
7806352194870,2024-09-04,756
7806352194870,2024-09-05,756
7806352194870,2024-09-06,756
7806352194870,2024-09-07,728
7806352194870,2024-09-08,728
7806352194870,2024-09-09,728
7806352194870,2024-09-10,728
7806352194870,2024-09-11,728
7806352194870,2024-09-12,728
7806352194870,2024-09-13,728
7806352194870,2024-09-14,728
7806352194870,2024-09-15,728
7806352194870,2024-09-16,707
7806352194870,2024-09-17,707
7806352194870,2024-09-18,707
7806352194870,2024-09-19,707
7806352194870,2024-09-20,707
7806352194870,2024-09-21,707
7806352194870,2024-09-22,707
7806352194870,2024-09-23,775
7806352194870,2024-09-24,775
7806352194870,2024-09-25,775
7806352194870,2024-09-26,775
7806352194870,2024-09-27,775
7806352194870,2024-09-28,775
7806352194870,2024-09-29,775
7806352194870,2024-09-30,775
7806352194870,2024-10-01,775
7806352194870,2024-10-02,775
7806352194870,2024-10-03,750
7806352194870,2024-10-04,750
7806352194870,2024-10-05,750
7806352194870,2024-10-06,750
7806352194870,2024-10-07,750
7806352194870,2024-10-08,750
7806352194870,2024-10-09,750
7806352194870,2024-10-10,750
7806352194870,2024-10-11,750
7806352194870,2024-10-12,730
7806352194870,2024-10-13,730
7806352194870,2024-10-14,730
7806352194870,2024-10-15,730
7806352194870,2024-10-16,730
7806352194870,2024-10-17,730
7806352194870,2024-10-18,730
7806352194870,2024-10-19,730
7806352194870,2024-10-20,702
7806352194870,2024-10-21,702
7806352194870,2024-10-22,702
7806352194870,2024-10-23,702
7806352194870,2024-10-24,702
7806352194870,2024-10-25,775
7806352194870,2024-10-26,775
7806352194870,2024-10-27,775
7806352194870,2024-10-28,744
7806352194870,2024-10-29,744
7806352194870,2024-10-30,744
7806352194870,2024-10-31,744
7806352194870,2024-11-01,744
7806352194870,2024-11-02,744
7806352194870,2024-11-03,744
7806352194870,2024-11-04,727
7806352194870,2024-11-05,727
7806352194870,2024-11-06,727
7806352194870,2024-11-07,727
7806352194870,2024-11-08,727
7806352194870,2024-11-09,727
7806352194870,2024-11-10,727
7806352194870,2024-11-11,727
7806352194870,2024-11-12,706
7806352194870,2024-11-13,706
7806352194870,2024-11-14,706
7806352194870,2024-11-15,706
7806352194870,2024-11-16,706
7806352194870,2024-11-17,706
7806352194870,2024-11-18,706
7806352194870,2024-11-19,706
7806352194870,2024-11-20,706
7806352194870,2024-11-21,706
7806352194870,2024-11-22,775
7806352194870,2024-11-23,775
7806352194870,2024-11-24,775
7806352194870,2024-11-25,775
7806352194870,2024-11-26,775
7806352194870,2024-11-27,742
7806352194870,2024-11-28,742
7806352194870,2024-11-29,742
7806352194870,2024-11-30,742
7806352194870,2024-12-01,742
7806352194870,2024-12-02,742
7806352194870,2024-12-03,742
7806352194870,2024-12-04,742
7806352194870,2024-12-05,714
7806352194870,2024-12-06,714
7806352194870,2024-12-07,714
7806352194870,2024-12-08,714
7806352194870,2024-12-09,714
7806352194870,2024-12-10,701
7806352194870,2024-12-11,701
7806352194870,2024-12-12,701
7806352194870,2024-12-13,701
7806352194870,2024-12-14,701
7806352194870,2024-12-15,701
7806352194870,2024-12-16,685
7806352194870,2024-12-17,685
7806352194870,2024-12-18,685
7806352194870,2024-12-19,775
7806352194870,2024-12-20,775
7806352194870,2024-12-21,775
7806352194870,2024-12-22,775
7806352194870,2024-12-23,775
7806352194870,2024-12-24,775
7806352194870,2024-12-25,750
7806352194870,2024-12-26,750
7806352194870,2024-12-27,750
7806352194870,2024-12-28,750
7806352194870,2024-12-29,750
7806352194870,2024-12-30,750
7806352194870,2024-12-31,750
7806352194870,2025-01-01,750
7806352194870,2025-01-02,750
7806352194870,2025-01-03,750
7806352194870,2025-01-04,726
7806352194870,2025-01-05,726
7806352194870,2025-01-06,726
7806352194870,2025-01-07,726
7806352194870,2025-01-08,726
7806352194870,2025-01-09,726
7806352194870,2025-01-10,726
7806352194870,2025-01-11,726
7806352194870,2025-01-12,702
7806352194870,2025-01-13,702
7806352194870,2025-01-14,702
7806352194870,2025-01-15,702
7806352194870,2025-01-16,702
7806352194870,2025-01-17,702
7806352194870,2025-01-18,702
7806352194870,2025-01-19,702
7806352194870,2025-01-20,702
7806352194870,2025-01-21,702
7806352194870,2025-01-22,675
7806352194870,2025-01-23,675
7806352194870,2025-01-24,675
7806352194870,2025-01-25,675
7806352194870,2025-01-26,675
7806352194870,2025-01-27,775
7806352194870,2025-01-28,750
7806352194870,2025-01-29,750
7806352194870,2025-01-30,750
7806352194870,2025-01-31,750
7806352194870,2025-02-01,750
7806352194870,2025-02-02,750
7806352194870,2025-02-03,750
7806352194870,2025-02-04,750
7806352194870,2025-02-05,750
7806352194870,2025-02-06,727
7806352194870,2025-02-07,727
7806352194870,2025-02-08,727
7806352194870,2025-02-09,727
7806352194870,2025-02-10,727
7806352194870,2025-02-11,727
7806352194870,2025-02-12,701
7806352194870,2025-02-13,701
7806352194870,2025-02-14,701
7806352194870,2025-02-15,701
7806352194870,2025-02-16,701
7806352194870,2025-02-17,701
7806352194870,2025-02-18,701
7806352194870,2025-02-19,675
7806352194870,2025-02-20,675
7806352194870,2025-02-21,675
7806352194870,2025-02-22,675
7806352194870,2025-02-23,675
7806352194870,2025-02-24,675
7806352194870,2025-02-25,675
7806352194870,2025-02-26,675
7806352194870,2025-02-27,649
7806352194870,2025-02-28,649
7806352194870,2025-03-01,649
7806352194870,2025-03-02,649
7806352194870,2025-03-03,775
7806352194870,2025-03-04,775
7806352194870,2025-03-05,775
7806352194870,2025-03-06,775
7806352194870,2025-03-07,752
7806352194870,2025-03-08,752
7806352194870,2025-03-09,752
7806352194870,2025-03-10,752
7806352194870,2025-03-11,752
7806352194870,2025-03-12,752
7806352194870,2025-03-13,752
7806352194870,2025-03-14,752
7806352194870,2025-03-15,752
7806352194870,2025-03-16,730
7806352194870,2025-03-17,730
7806352194870,2025-03-18,730
7806352194870,2025-03-19,730
7806352194870,2025-03-20,730
7806352194870,2025-03-21,696
7806352194870,2025-03-22,696
7806352194870,2025-03-23,696
7806352194870,2025-03-24,696
7806352194870,2025-03-25,696
7806352194870,2025-03-26,696
7806352194870,2025-03-27,696
7806352194870,2025-03-28,696
7806352194870,2025-03-29,696
7806352194870,2025-03-30,696
7806352194870,2025-03-31,674
7806352194870,2025-04-01,674
7806352194870,2025-04-02,674
7806352194870,2025-04-03,674
7806352194870,2025-04-04,674
7806352194870,2025-04-05,674
7806352194870,2025-04-06,674
7806352194870,2025-04-07,674
7806352194870,2025-04-08,652
7806352194870,2025-04-09,652
7806352194870,2025-04-10,652
7806352194870,2025-04-11,775
7806352194870,2025-04-12,775
7806352194870,2025-04-13,775
7806352194870,2025-04-14,775
7806352194870,2025-04-15,775
7806352194870,2025-04-16,775
7806352194870,2025-04-17,775
7806352194870,2025-04-18,749
7806352194870,2025-04-19,749
7806352194870,2025-04-20,749
7806352194870,2025-04-21,749
7806352194870,2025-04-22,749
7806352194870,2025-04-23,749
7806352194870,2025-04-24,749
7806352194870,2025-04-25,721
7806352194870,2025-04-26,721
7806352194870,2025-04-27,721
7806352194870,2025-04-28,721
7806352194870,2025-04-29,721
7806352194870,2025-04-30,721
7806352194870,2025-05-01,721
7806352194870,2025-05-02,721
7806352194870,2025-05-03,721
7806352194870,2025-05-04,688
7806352194870,2025-05-05,688
7806352194870,2025-05-06,688
7806352194870,2025-05-07,688
7806352194870,2025-05-08,688
7806352194870,2025-05-09,688
7806352194870,2025-05-10,688
7806352194870,2025-05-11,688
7806352194870,2025-05-12,688
7806352194870,2025-05-13,665
7806352194870,2025-05-14,665
7806352194870,2025-05-15,665
7806352194870,2025-05-16,665
7806352194870,2025-05-17,775
7806352194870,2025-05-18,775
7806352194870,2025-05-19,775
7806352194870,2025-05-20,775
7806352194870,2025-05-21,775
7806352194870,2025-05-22,775
7806352194870,2025-05-23,757
7806352194870,2025-05-24,757
7806352194870,2025-05-25,757
7806352194870,2025-05-26,757
7806352194870,2025-05-27,757
7806352194870,2025-05-28,757
7806352194870,2025-05-29,757
7806352194870,2025-05-30,732
7806352194870,2025-05-31,732
7806352194870,2025-06-01,732
7806352194870,2025-06-02,732
7806352194870,2025-06-03,732
7806352194870,2025-06-04,732
7806352194870,2025-06-05,707
7806352194870,2025-06-06,707
7806352194870,2025-06-07,775
7806352194870,2025-06-08,775
7806352194870,2025-06-09,775
7806352194870,2025-06-10,749
7806352194870,2025-06-11,749
7806352194870,2025-06-12,749
7806352194870,2025-06-13,749
7806352194870,2025-06-14,749
7806352194870,2025-06-15,749
7806352194870,2025-06-16,749
7806352194870,2025-06-17,749
7806352194870,2025-06-18,729
7806352194870,2025-06-19,729
7806352194870,2025-06-20,729
7806352194870,2025-06-21,729
7806352194870,2025-06-22,729
7806352194870,2025-06-23,729
7806352194870,2025-06-24,729
7806352194870,2025-06-25,729
7806352194870,2025-06-26,709
7806352194870,2025-06-27,709
7806352194870,2025-06-28,709
7806352194870,2025-06-29,709
7806352194870,2025-06-30,709
7806352194870,2025-07-01,709
7806352194870,2025-07-02,709
7806352194870,2025-07-03,709
7806352194870,2025-07-04,709
7806352194870,2025-07-05,775
7806352194870,2025-07-06,753
7806352194870,2025-07-07,753
7806352194870,2025-07-08,753
7806352194870,2025-07-09,753
7806352194870,2025-07-10,753
7806352194870,2025-07-11,736
7806352194870,2025-07-12,736
7806352194870,2025-07-13,736
7806352194870,2025-07-14,736
7806352194870,2025-07-15,736
7806352194870,2025-07-16,736
7806352194870,2025-07-17,736
7806352194870,2025-07-18,736
7806352194870,2025-07-19,736
7806352194870,2025-07-20,713
7806352194870,2025-07-21,713
7806352194870,2025-07-22,713
7806352194870,2025-07-23,713
7806352194870,2025-07-24,713
7806352194870,2025-07-25,713
7806352194870,2025-07-26,713
7806352194870,2025-07-27,775
7806352194870,2025-07-28,775
7806352194870,2025-07-29,755
7806352194870,2025-07-30,755
7806352194870,2025-07-31,755
7806352194870,2025-08-01,755
7806352194870,2025-08-02,755
7806352194870,2025-08-03,755
7806352194870,2025-08-04,722
7806352194870,2025-08-05,722
7806352194870,2025-08-06,722
7806352194870,2025-08-07,722
7806352194870,2025-08-08,722
7806352194870,2025-08-09,722
7806352194870,2025-08-10,722
7806352194870,2025-08-11,722
7806352194870,2025-08-12,722
7806352194870,2025-08-13,692
7806352194870,2025-08-14,692
7806352194870,2025-08-15,692
7806352194870,2025-08-16,692
7806352194870,2025-08-17,692
7806352194870,2025-08-18,692
7806352194870,2025-08-19,692
7806352194870,2025-08-20,692
7806352194870,2025-08-21,668
7806352194870,2025-08-22,668
7806352194870,2025-08-23,668
7806352194870,2025-08-24,668
7806352194870,2025-08-25,668
7806352194870,2025-08-26,668
7806352194870,2025-08-27,775
7806352194870,2025-08-28,775
7806352194870,2025-08-29,775
7806352194870,2025-08-30,750
7806352194870,2025-08-31,750
7806352194870,2025-09-01,750
7806352194870,2025-09-02,750
7806352194870,2025-09-03,750
7806352194870,2025-09-04,720
7806352194870,2025-09-05,720
7806352194870,2025-09-06,720
7806352194870,2025-09-07,720
7806352194870,2025-09-08,720
7806352194870,2025-09-09,720
7806352194870,2025-09-10,720
7806352194870,2025-09-11,720
7806352194870,2025-09-12,720
7806352194870,2025-09-13,691
7806352194870,2025-09-14,691
7806352194870,2025-09-15,691
7806352194870,2025-09-16,775
7806352194870,2025-09-17,775
7806352194870,2025-09-18,748
7806352194870,2025-09-19,748
7806352194870,2025-09-20,748
7806352194870,2025-09-21,748
7806352194870,2025-09-22,748
7806352194870,2025-09-23,748
7806352194870,2025-09-24,748
7806352194870,2025-09-25,716
7806352194870,2025-09-26,716
7806352194870,2025-09-27,716
7806352194870,2025-09-28,716
7806352194870,2025-09-29,716
7806352194870,2025-09-30,716
7806352194870,2025-10-01,716
7806352194870,2025-10-02,716
7806352194870,2025-10-03,716
7806352194870,2025-10-04,697
7806352194870,2025-10-05,697
7806352194870,2025-10-06,697
7806352194870,2025-10-07,697
7806352194870,2025-10-08,697
7806352194870,2025-10-09,697
7806352194870,2025-10-10,697
7806352194870,2025-10-11,676
7806352194870,2025-10-12,676
7806352194870,2025-10-13,676
7806352194870,2025-10-14,676
7806352194870,2025-10-15,676
7806352194870,2025-10-16,676
7806352194870,2025-10-17,676
7806352194870,2025-10-18,676
7806352194870,2025-10-19,676
7806352194870,2025-10-20,663
7806352194870,2025-10-21,663
7806352194870,2025-10-22,775
7806352194870,2025-10-23,775
7806352194870,2025-10-24,775
7806352194870,2025-10-25,775
7806352194870,2025-10-26,775
7806352194870,2025-10-27,775
7806352194870,2025-10-28,749
7806352194870,2025-10-29,749
7806352194870,2025-10-30,749
7806352194870,2025-10-31,749
7806352194870,2025-11-01,749
7806352194870,2025-11-02,749
7806352194870,2025-11-03,749
7806352194870,2025-11-04,749
7806352194870,2025-11-05,737
7806352194870,2025-11-06,737
7806352194870,2025-11-07,737
7806352194870,2025-11-08,737
7806352194870,2025-11-09,737
7806352194870,2025-11-10,737
7806352194870,2025-11-11,737
7806352194870,2025-11-12,737
7806352194870,2025-11-13,737
7806352194870,2025-11-14,737
7806352194870,2025-11-15,718
7806352194870,2025-11-16,718
7806352194870,2025-11-17,718
7806352194870,2025-11-18,775
7806352194870,2025-11-19,775
7806352194870,2025-11-20,748
7806352194870,2025-11-21,748
7806352194870,2025-11-22,748
7806352194870,2025-11-23,748
7806352194870,2025-11-24,748
7806352194870,2025-11-25,723
7806352194870,2025-11-26,723
7806352194870,2025-11-27,723
7806352194870,2025-11-28,723
7806352194870,2025-11-29,723
7806352194870,2025-11-30,723
7806352194870,2025-12-01,693
7806352194870,2025-12-02,693
7806352194870,2025-12-03,693
7806352194870,2025-12-04,693
7806352194870,2025-12-05,693
7806352194870,2025-12-06,693
7806352194870,2025-12-07,693
7806352194870,2025-12-08,693
7806352194870,2025-12-09,693
7806352194870,2025-12-10,693
7806352194870,2025-12-11,671
7806352194870,2025-12-12,671
7806352194870,2025-12-13,671
7806352194870,2025-12-14,671
7806352194870,2025-12-15,671
7806352194870,2025-12-16,671
7806352194870,2025-12-17,671
7806352194870,2025-12-18,671
7806352194870,2025-12-19,655
7806352194870,2025-12-20,655
7806352194870,2025-12-21,655
7806352194870,2025-12-22,655
7806352194870,2025-12-23,775
7806352194870,2025-12-24,775
7806352194870,2025-12-25,775
7806352194870,2025-12-26,758
7806352194870,2025-12-27,758
7806352194870,2025-12-28,758
7806352194870,2025-12-29,758
7806352194870,2025-12-30,758
7806352194870,2025-12-31,758
7806352194870,2026-01-01,758
7806352194870,2026-01-02,735
7806352194870,2026-01-03,735
7806352194870,2026-01-04,735
7806352194870,2026-01-05,735
7806352194870,2026-01-06,735
7806352194870,2026-01-07,735
7806352194870,2026-01-08,711
7806352194870,2026-01-09,711
7806352194870,2026-01-10,711
7806352194870,2026-01-11,711
7806352194870,2026-01-12,711
7806352194870,2026-01-13,711
7806352194870,2026-01-14,711
7806352194870,2026-01-15,711
7806352194870,2026-01-16,711
7806352194870,2026-01-17,711
7806352194870,2026-01-18,681
7806352194870,2026-01-19,681
7806352194870,2026-01-20,681
7806352194870,2026-01-21,681
7806352194870,2026-01-22,681
7806352194870,2026-01-23,681
7806352194870,2026-01-24,681
7806352194870,2026-01-25,646
7806352194870,2026-01-26,646
7806352194870,2026-01-27,646
7806352194870,2026-01-28,775
7806352194870,2026-01-29,775
7806352194870,2026-01-30,775
7806352194870,2026-01-31,775
7806352194870,2026-02-01,775
7806352194870,2026-02-02,745
7806352194870,2026-02-03,745
7806352194870,2026-02-04,745
7806352194870,2026-02-05,745
7806352194870,2026-02-06,745
7806352194870,2026-02-07,745
7806352194870,2026-02-08,745
7806352194870,2026-02-09,719
7806352194870,2026-02-10,719
7806352194870,2026-02-11,719
7806352194870,2026-02-12,719
7806352194870,2026-02-13,719
7806352194870,2026-02-14,719
7806352194870,2026-02-15,688
7806352194870,2026-02-16,688
7806352194870,2026-02-17,688
7806352194870,2026-02-18,688
7806352194870,2026-02-19,688
7806352194870,2026-02-20,688
7806352194870,2026-02-21,688
7806352194870,2026-02-22,688
7806352194870,2026-02-23,688
7806352194870,2026-02-24,688
7806352194870,2026-02-25,667
7806352194870,2026-02-26,667
7806352194870,2026-02-27,775
7806352194870,2026-02-28,775
7806352194870,2026-03-01,775
7806352194870,2026-03-02,775
7806352194870,2026-03-03,775
7806352194870,2026-03-04,775
7806352194870,2026-03-05,760
7806352194870,2026-03-06,760
7806352194870,2026-03-07,760
7806352194870,2026-03-08,760
7806352194870,2026-03-09,760
7806352194870,2026-03-10,760
7806352194870,2026-03-11,736
7806352194870,2026-03-12,736
7806352194870,2026-03-13,736
7806352194870,2026-03-14,736
7806352194870,2026-03-15,736
7806352194870,2026-03-16,736
7806352194870,2026-03-17,721
7806352194870,2026-03-18,721
7806352194870,2026-03-19,721
7806352194870,2026-03-20,721
7806352194870,2026-03-21,721
7806352194870,2026-03-22,721
7806352194870,2026-03-23,695
7806352194870,2026-03-24,695
7806352194870,2026-03-25,775
7806352194870,2026-03-26,775
7806352194870,2026-03-27,775
7806352194870,2026-03-28,775
7806352194870,2026-03-29,775
7806352194870,2026-03-30,775
7806352194870,2026-03-31,775
7806352194870,2026-04-01,746
7806352194870,2026-04-02,746
7806352194870,2026-04-03,746
7806352194870,2026-04-04,746
7806352194870,2026-04-05,746
7806352194870,2026-04-06,746
7806352194870,2026-04-07,721
7806352194870,2026-04-08,721
7806352194870,2026-04-09,721
7806352194870,2026-04-10,721
7806352194870,2026-04-11,721
7806352194870,2026-04-12,698
7806352194870,2026-04-13,698
7806352194870,2026-04-14,698
7806352194870,2026-04-15,698
7806352194870,2026-04-16,698
7806352194870,2026-04-17,698
7806352194870,2026-04-18,698
7806352194870,2026-04-19,698
7806352194870,2026-04-20,698
7806352194870,2026-04-21,698
7806352194870,2026-04-22,667
7806352194870,2026-04-23,667
7806352194870,2026-04-24,667
7806352194870,2026-04-25,775
7806352194870,2026-04-26,775
7806352194870,2026-04-27,752
7806352194870,2026-04-28,752
7806352194870,2026-04-29,752
7806352194870,2026-04-30,752
7806352194870,2026-05-01,752
7806352194870,2026-05-02,724
7806352194870,2026-05-03,724
7806352194870,2026-05-04,724
7806352194870,2026-05-05,724
7806352194870,2026-05-06,724
7806352194870,2026-05-07,724
7806352194870,2026-05-08,724
7806352194870,2026-05-09,703
7806352194870,2026-05-10,703
7806352194870,2026-05-11,703
7806352194870,2026-05-12,703
7806352194870,2026-05-13,703
7806352194870,2026-05-14,703
7806352194870,2026-05-15,703
7806352194870,2026-05-16,703
7806352194870,2026-05-17,670
7806352194870,2026-05-18,670
7806352194870,2026-05-19,670
7806352194870,2026-05-20,670
7806352194870,2026-05-21,670
7806352194870,2026-05-22,670
7806352194870,2026-05-23,670
7806352194870,2026-05-24,670
7806352194870,2026-05-25,670
7806352194870,2026-05-26,651
7806352194870,2026-05-27,651
7806352194870,2026-05-28,651
7806352194870,2026-05-29,651
7806352194870,2026-05-30,651
7806352194870,2026-05-31,651
7806352194870,2026-06-01,775
7806352194870,2026-06-02,747
7806352194870,2026-06-03,747
7806352194870,2026-06-04,747
7806352194870,2026-06-05,747
7806352194870,2026-06-06,747
7806352194870,2026-06-07,747
7806352194870,2026-06-08,747
7806352194870,2026-06-09,747
7806352194870,2026-06-10,747
7806352194870,2026-06-11,714
7806352194870,2026-06-12,714
7806352194870,2026-06-13,714
7806352194870,2026-06-14,714
7806352194870,2026-06-15,714
7806352194870,2026-06-16,714
7806352194870,2026-06-17,714
7806352194870,2026-06-18,696
7806352194870,2026-06-19,696
7806352194870,2026-06-20,696
7806352194870,2026-06-21,696
7806352194870,2026-06-22,696
7806352194870,2026-06-23,696
7806352194870,2026-06-24,666
7806352194870,2026-06-25,666
7806352194870,2026-06-26,666
7806352194870,2026-06-27,666
7806352194870,2026-06-28,666
7806352194870,2026-06-29,646
7806352194870,2026-06-30,646
7806352194870,2026-07-01,646
7808125479631,2024-01-01,133
7808125479631,2024-01-02,133
7808125479631,2024-01-03,133
7808125479631,2024-01-04,133
7808125479631,2024-01-05,133
7808125479631,2024-01-06,133
7808125479631,2024-01-07,133
7808125479631,2024-01-08,109
7808125479631,2024-01-09,109
7808125479631,2024-01-10,109
7808125479631,2024-01-11,109
7808125479631,2024-01-12,109
7808125479631,2024-01-13,109
7808125479631,2024-01-14,109
7808125479631,2024-01-15,109
7808125479631,2024-01-16,109
7808125479631,2024-01-17,109
7808125479631,2024-01-18,83
7808125479631,2024-01-19,83
7808125479631,2024-01-20,83
7808125479631,2024-01-21,83
7808125479631,2024-01-22,83
7808125479631,2024-01-23,614
7808125479631,2024-01-24,614
7808125479631,2024-01-25,614
7808125479631,2024-01-26,614
7808125479631,2024-01-27,614
7808125479631,2024-01-28,614
7808125479631,2024-01-29,614
7808125479631,2024-01-30,614
7808125479631,2024-01-31,614
7808125479631,2024-02-01,614
7808125479631,2024-02-02,596
7808125479631,2024-02-03,596
7808125479631,2024-02-04,596
7808125479631,2024-02-05,596
7808125479631,2024-02-06,596
7808125479631,2024-02-07,569
7808125479631,2024-02-08,569
7808125479631,2024-02-09,569
7808125479631,2024-02-10,569
7808125479631,2024-02-11,569
7808125479631,2024-02-12,569
7808125479631,2024-02-13,569
7808125479631,2024-02-14,569
7808125479631,2024-02-15,569
7808125479631,2024-02-16,569
7808125479631,2024-02-17,542
7808125479631,2024-02-18,542
7808125479631,2024-02-19,542
7808125479631,2024-02-20,542
7808125479631,2024-02-21,542
7808125479631,2024-02-22,542
7808125479631,2024-02-23,542
7808125479631,2024-02-24,511
7808125479631,2024-02-25,511
7808125479631,2024-02-26,511
7808125479631,2024-02-27,511
7808125479631,2024-02-28,614
7808125479631,2024-02-29,614
7808125479631,2024-03-01,614
7808125479631,2024-03-02,587
7808125479631,2024-03-03,587
7808125479631,2024-03-04,587
7808125479631,2024-03-05,587
7808125479631,2024-03-06,587
7808125479631,2024-03-07,587
7808125479631,2024-03-08,587
7808125479631,2024-03-09,564
7808125479631,2024-03-10,564
7808125479631,2024-03-11,564
7808125479631,2024-03-12,564
7808125479631,2024-03-13,564
7808125479631,2024-03-14,564
7808125479631,2024-03-15,541
7808125479631,2024-03-16,541
7808125479631,2024-03-17,541
7808125479631,2024-03-18,541
7808125479631,2024-03-19,541
7808125479631,2024-03-20,541
7808125479631,2024-03-21,541
7808125479631,2024-03-22,503
7808125479631,2024-03-23,503
7808125479631,2024-03-24,503
7808125479631,2024-03-25,503
7808125479631,2024-03-26,503
7808125479631,2024-03-27,503
7808125479631,2024-03-28,503
7808125479631,2024-03-29,476
7808125479631,2024-03-30,476
7808125479631,2024-03-31,476
7808125479631,2024-04-01,476
7808125479631,2024-04-02,476
7808125479631,2024-04-03,476
7808125479631,2024-04-04,476
7808125479631,2024-04-05,476
7808125479631,2024-04-06,446
7808125479631,2024-04-07,614
7808125479631,2024-04-08,614
7808125479631,2024-04-09,614
7808125479631,2024-04-10,614
7808125479631,2024-04-11,614
7808125479631,2024-04-12,614
7808125479631,2024-04-13,614
7808125479631,2024-04-14,614
7808125479631,2024-04-15,614
7808125479631,2024-04-16,592
7808125479631,2024-04-17,592
7808125479631,2024-04-18,592
7808125479631,2024-04-19,592
7808125479631,2024-04-20,592
7808125479631,2024-04-21,592
7808125479631,2024-04-22,592
7808125479631,2024-04-23,592
7808125479631,2024-04-24,563
7808125479631,2024-04-25,563
7808125479631,2024-04-26,563
7808125479631,2024-04-27,563
7808125479631,2024-04-28,563
7808125479631,2024-04-29,563
7808125479631,2024-04-30,551
7808125479631,2024-05-01,551
7808125479631,2024-05-02,551
7808125479631,2024-05-03,551
7808125479631,2024-05-04,551
7808125479631,2024-05-05,551
7808125479631,2024-05-06,551
7808125479631,2024-05-07,551
7808125479631,2024-05-08,614
7808125479631,2024-05-09,614
7808125479631,2024-05-10,595
7808125479631,2024-05-11,595
7808125479631,2024-05-12,595
7808125479631,2024-05-13,595
7808125479631,2024-05-14,595
7808125479631,2024-05-15,572
7808125479631,2024-05-16,572
7808125479631,2024-05-17,572
7808125479631,2024-05-18,572
7808125479631,2024-05-19,572
7808125479631,2024-05-20,572
7808125479631,2024-05-21,572
7808125479631,2024-05-22,572
7808125479631,2024-05-23,572
7808125479631,2024-05-24,556
7808125479631,2024-05-25,556
7808125479631,2024-05-26,556
7808125479631,2024-05-27,556
7808125479631,2024-05-28,556
7808125479631,2024-05-29,556
7808125479631,2024-05-30,556
7808125479631,2024-05-31,556
7808125479631,2024-06-01,529
7808125479631,2024-06-02,529
7808125479631,2024-06-03,529
7808125479631,2024-06-04,614
7808125479631,2024-06-05,614
7808125479631,2024-06-06,614
7808125479631,2024-06-07,614
7808125479631,2024-06-08,614
7808125479631,2024-06-09,614
7808125479631,2024-06-10,614
7808125479631,2024-06-11,592
7808125479631,2024-06-12,592
7808125479631,2024-06-13,592
7808125479631,2024-06-14,592
7808125479631,2024-06-15,592
7808125479631,2024-06-16,592
7808125479631,2024-06-17,592
7808125479631,2024-06-18,592
7808125479631,2024-06-19,566
7808125479631,2024-06-20,566
7808125479631,2024-06-21,566
7808125479631,2024-06-22,566
7808125479631,2024-06-23,566
7808125479631,2024-06-24,566
7808125479631,2024-06-25,566
7808125479631,2024-06-26,566
7808125479631,2024-06-27,544
7808125479631,2024-06-28,614
7808125479631,2024-06-29,614
7808125479631,2024-06-30,614
7808125479631,2024-07-01,614
7808125479631,2024-07-02,614
7808125479631,2024-07-03,597
7808125479631,2024-07-04,597
7808125479631,2024-07-05,597
7808125479631,2024-07-06,597
7808125479631,2024-07-07,597
7808125479631,2024-07-08,597
7808125479631,2024-07-09,597
7808125479631,2024-07-10,597
7808125479631,2024-07-11,573
7808125479631,2024-07-12,573
7808125479631,2024-07-13,573
7808125479631,2024-07-14,573
7808125479631,2024-07-15,573
7808125479631,2024-07-16,573
7808125479631,2024-07-17,573
7808125479631,2024-07-18,548
7808125479631,2024-07-19,548
7808125479631,2024-07-20,548
7808125479631,2024-07-21,548
7808125479631,2024-07-22,548
7808125479631,2024-07-23,513
7808125479631,2024-07-24,513
7808125479631,2024-07-25,513
7808125479631,2024-07-26,513
7808125479631,2024-07-27,513
7808125479631,2024-07-28,513
7808125479631,2024-07-29,513
7808125479631,2024-07-30,513
7808125479631,2024-07-31,486
7808125479631,2024-08-01,486
7808125479631,2024-08-02,486
7808125479631,2024-08-03,486
7808125479631,2024-08-04,486
7808125479631,2024-08-05,486
7808125479631,2024-08-06,459
7808125479631,2024-08-07,614
7808125479631,2024-08-08,614
7808125479631,2024-08-09,614
7808125479631,2024-08-10,614
7808125479631,2024-08-11,614
7808125479631,2024-08-12,614
7808125479631,2024-08-13,588
7808125479631,2024-08-14,588
7808125479631,2024-08-15,588
7808125479631,2024-08-16,588
7808125479631,2024-08-17,588
7808125479631,2024-08-18,588
7808125479631,2024-08-19,588
7808125479631,2024-08-20,588
7808125479631,2024-08-21,588
7808125479631,2024-08-22,588
7808125479631,2024-08-23,565
7808125479631,2024-08-24,565
7808125479631,2024-08-25,565
7808125479631,2024-08-26,565
7808125479631,2024-08-27,565
7808125479631,2024-08-28,565
7808125479631,2024-08-29,565
7808125479631,2024-08-30,540
7808125479631,2024-08-31,540
7808125479631,2024-09-01,540
7808125479631,2024-09-02,540
7808125479631,2024-09-03,540
7808125479631,2024-09-04,540
7808125479631,2024-09-05,540
7808125479631,2024-09-06,540
7808125479631,2024-09-07,540
7808125479631,2024-09-08,510
7808125479631,2024-09-09,510
7808125479631,2024-09-10,510
7808125479631,2024-09-11,614
7808125479631,2024-09-12,614
7808125479631,2024-09-13,614
7808125479631,2024-09-14,614
7808125479631,2024-09-15,586
7808125479631,2024-09-16,586
7808125479631,2024-09-17,586
7808125479631,2024-09-18,586
7808125479631,2024-09-19,586
7808125479631,2024-09-20,586
7808125479631,2024-09-21,586
7808125479631,2024-09-22,586
7808125479631,2024-09-23,586
7808125479631,2024-09-24,586
7808125479631,2024-09-25,561
7808125479631,2024-09-26,561
7808125479631,2024-09-27,561
7808125479631,2024-09-28,561
7808125479631,2024-09-29,561
7808125479631,2024-09-30,561
7808125479631,2024-10-01,561
7808125479631,2024-10-02,561
7808125479631,2024-10-03,561
7808125479631,2024-10-04,534
7808125479631,2024-10-05,534
7808125479631,2024-10-06,534
7808125479631,2024-10-07,534
7808125479631,2024-10-08,534
7808125479631,2024-10-09,534
7808125479631,2024-10-10,534
7808125479631,2024-10-11,534
7808125479631,2024-10-12,614
7808125479631,2024-10-13,614
7808125479631,2024-10-14,583
7808125479631,2024-10-15,583
7808125479631,2024-10-16,583
7808125479631,2024-10-17,583
7808125479631,2024-10-18,583
7808125479631,2024-10-19,583
7808125479631,2024-10-20,554
7808125479631,2024-10-21,554
7808125479631,2024-10-22,554
7808125479631,2024-10-23,554
7808125479631,2024-10-24,554
7808125479631,2024-10-25,554
7808125479631,2024-10-26,554
7808125479631,2024-10-27,530
7808125479631,2024-10-28,530
7808125479631,2024-10-29,530
7808125479631,2024-10-30,530
7808125479631,2024-10-31,530
7808125479631,2024-11-01,530
7808125479631,2024-11-02,530
7808125479631,2024-11-03,530
7808125479631,2024-11-04,530
7808125479631,2024-11-05,530
7808125479631,2024-11-06,514
7808125479631,2024-11-07,514
7808125479631,2024-11-08,514
7808125479631,2024-11-09,514
7808125479631,2024-11-10,514
7808125479631,2024-11-11,514
7808125479631,2024-11-12,514
7808125479631,2024-11-13,514
7808125479631,2024-11-14,490
7808125479631,2024-11-15,490
7808125479631,2024-11-16,490
7808125479631,2024-11-17,490
7808125479631,2024-11-18,614
7808125479631,2024-11-19,593
7808125479631,2024-11-20,593
7808125479631,2024-11-21,593
7808125479631,2024-11-22,593
7808125479631,2024-11-23,593
7808125479631,2024-11-24,593
7808125479631,2024-11-25,572
7808125479631,2024-11-26,572
7808125479631,2024-11-27,572
7808125479631,2024-11-28,572
7808125479631,2024-11-29,572
7808125479631,2024-11-30,572
7808125479631,2024-12-01,554
7808125479631,2024-12-02,554
7808125479631,2024-12-03,554
7808125479631,2024-12-04,554
7808125479631,2024-12-05,554
7808125479631,2024-12-06,554
7808125479631,2024-12-07,554
7808125479631,2024-12-08,554
7808125479631,2024-12-09,538
7808125479631,2024-12-10,538
7808125479631,2024-12-11,538
7808125479631,2024-12-12,538
7808125479631,2024-12-13,538
7808125479631,2024-12-14,538
7808125479631,2024-12-15,538
7808125479631,2024-12-16,538
7808125479631,2024-12-17,538
7808125479631,2024-12-18,538
7808125479631,2024-12-19,517
7808125479631,2024-12-20,614
7808125479631,2024-12-21,614
7808125479631,2024-12-22,614
7808125479631,2024-12-23,614
7808125479631,2024-12-24,592
7808125479631,2024-12-25,592
7808125479631,2024-12-26,592
7808125479631,2024-12-27,592
7808125479631,2024-12-28,592
7808125479631,2024-12-29,592
7808125479631,2024-12-30,569
7808125479631,2024-12-31,569
7808125479631,2025-01-01,569
7808125479631,2025-01-02,569
7808125479631,2025-01-03,569
7808125479631,2025-01-04,569
7808125479631,2025-01-05,569
7808125479631,2025-01-06,569
7808125479631,2025-01-07,569
7808125479631,2025-01-08,569
7808125479631,2025-01-09,540
7808125479631,2025-01-10,540
7808125479631,2025-01-11,614
7808125479631,2025-01-12,614
7808125479631,2025-01-13,614
7808125479631,2025-01-14,614
7808125479631,2025-01-15,614
7808125479631,2025-01-16,593
7808125479631,2025-01-17,593
7808125479631,2025-01-18,593
7808125479631,2025-01-19,593
7808125479631,2025-01-20,593
7808125479631,2025-01-21,593
7808125479631,2025-01-22,593
7808125479631,2025-01-23,593
7808125479631,2025-01-24,571
7808125479631,2025-01-25,571
7808125479631,2025-01-26,571
7808125479631,2025-01-27,571
7808125479631,2025-01-28,571
7808125479631,2025-01-29,571
7808125479631,2025-01-30,571
7808125479631,2025-01-31,546
7808125479631,2025-02-01,546
7808125479631,2025-02-02,546
7808125479631,2025-02-03,546
7808125479631,2025-02-04,546
7808125479631,2025-02-05,546
7808125479631,2025-02-06,546
7808125479631,2025-02-07,546
7808125479631,2025-02-08,614
7808125479631,2025-02-09,614
7808125479631,2025-02-10,614
7808125479631,2025-02-11,614
7808125479631,2025-02-12,614
7808125479631,2025-02-13,614
7808125479631,2025-02-14,614
7808125479631,2025-02-15,614
7808125479631,2025-02-16,589
7808125479631,2025-02-17,589
7808125479631,2025-02-18,589
7808125479631,2025-02-19,589
7808125479631,2025-02-20,589
7808125479631,2025-02-21,589
7808125479631,2025-02-22,589
7808125479631,2025-02-23,589
7808125479631,2025-02-24,589
7808125479631,2025-02-25,589
7808125479631,2025-02-26,563
7808125479631,2025-02-27,563
7808125479631,2025-02-28,563
7808125479631,2025-03-01,563
7808125479631,2025-03-02,563
7808125479631,2025-03-03,563
7808125479631,2025-03-04,544
7808125479631,2025-03-05,614
7808125479631,2025-03-06,614
7808125479631,2025-03-07,614
7808125479631,2025-03-08,614
7808125479631,2025-03-09,614
7808125479631,2025-03-10,614
7808125479631,2025-03-11,614
7808125479631,2025-03-12,614
7808125479631,2025-03-13,614
7808125479631,2025-03-14,599
7808125479631,2025-03-15,599
7808125479631,2025-03-16,599
7808125479631,2025-03-17,599
7808125479631,2025-03-18,599
7808125479631,2025-03-19,599
7808125479631,2025-03-20,573
7808125479631,2025-03-21,573
7808125479631,2025-03-22,573
7808125479631,2025-03-23,573
7808125479631,2025-03-24,573
7808125479631,2025-03-25,546
7808125479631,2025-03-26,546
7808125479631,2025-03-27,614
7808125479631,2025-03-28,614
7808125479631,2025-03-29,614
7808125479631,2025-03-30,614
7808125479631,2025-03-31,614
7808125479631,2025-04-01,614
7808125479631,2025-04-02,581
7808125479631,2025-04-03,581
7808125479631,2025-04-04,581
7808125479631,2025-04-05,581
7808125479631,2025-04-06,581
7808125479631,2025-04-07,581
7808125479631,2025-04-08,581
7808125479631,2025-04-09,581
7808125479631,2025-04-10,581
7808125479631,2025-04-11,553
7808125479631,2025-04-12,553
7808125479631,2025-04-13,553
7808125479631,2025-04-14,553
7808125479631,2025-04-15,553
7808125479631,2025-04-16,522
7808125479631,2025-04-17,522
7808125479631,2025-04-18,522
7808125479631,2025-04-19,522
7808125479631,2025-04-20,522
7808125479631,2025-04-21,493
7808125479631,2025-04-22,493
7808125479631,2025-04-23,493
7808125479631,2025-04-24,493
7808125479631,2025-04-25,493
7808125479631,2025-04-26,493
7808125479631,2025-04-27,493
7808125479631,2025-04-28,493
7808125479631,2025-04-29,493
7808125479631,2025-04-30,493
7808125479631,2025-05-01,463
7808125479631,2025-05-02,463
7808125479631,2025-05-03,614
7808125479631,2025-05-04,614
7808125479631,2025-05-05,614
7808125479631,2025-05-06,614
7808125479631,2025-05-07,591
7808125479631,2025-05-08,591
7808125479631,2025-05-09,591
7808125479631,2025-05-10,591
7808125479631,2025-05-11,591
7808125479631,2025-05-12,591
7808125479631,2025-05-13,591
7808125479631,2025-05-14,591
7808125479631,2025-05-15,591
7808125479631,2025-05-16,591
7808125479631,2025-05-17,567
7808125479631,2025-05-18,567
7808125479631,2025-05-19,567
7808125479631,2025-05-20,567
7808125479631,2025-05-21,567
7808125479631,2025-05-22,567
7808125479631,2025-05-23,535
7808125479631,2025-05-24,535
7808125479631,2025-05-25,535
7808125479631,2025-05-26,535
7808125479631,2025-05-27,535
7808125479631,2025-05-28,535
7808125479631,2025-05-29,535
7808125479631,2025-05-30,614
7808125479631,2025-05-31,614
7808125479631,2025-06-01,582
7808125479631,2025-06-02,582
7808125479631,2025-06-03,582
7808125479631,2025-06-04,582
7808125479631,2025-06-05,582
7808125479631,2025-06-06,582
7808125479631,2025-06-07,582
7808125479631,2025-06-08,556
7808125479631,2025-06-09,556
7808125479631,2025-06-10,556
7808125479631,2025-06-11,556
7808125479631,2025-06-12,556
7808125479631,2025-06-13,556
7808125479631,2025-06-14,556
7808125479631,2025-06-15,556
7808125479631,2025-06-16,541
7808125479631,2025-06-17,541
7808125479631,2025-06-18,541
7808125479631,2025-06-19,541
7808125479631,2025-06-20,541
7808125479631,2025-06-21,541
7808125479631,2025-06-22,541
7808125479631,2025-06-23,514
7808125479631,2025-06-24,614
7808125479631,2025-06-25,614
7808125479631,2025-06-26,614
7808125479631,2025-06-27,614
7808125479631,2025-06-28,614
7808125479631,2025-06-29,614
7808125479631,2025-06-30,614
7808125479631,2025-07-01,614
7808125479631,2025-07-02,581
7808125479631,2025-07-03,581
7808125479631,2025-07-04,581
7808125479631,2025-07-05,581
7808125479631,2025-07-06,581
7808125479631,2025-07-07,581
7808125479631,2025-07-08,581
7808125479631,2025-07-09,581
7808125479631,2025-07-10,581
7808125479631,2025-07-11,547
7808125479631,2025-07-12,547
7808125479631,2025-07-13,547
7808125479631,2025-07-14,547
7808125479631,2025-07-15,547
7808125479631,2025-07-16,547
7808125479631,2025-07-17,527
7808125479631,2025-07-18,527
7808125479631,2025-07-19,527
7808125479631,2025-07-20,527
7808125479631,2025-07-21,527
7808125479631,2025-07-22,527
7808125479631,2025-07-23,527
7808125479631,2025-07-24,527
7808125479631,2025-07-25,527
7808125479631,2025-07-26,527
7808125479631,2025-07-27,505
7808125479631,2025-07-28,614
7808125479631,2025-07-29,614
7808125479631,2025-07-30,614
7808125479631,2025-07-31,614
7808125479631,2025-08-01,614
7808125479631,2025-08-02,614
7808125479631,2025-08-03,614
7808125479631,2025-08-04,614
7808125479631,2025-08-05,614
7808125479631,2025-08-06,596
7808125479631,2025-08-07,596
7808125479631,2025-08-08,596
7808125479631,2025-08-09,596
7808125479631,2025-08-10,596
7808125479631,2025-08-11,596
7808125479631,2025-08-12,596
7808125479631,2025-08-13,596
7808125479631,2025-08-14,596
7808125479631,2025-08-15,568
7808125479631,2025-08-16,568
7808125479631,2025-08-17,568
7808125479631,2025-08-18,568
7808125479631,2025-08-19,568
7808125479631,2025-08-20,568
7808125479631,2025-08-21,568
7808125479631,2025-08-22,538
7808125479631,2025-08-23,538
7808125479631,2025-08-24,538
7808125479631,2025-08-25,538
7808125479631,2025-08-26,538
7808125479631,2025-08-27,538
7808125479631,2025-08-28,516
7808125479631,2025-08-29,516
7808125479631,2025-08-30,516
7808125479631,2025-08-31,516
7808125479631,2025-09-01,516
7808125479631,2025-09-02,495
7808125479631,2025-09-03,495
7808125479631,2025-09-04,614
7808125479631,2025-09-05,614
7808125479631,2025-09-06,614
7808125479631,2025-09-07,614
7808125479631,2025-09-08,614
7808125479631,2025-09-09,587
7808125479631,2025-09-10,587
7808125479631,2025-09-11,587
7808125479631,2025-09-12,587
7808125479631,2025-09-13,587
7808125479631,2025-09-14,587
7808125479631,2025-09-15,587
7808125479631,2025-09-16,556
7808125479631,2025-09-17,556
7808125479631,2025-09-18,556
7808125479631,2025-09-19,556
7808125479631,2025-09-20,556
7808125479631,2025-09-21,556
7808125479631,2025-09-22,531
7808125479631,2025-09-23,531
7808125479631,2025-09-24,531
7808125479631,2025-09-25,531
7808125479631,2025-09-26,531
7808125479631,2025-09-27,531
7808125479631,2025-09-28,614
7808125479631,2025-09-29,590
7808125479631,2025-09-30,590
7808125479631,2025-10-01,590
7808125479631,2025-10-02,590
7808125479631,2025-10-03,590
7808125479631,2025-10-04,590
7808125479631,2025-10-05,590
7808125479631,2025-10-06,590
7808125479631,2025-10-07,565
7808125479631,2025-10-08,565
7808125479631,2025-10-09,565
7808125479631,2025-10-10,565
7808125479631,2025-10-11,565
7808125479631,2025-10-12,565
7808125479631,2025-10-13,565
7808125479631,2025-10-14,565
7808125479631,2025-10-15,543
7808125479631,2025-10-16,543
7808125479631,2025-10-17,543
7808125479631,2025-10-18,543
7808125479631,2025-10-19,543
7808125479631,2025-10-20,543
7808125479631,2025-10-21,543
7808125479631,2025-10-22,510
7808125479631,2025-10-23,510
7808125479631,2025-10-24,510
7808125479631,2025-10-25,510
7808125479631,2025-10-26,510
7808125479631,2025-10-27,614
7808125479631,2025-10-28,614
7808125479631,2025-10-29,614
7808125479631,2025-10-30,614
7808125479631,2025-10-31,587
7808125479631,2025-11-01,587
7808125479631,2025-11-02,587
7808125479631,2025-11-03,587
7808125479631,2025-11-04,587
7808125479631,2025-11-05,587
7808125479631,2025-11-06,568
7808125479631,2025-11-07,568
7808125479631,2025-11-08,568
7808125479631,2025-11-09,568
7808125479631,2025-11-10,568
7808125479631,2025-11-11,568
7808125479631,2025-11-12,568
7808125479631,2025-11-13,568
7808125479631,2025-11-14,539
7808125479631,2025-11-15,539
7808125479631,2025-11-16,539
7808125479631,2025-11-17,539
7808125479631,2025-11-18,539
7808125479631,2025-11-19,539
7808125479631,2025-11-20,518
7808125479631,2025-11-21,518
7808125479631,2025-11-22,518
7808125479631,2025-11-23,614
7808125479631,2025-11-24,614
7808125479631,2025-11-25,614
7808125479631,2025-11-26,593
7808125479631,2025-11-27,593
7808125479631,2025-11-28,593
7808125479631,2025-11-29,593
7808125479631,2025-11-30,593
7808125479631,2025-12-01,593
7808125479631,2025-12-02,593
7808125479631,2025-12-03,565
7808125479631,2025-12-04,565
7808125479631,2025-12-05,565
7808125479631,2025-12-06,565
7808125479631,2025-12-07,565
7808125479631,2025-12-08,543
7808125479631,2025-12-09,543
7808125479631,2025-12-10,543
7808125479631,2025-12-11,543
7808125479631,2025-12-12,543
7808125479631,2025-12-13,543
7808125479631,2025-12-14,543
7808125479631,2025-12-15,543
7808125479631,2025-12-16,543
7808125479631,2025-12-17,516
7808125479631,2025-12-18,516
7808125479631,2025-12-19,516
7808125479631,2025-12-20,516
7808125479631,2025-12-21,516
7808125479631,2025-12-22,516
7808125479631,2025-12-23,516
7808125479631,2025-12-24,516
7808125479631,2025-12-25,516
7808125479631,2025-12-26,516
7808125479631,2025-12-27,493
7808125479631,2025-12-28,493
7808125479631,2025-12-29,493
7808125479631,2025-12-30,493
7808125479631,2025-12-31,493
7808125479631,2026-01-01,493
7808125479631,2026-01-02,614
7808125479631,2026-01-03,614
7808125479631,2026-01-04,614
7808125479631,2026-01-05,614
7808125479631,2026-01-06,593
7808125479631,2026-01-07,593
7808125479631,2026-01-08,593
7808125479631,2026-01-09,593
7808125479631,2026-01-10,593
7808125479631,2026-01-11,593
7808125479631,2026-01-12,593
7808125479631,2026-01-13,576
7808125479631,2026-01-14,576
7808125479631,2026-01-15,576
7808125479631,2026-01-16,576
7808125479631,2026-01-17,576
7808125479631,2026-01-18,576
7808125479631,2026-01-19,546
7808125479631,2026-01-20,546
7808125479631,2026-01-21,546
7808125479631,2026-01-22,546
7808125479631,2026-01-23,546
7808125479631,2026-01-24,546
7808125479631,2026-01-25,523
7808125479631,2026-01-26,523
7808125479631,2026-01-27,523
7808125479631,2026-01-28,523
7808125479631,2026-01-29,523
7808125479631,2026-01-30,523
7808125479631,2026-01-31,523
7808125479631,2026-02-01,523
7808125479631,2026-02-02,523
7808125479631,2026-02-03,491
7808125479631,2026-02-04,491
7808125479631,2026-02-05,491
7808125479631,2026-02-06,491
7808125479631,2026-02-07,491
7808125479631,2026-02-08,614
7808125479631,2026-02-09,614
7808125479631,2026-02-10,614
7808125479631,2026-02-11,591
7808125479631,2026-02-12,591
7808125479631,2026-02-13,591
7808125479631,2026-02-14,591
7808125479631,2026-02-15,591
7808125479631,2026-02-16,591
7808125479631,2026-02-17,591
7808125479631,2026-02-18,572
7808125479631,2026-02-19,572
7808125479631,2026-02-20,572
7808125479631,2026-02-21,572
7808125479631,2026-02-22,572
7808125479631,2026-02-23,539
7808125479631,2026-02-24,539
7808125479631,2026-02-25,539
7808125479631,2026-02-26,539
7808125479631,2026-02-27,539
7808125479631,2026-02-28,503
7808125479631,2026-03-01,503
7808125479631,2026-03-02,503
7808125479631,2026-03-03,503
7808125479631,2026-03-04,503
7808125479631,2026-03-05,503
7808125479631,2026-03-06,474
7808125479631,2026-03-07,474
7808125479631,2026-03-08,614
7808125479631,2026-03-09,614
7808125479631,2026-03-10,614
7808125479631,2026-03-11,614
7808125479631,2026-03-12,590
7808125479631,2026-03-13,590
7808125479631,2026-03-14,590
7808125479631,2026-03-15,590
7808125479631,2026-03-16,590
7808125479631,2026-03-17,590
7808125479631,2026-03-18,590
7808125479631,2026-03-19,590
7808125479631,2026-03-20,590
7808125479631,2026-03-21,590
7808125479631,2026-03-22,563
7808125479631,2026-03-23,563
7808125479631,2026-03-24,563
7808125479631,2026-03-25,563
7808125479631,2026-03-26,563
7808125479631,2026-03-27,538
7808125479631,2026-03-28,538
7808125479631,2026-03-29,538
7808125479631,2026-03-30,538
7808125479631,2026-03-31,538
7808125479631,2026-04-01,538
7808125479631,2026-04-02,538
7808125479631,2026-04-03,538
7808125479631,2026-04-04,512
7808125479631,2026-04-05,512
7808125479631,2026-04-06,512
7808125479631,2026-04-07,512
7808125479631,2026-04-08,512
7808125479631,2026-04-09,512
7808125479631,2026-04-10,512
7808125479631,2026-04-11,614
7808125479631,2026-04-12,584
7808125479631,2026-04-13,584
7808125479631,2026-04-14,584
7808125479631,2026-04-15,584
7808125479631,2026-04-16,584
7808125479631,2026-04-17,584
7808125479631,2026-04-18,584
7808125479631,2026-04-19,584
7808125479631,2026-04-20,559
7808125479631,2026-04-21,559
7808125479631,2026-04-22,559
7808125479631,2026-04-23,559
7808125479631,2026-04-24,559
7808125479631,2026-04-25,535
7808125479631,2026-04-26,535
7808125479631,2026-04-27,535
7808125479631,2026-04-28,535
7808125479631,2026-04-29,535
7808125479631,2026-04-30,535
7808125479631,2026-05-01,502
7808125479631,2026-05-02,502
7808125479631,2026-05-03,502
7808125479631,2026-05-04,502
7808125479631,2026-05-05,502
7808125479631,2026-05-06,474
7808125479631,2026-05-07,474
7808125479631,2026-05-08,474
7808125479631,2026-05-09,474
7808125479631,2026-05-10,474
7808125479631,2026-05-11,474
7808125479631,2026-05-12,614
7808125479631,2026-05-13,614
7808125479631,2026-05-14,614
7808125479631,2026-05-15,585
7808125479631,2026-05-16,585
7808125479631,2026-05-17,585
7808125479631,2026-05-18,585
7808125479631,2026-05-19,585
7808125479631,2026-05-20,585
7808125479631,2026-05-21,585
7808125479631,2026-05-22,550
7808125479631,2026-05-23,550
7808125479631,2026-05-24,550
7808125479631,2026-05-25,550
7808125479631,2026-05-26,550
7808125479631,2026-05-27,550
7808125479631,2026-05-28,550
7808125479631,2026-05-29,550
7808125479631,2026-05-30,524
7808125479631,2026-05-31,524
7808125479631,2026-06-01,524
7808125479631,2026-06-02,524
7808125479631,2026-06-03,524
7808125479631,2026-06-04,524
7808125479631,2026-06-05,524
7808125479631,2026-06-06,524
7808125479631,2026-06-07,524
7808125479631,2026-06-08,524
7808125479631,2026-06-09,501
7808125479631,2026-06-10,501
7808125479631,2026-06-11,501
7808125479631,2026-06-12,501
7808125479631,2026-06-13,501
7808125479631,2026-06-14,501
7808125479631,2026-06-15,486
7808125479631,2026-06-16,614
7808125479631,2026-06-17,614
7808125479631,2026-06-18,614
7808125479631,2026-06-19,614
7808125479631,2026-06-20,614
7808125479631,2026-06-21,580
7808125479631,2026-06-22,580
7808125479631,2026-06-23,580
7808125479631,2026-06-24,580
7808125479631,2026-06-25,580
7808125479631,2026-06-26,580
7808125479631,2026-06-27,563
7808125479631,2026-06-28,563
7808125479631,2026-06-29,563
7808125479631,2026-06-30,563
7808125479631,2026-07-01,563
7803916847257,2024-01-01,781
7803916847257,2024-01-02,775
7803916847257,2024-01-03,775
7803916847257,2024-01-04,768
7803916847257,2024-01-05,764
7803916847257,2024-01-06,759
7803916847257,2024-01-07,750
7803916847257,2024-01-08,750
7803916847257,2024-01-09,744
7803916847257,2024-01-10,741
7803916847257,2024-01-11,738
7803916847257,2024-01-12,735
7803916847257,2024-01-13,735
7803916847257,2024-01-14,726
7803916847257,2024-01-15,717
7803916847257,2024-01-16,716
7803916847257,2024-01-17,713
7803916847257,2024-01-18,713
7803916847257,2024-01-19,708
7803916847257,2024-01-20,708
7803916847257,2024-01-21,705
7803916847257,2024-01-22,701
7803916847257,2024-01-23,699
7803916847257,2024-01-24,699
7803916847257,2024-01-25,697
7803916847257,2024-01-26,696
7803916847257,2024-01-27,694
7803916847257,2024-01-28,694
7803916847257,2024-01-29,689
7803916847257,2024-01-30,681
7803916847257,2024-01-31,676
7803916847257,2024-02-01,676
7803916847257,2024-02-02,668
7803916847257,2024-02-03,668
7803916847257,2024-02-04,665
7803916847257,2024-02-05,665
7803916847257,2024-02-06,661
7803916847257,2024-02-07,658
7803916847257,2024-02-08,658
7803916847257,2024-02-09,655
7803916847257,2024-02-10,647
7803916847257,2024-02-11,645
7803916847257,2024-02-12,645
7803916847257,2024-02-13,641
7803916847257,2024-02-14,641
7803916847257,2024-02-15,632
7803916847257,2024-02-16,632
7803916847257,2024-02-17,627
7803916847257,2024-02-18,619
7803916847257,2024-02-19,619
7803916847257,2024-02-20,617
7803916847257,2024-02-21,612
7803916847257,2024-02-22,612
7803916847257,2024-02-23,606
7803916847257,2024-02-24,606
7803916847257,2024-02-25,601
7803916847257,2024-02-26,601
7803916847257,2024-02-27,598
7803916847257,2024-02-28,598
7803916847257,2024-02-29,594
7803916847257,2024-03-01,590
7803916847257,2024-03-02,584
7803916847257,2024-03-03,580
7803916847257,2024-03-04,573
7803916847257,2024-03-05,567
7803916847257,2024-03-06,567
7803916847257,2024-03-07,567
7803916847257,2024-03-08,567
7803916847257,2024-03-09,563
7803916847257,2024-03-10,561
7803916847257,2024-03-11,553
7803916847257,2024-03-12,546
7803916847257,2024-03-13,546
7803916847257,2024-03-14,542
7803916847257,2024-03-15,537
7803916847257,2024-03-16,537
7803916847257,2024-03-17,533
7803916847257,2024-03-18,533
7803916847257,2024-03-19,528
7803916847257,2024-03-20,528
7803916847257,2024-03-21,524
7803916847257,2024-03-22,520
7803916847257,2024-03-23,520
7803916847257,2024-03-24,513
7803916847257,2024-03-25,513
7803916847257,2024-03-26,507
7803916847257,2024-03-27,500
7803916847257,2024-03-28,491
7803916847257,2024-03-29,491
7803916847257,2024-03-30,486
7803916847257,2024-03-31,486
7803916847257,2024-04-01,485
7803916847257,2024-04-02,485
7803916847257,2024-04-03,479
7803916847257,2024-04-04,479
7803916847257,2024-04-05,472
7803916847257,2024-04-06,472
7803916847257,2024-04-07,469
7803916847257,2024-04-08,469
7803916847257,2024-04-09,467
7803916847257,2024-04-10,467
7803916847257,2024-04-11,467
7803916847257,2024-04-12,467
7803916847257,2024-04-13,465
7803916847257,2024-04-14,465
7803916847257,2024-04-15,459
7803916847257,2024-04-16,456
7803916847257,2024-04-17,454
7803916847257,2024-04-18,454
7803916847257,2024-04-19,446
7803916847257,2024-04-20,446
7803916847257,2024-04-21,438
7803916847257,2024-04-22,438
7803916847257,2024-04-23,434
7803916847257,2024-04-24,425
7803916847257,2024-04-25,420
7803916847257,2024-04-26,420
7803916847257,2024-04-27,406
7803916847257,2024-04-28,401
7803916847257,2024-04-29,395
7803916847257,2024-04-30,395
7803916847257,2024-05-01,395
7803916847257,2024-05-02,387
7803916847257,2024-05-03,380
7803916847257,2024-05-04,376
7803916847257,2024-05-05,365
7803916847257,2024-05-06,365
7803916847257,2024-05-07,360
7803916847257,2024-05-08,360
7803916847257,2024-05-09,356
7803916847257,2024-05-10,351
7803916847257,2024-05-11,351
7803916847257,2024-05-12,351
7803916847257,2024-05-13,351
7803916847257,2024-05-14,344
7803916847257,2024-05-15,343
7803916847257,2024-05-16,343
7803916847257,2024-05-17,338
7803916847257,2024-05-18,337
7803916847257,2024-05-19,330
7803916847257,2024-05-20,330
7803916847257,2024-05-21,326
7803916847257,2024-05-22,326
7803916847257,2024-05-23,320
7803916847257,2024-05-24,317
7803916847257,2024-05-25,317
7803916847257,2024-05-26,313
7803916847257,2024-05-27,313
7803916847257,2024-05-28,307
7803916847257,2024-05-29,304
7803916847257,2024-05-30,295
7803916847257,2024-05-31,295
7803916847257,2024-06-01,295
7803916847257,2024-06-02,295
7803916847257,2024-06-03,290
7803916847257,2024-06-04,313
7803916847257,2024-06-05,306
7803916847257,2024-06-06,303
7803916847257,2024-06-07,295
7803916847257,2024-06-08,295
7803916847257,2024-06-09,290
7803916847257,2024-06-10,313
7803916847257,2024-06-11,305
7803916847257,2024-06-12,302
7803916847257,2024-06-13,302
7803916847257,2024-06-14,297
7803916847257,2024-06-15,297
7803916847257,2024-06-16,313
7803916847257,2024-06-17,308
7803916847257,2024-06-18,300
7803916847257,2024-06-19,296
7803916847257,2024-06-20,296
7803916847257,2024-06-21,313
7803916847257,2024-06-22,310
7803916847257,2024-06-23,310
7803916847257,2024-06-24,301
7803916847257,2024-06-25,292
7803916847257,2024-06-26,292
7803916847257,2024-06-27,287
7803916847257,2024-06-28,313
7803916847257,2024-06-29,306
7803916847257,2024-06-30,306
7803916847257,2024-07-01,298
7803916847257,2024-07-02,289
7803916847257,2024-07-03,284
7803916847257,2024-07-04,313
7803916847257,2024-07-05,313
7803916847257,2024-07-06,311
7803916847257,2024-07-07,311
7803916847257,2024-07-08,301
7803916847257,2024-07-09,313
7803916847257,2024-07-10,306
7803916847257,2024-07-11,301
7803916847257,2024-07-12,301
7803916847257,2024-07-13,301
7803916847257,2024-07-14,297
7803916847257,2024-07-15,294
7803916847257,2024-07-16,294
7803916847257,2024-07-17,313
7803916847257,2024-07-18,307
7803916847257,2024-07-19,307
7803916847257,2024-07-20,300
7803916847257,2024-07-21,300
7803916847257,2024-07-22,293
7803916847257,2024-07-23,293
7803916847257,2024-07-24,313
7803916847257,2024-07-25,313
7803916847257,2024-07-26,312
7803916847257,2024-07-27,309
7803916847257,2024-07-28,309
7803916847257,2024-07-29,313
7803916847257,2024-07-30,313
7803916847257,2024-07-31,313
7803916847257,2024-08-01,308
7803916847257,2024-08-02,308
7803916847257,2024-08-03,301
7803916847257,2024-08-04,299
7803916847257,2024-08-05,297
7803916847257,2024-08-06,313
7803916847257,2024-08-07,306
7803916847257,2024-08-08,306
7803916847257,2024-08-09,302
7803916847257,2024-08-10,302
7803916847257,2024-08-11,297
7803916847257,2024-08-12,313
7803916847257,2024-08-13,309
7803916847257,2024-08-14,309
7803916847257,2024-08-15,303
7803916847257,2024-08-16,303
7803916847257,2024-08-17,290
7803916847257,2024-08-18,289
7803916847257,2024-08-19,313
7803916847257,2024-08-20,313
7803916847257,2024-08-21,304
7803916847257,2024-08-22,294
7803916847257,2024-08-23,289
7803916847257,2024-08-24,288
7803916847257,2024-08-25,313
7803916847257,2024-08-26,311
7803916847257,2024-08-27,311
7803916847257,2024-08-28,307
7803916847257,2024-08-29,307
7803916847257,2024-08-30,304
7803916847257,2024-08-31,313
7803916847257,2024-09-01,310
7803916847257,2024-09-02,301
7803916847257,2024-09-03,301
7803916847257,2024-09-04,288
7803916847257,2024-09-05,283
7803916847257,2024-09-06,313
7803916847257,2024-09-07,305
7803916847257,2024-09-08,305
7803916847257,2024-09-09,299
7803916847257,2024-09-10,295
7803916847257,2024-09-11,295
7803916847257,2024-09-12,313
7803916847257,2024-09-13,313
7803916847257,2024-09-14,310
7803916847257,2024-09-15,310
7803916847257,2024-09-16,305
7803916847257,2024-09-17,305
7803916847257,2024-09-18,305
7803916847257,2024-09-19,313
7803916847257,2024-09-20,309
7803916847257,2024-09-21,309
7803916847257,2024-09-22,307
7803916847257,2024-09-23,305
7803916847257,2024-09-24,313
7803916847257,2024-09-25,313
7803916847257,2024-09-26,311
7803916847257,2024-09-27,311
7803916847257,2024-09-28,307
7803916847257,2024-09-29,307
7803916847257,2024-09-30,313
7803916847257,2024-10-01,313
7803916847257,2024-10-02,307
7803916847257,2024-10-03,301
7803916847257,2024-10-04,301
7803916847257,2024-10-05,296
7803916847257,2024-10-06,296
7803916847257,2024-10-07,292
7803916847257,2024-10-08,313
7803916847257,2024-10-09,308
7803916847257,2024-10-10,308
7803916847257,2024-10-11,300
7803916847257,2024-10-12,300
7803916847257,2024-10-13,288
7803916847257,2024-10-14,313
7803916847257,2024-10-15,304
7803916847257,2024-10-16,304
7803916847257,2024-10-17,304
7803916847257,2024-10-18,304
7803916847257,2024-10-19,298
7803916847257,2024-10-20,298
7803916847257,2024-10-21,313
7803916847257,2024-10-22,313
7803916847257,2024-10-23,312
7803916847257,2024-10-24,310
7803916847257,2024-10-25,310
7803916847257,2024-10-26,303
7803916847257,2024-10-27,301
7803916847257,2024-10-28,296
7803916847257,2024-10-29,313
7803916847257,2024-10-30,307
7803916847257,2024-10-31,307
7803916847257,2024-11-01,307
7803916847257,2024-11-02,307
7803916847257,2024-11-03,307
7803916847257,2024-11-04,300
7803916847257,2024-11-05,300
7803916847257,2024-11-06,294
7803916847257,2024-11-07,313
7803916847257,2024-11-08,306
7803916847257,2024-11-09,304
7803916847257,2024-11-10,298
7803916847257,2024-11-11,298
7803916847257,2024-11-12,298
7803916847257,2024-11-13,296
7803916847257,2024-11-14,289
7803916847257,2024-11-15,313
7803916847257,2024-11-16,303
7803916847257,2024-11-17,303
7803916847257,2024-11-18,302
7803916847257,2024-11-19,297
7803916847257,2024-11-20,287
7803916847257,2024-11-21,278
7803916847257,2024-11-22,278
7803916847257,2024-11-23,270
7803916847257,2024-11-24,313
7803916847257,2024-11-25,308
7803916847257,2024-11-26,308
7803916847257,2024-11-27,301
7803916847257,2024-11-28,301
7803916847257,2024-11-29,295
7803916847257,2024-11-30,289
7803916847257,2024-12-01,283
7803916847257,2024-12-02,313
7803916847257,2024-12-03,310
7803916847257,2024-12-04,310
7803916847257,2024-12-05,300
7803916847257,2024-12-06,300
7803916847257,2024-12-07,296
7803916847257,2024-12-08,292
7803916847257,2024-12-09,313
7803916847257,2024-12-10,308
7803916847257,2024-12-11,308
7803916847257,2024-12-12,301
7803916847257,2024-12-13,299
7803916847257,2024-12-14,299
7803916847257,2024-12-15,294
7803916847257,2024-12-16,294
7803916847257,2024-12-17,313
7803916847257,2024-12-18,313
7803916847257,2024-12-19,312
7803916847257,2024-12-20,306
7803916847257,2024-12-21,299
7803916847257,2024-12-22,296
7803916847257,2024-12-23,291
7803916847257,2024-12-24,291
7803916847257,2024-12-25,313
7803916847257,2024-12-26,305
7803916847257,2024-12-27,305
7803916847257,2024-12-28,304
7803916847257,2024-12-29,304
7803916847257,2024-12-30,298
7803916847257,2024-12-31,313
7803916847257,2025-01-01,308
7803916847257,2025-01-02,305
7803916847257,2025-01-03,304
7803916847257,2025-01-04,304
7803916847257,2025-01-05,299
7803916847257,2025-01-06,313
7803916847257,2025-01-07,311
7803916847257,2025-01-08,300
7803916847257,2025-01-09,300
7803916847257,2025-01-10,294
7803916847257,2025-01-11,294
7803916847257,2025-01-12,290
7803916847257,2025-01-13,313
7803916847257,2025-01-14,313
7803916847257,2025-01-15,304
7803916847257,2025-01-16,304
7803916847257,2025-01-17,304
7803916847257,2025-01-18,300
7803916847257,2025-01-19,300
7803916847257,2025-01-20,299
7803916847257,2025-01-21,299
7803916847257,2025-01-22,313
7803916847257,2025-01-23,313
7803916847257,2025-01-24,312
7803916847257,2025-01-25,312
7803916847257,2025-01-26,307
7803916847257,2025-01-27,307
7803916847257,2025-01-28,298
7803916847257,2025-01-29,296
7803916847257,2025-01-30,313
7803916847257,2025-01-31,310
7803916847257,2025-02-01,303
7803916847257,2025-02-02,303
7803916847257,2025-02-03,299
7803916847257,2025-02-04,293
7803916847257,2025-02-05,288
7803916847257,2025-02-06,280
7803916847257,2025-02-07,313
7803916847257,2025-02-08,313
7803916847257,2025-02-09,313
7803916847257,2025-02-10,311
7803916847257,2025-02-11,302
7803916847257,2025-02-12,313
7803916847257,2025-02-13,313
7803916847257,2025-02-14,312
7803916847257,2025-02-15,312
7803916847257,2025-02-16,308
7803916847257,2025-02-17,313
7803916847257,2025-02-18,311
7803916847257,2025-02-19,302
7803916847257,2025-02-20,295
7803916847257,2025-02-21,295
7803916847257,2025-02-22,285
7803916847257,2025-02-23,285
7803916847257,2025-02-24,313
7803916847257,2025-02-25,313
7803916847257,2025-02-26,312
7803916847257,2025-02-27,312
7803916847257,2025-02-28,304
7803916847257,2025-03-01,304
7803916847257,2025-03-02,313
7803916847257,2025-03-03,313
7803916847257,2025-03-04,307
7803916847257,2025-03-05,307
7803916847257,2025-03-06,302
7803916847257,2025-03-07,302
7803916847257,2025-03-08,298
7803916847257,2025-03-09,298
7803916847257,2025-03-10,313
7803916847257,2025-03-11,313
7803916847257,2025-03-12,306
7803916847257,2025-03-13,301
7803916847257,2025-03-14,301
7803916847257,2025-03-15,313
7803916847257,2025-03-16,308
7803916847257,2025-03-17,308
7803916847257,2025-03-18,302
7803916847257,2025-03-19,302
7803916847257,2025-03-20,296
7803916847257,2025-03-21,296
7803916847257,2025-03-22,292
7803916847257,2025-03-23,289
7803916847257,2025-03-24,313
7803916847257,2025-03-25,312
7803916847257,2025-03-26,312
7803916847257,2025-03-27,303
7803916847257,2025-03-28,300
7803916847257,2025-03-29,300
7803916847257,2025-03-30,313
7803916847257,2025-03-31,305
7803916847257,2025-04-01,302
7803916847257,2025-04-02,302
7803916847257,2025-04-03,296
7803916847257,2025-04-04,296
7803916847257,2025-04-05,313
7803916847257,2025-04-06,313
7803916847257,2025-04-07,309
7803916847257,2025-04-08,302
7803916847257,2025-04-09,297
7803916847257,2025-04-10,297
7803916847257,2025-04-11,291
7803916847257,2025-04-12,279
7803916847257,2025-04-13,274
7803916847257,2025-04-14,313
7803916847257,2025-04-15,307
7803916847257,2025-04-16,307
7803916847257,2025-04-17,303
7803916847257,2025-04-18,300
7803916847257,2025-04-19,296
7803916847257,2025-04-20,296
7803916847257,2025-04-21,290
7803916847257,2025-04-22,313
7803916847257,2025-04-23,306
7803916847257,2025-04-24,301
7803916847257,2025-04-25,294
7803916847257,2025-04-26,285
7803916847257,2025-04-27,281
7803916847257,2025-04-28,280
7803916847257,2025-04-29,280
7803916847257,2025-04-30,313
7803916847257,2025-05-01,310
7803916847257,2025-05-02,310
7803916847257,2025-05-03,306
7803916847257,2025-05-04,306
7803916847257,2025-05-05,302
7803916847257,2025-05-06,297
7803916847257,2025-05-07,313
7803916847257,2025-05-08,307
7803916847257,2025-05-09,307
7803916847257,2025-05-10,301
7803916847257,2025-05-11,301
7803916847257,2025-05-12,313
7803916847257,2025-05-13,313
7803916847257,2025-05-14,304
7803916847257,2025-05-15,304
7803916847257,2025-05-16,301
7803916847257,2025-05-17,291
7803916847257,2025-05-18,291
7803916847257,2025-05-19,287
7803916847257,2025-05-20,287
7803916847257,2025-05-21,313
7803916847257,2025-05-22,310
7803916847257,2025-05-23,310
7803916847257,2025-05-24,301
7803916847257,2025-05-25,301
7803916847257,2025-05-26,296
7803916847257,2025-05-27,296
7803916847257,2025-05-28,289
7803916847257,2025-05-29,313
7803916847257,2025-05-30,305
7803916847257,2025-05-31,305
7803916847257,2025-06-01,294
7803916847257,2025-06-02,294
7803916847257,2025-06-03,290
7803916847257,2025-06-04,290
7803916847257,2025-06-05,285
7803916847257,2025-06-06,313
7803916847257,2025-06-07,305
7803916847257,2025-06-08,305
7803916847257,2025-06-09,301
7803916847257,2025-06-10,297
7803916847257,2025-06-11,297
7803916847257,2025-06-12,290
7803916847257,2025-06-13,313
7803916847257,2025-06-14,313
7803916847257,2025-06-15,307
7803916847257,2025-06-16,307
7803916847257,2025-06-17,306
7803916847257,2025-06-18,306
7803916847257,2025-06-19,301
7803916847257,2025-06-20,294
7803916847257,2025-06-21,294
7803916847257,2025-06-22,313
7803916847257,2025-06-23,313
7803916847257,2025-06-24,306
7803916847257,2025-06-25,306
7803916847257,2025-06-26,303
7803916847257,2025-06-27,299
7803916847257,2025-06-28,299
7803916847257,2025-06-29,291
7803916847257,2025-06-30,313
7803916847257,2025-07-01,305
7803916847257,2025-07-02,299
7803916847257,2025-07-03,299
7803916847257,2025-07-04,296
7803916847257,2025-07-05,295
7803916847257,2025-07-06,295
7803916847257,2025-07-07,293
7803916847257,2025-07-08,293
7803916847257,2025-07-09,313
7803916847257,2025-07-10,308
7803916847257,2025-07-11,298
7803916847257,2025-07-12,297
7803916847257,2025-07-13,294
7803916847257,2025-07-14,294
7803916847257,2025-07-15,313
7803916847257,2025-07-16,313
7803916847257,2025-07-17,310
7803916847257,2025-07-18,310
7803916847257,2025-07-19,306
7803916847257,2025-07-20,306
7803916847257,2025-07-21,306
7803916847257,2025-07-22,306
7803916847257,2025-07-23,304
7803916847257,2025-07-24,313
7803916847257,2025-07-25,304
7803916847257,2025-07-26,304
7803916847257,2025-07-27,299
7803916847257,2025-07-28,293
7803916847257,2025-07-29,289
7803916847257,2025-07-30,286
7803916847257,2025-07-31,313
7803916847257,2025-08-01,313
7803916847257,2025-08-02,313
7803916847257,2025-08-03,307
7803916847257,2025-08-04,307
7803916847257,2025-08-05,313
7803916847257,2025-08-06,313
7803916847257,2025-08-07,311
7803916847257,2025-08-08,304
7803916847257,2025-08-09,301
7803916847257,2025-08-10,301
7803916847257,2025-08-11,296
7803916847257,2025-08-12,296
7803916847257,2025-08-13,313
7803916847257,2025-08-14,309
7803916847257,2025-08-15,304
7803916847257,2025-08-16,304
7803916847257,2025-08-17,299
7803916847257,2025-08-18,299
7803916847257,2025-08-19,313
7803916847257,2025-08-20,308
7803916847257,2025-08-21,308
7803916847257,2025-08-22,299
7803916847257,2025-08-23,299
7803916847257,2025-08-24,297
7803916847257,2025-08-25,295
7803916847257,2025-08-26,295
7803916847257,2025-08-27,313
7803916847257,2025-08-28,313
7803916847257,2025-08-29,308
7803916847257,2025-08-30,300
7803916847257,2025-08-31,300
7803916847257,2025-09-01,294
7803916847257,2025-09-02,294
7803916847257,2025-09-03,313
7803916847257,2025-09-04,313
7803916847257,2025-09-05,309
7803916847257,2025-09-06,304
7803916847257,2025-09-07,304
7803916847257,2025-09-08,299
7803916847257,2025-09-09,299
7803916847257,2025-09-10,295
7803916847257,2025-09-11,287
7803916847257,2025-09-12,313
7803916847257,2025-09-13,304
7803916847257,2025-09-14,303
7803916847257,2025-09-15,299
7803916847257,2025-09-16,299
7803916847257,2025-09-17,297
7803916847257,2025-09-18,295
7803916847257,2025-09-19,295
7803916847257,2025-09-20,313
7803916847257,2025-09-21,312
7803916847257,2025-09-22,312
7803916847257,2025-09-23,310
7803916847257,2025-09-24,310
7803916847257,2025-09-25,305
7803916847257,2025-09-26,305
7803916847257,2025-09-27,305
7803916847257,2025-09-28,313
7803916847257,2025-09-29,301
7803916847257,2025-09-30,289
7803916847257,2025-10-01,289
7803916847257,2025-10-02,283
7803916847257,2025-10-03,283
7803916847257,2025-10-04,275
7803916847257,2025-10-05,313
7803916847257,2025-10-06,306
7803916847257,2025-10-07,306
7803916847257,2025-10-08,305
7803916847257,2025-10-09,305
7803916847257,2025-10-10,297
7803916847257,2025-10-11,297
7803916847257,2025-10-12,313
7803916847257,2025-10-13,313
7803916847257,2025-10-14,310
7803916847257,2025-10-15,310
7803916847257,2025-10-16,307
7803916847257,2025-10-17,302
7803916847257,2025-10-18,313
7803916847257,2025-10-19,313
7803916847257,2025-10-20,307
7803916847257,2025-10-21,304
7803916847257,2025-10-22,304
7803916847257,2025-10-23,297
7803916847257,2025-10-24,289
7803916847257,2025-10-25,313
7803916847257,2025-10-26,304
7803916847257,2025-10-27,300
7803916847257,2025-10-28,300
7803916847257,2025-10-29,295
7803916847257,2025-10-30,313
7803916847257,2025-10-31,311
7803916847257,2025-11-01,311
7803916847257,2025-11-02,306
7803916847257,2025-11-03,306
7803916847257,2025-11-04,303
7803916847257,2025-11-05,313
7803916847257,2025-11-06,312
7803916847257,2025-11-07,310
7803916847257,2025-11-08,310
7803916847257,2025-11-09,304
7803916847257,2025-11-10,313
7803916847257,2025-11-11,313
7803916847257,2025-11-12,305
7803916847257,2025-11-13,303
7803916847257,2025-11-14,303
7803916847257,2025-11-15,299
7803916847257,2025-11-16,299
7803916847257,2025-11-17,313
7803916847257,2025-11-18,306
7803916847257,2025-11-19,306
7803916847257,2025-11-20,298
7803916847257,2025-11-21,298
7803916847257,2025-11-22,313
7803916847257,2025-11-23,313
7803916847257,2025-11-24,308
7803916847257,2025-11-25,308
7803916847257,2025-11-26,302
7803916847257,2025-11-27,302
7803916847257,2025-11-28,296
7803916847257,2025-11-29,313
7803916847257,2025-11-30,313
7803916847257,2025-12-01,308
7803916847257,2025-12-02,303
7803916847257,2025-12-03,297
7803916847257,2025-12-04,292
7803916847257,2025-12-05,313
7803916847257,2025-12-06,308
7803916847257,2025-12-07,301
7803916847257,2025-12-08,295
7803916847257,2025-12-09,290
7803916847257,2025-12-10,285
7803916847257,2025-12-11,281
7803916847257,2025-12-12,313
7803916847257,2025-12-13,307
7803916847257,2025-12-14,304
7803916847257,2025-12-15,299
7803916847257,2025-12-16,291
7803916847257,2025-12-17,291
7803916847257,2025-12-18,284
7803916847257,2025-12-19,284
7803916847257,2025-12-20,280
7803916847257,2025-12-21,313
7803916847257,2025-12-22,307
7803916847257,2025-12-23,301
7803916847257,2025-12-24,301
7803916847257,2025-12-25,301
7803916847257,2025-12-26,301
7803916847257,2025-12-27,290
7803916847257,2025-12-28,313
7803916847257,2025-12-29,311
7803916847257,2025-12-30,305
7803916847257,2025-12-31,305
7803916847257,2026-01-01,298
7803916847257,2026-01-02,290
7803916847257,2026-01-03,313
7803916847257,2026-01-04,309
7803916847257,2026-01-05,309
7803916847257,2026-01-06,305
7803916847257,2026-01-07,305
7803916847257,2026-01-08,299
7803916847257,2026-01-09,313
7803916847257,2026-01-10,307
7803916847257,2026-01-11,301
7803916847257,2026-01-12,297
7803916847257,2026-01-13,293
7803916847257,2026-01-14,293
7803916847257,2026-01-15,290
7803916847257,2026-01-16,290
7803916847257,2026-01-17,313
7803916847257,2026-01-18,313
7803916847257,2026-01-19,310
7803916847257,2026-01-20,310
7803916847257,2026-01-21,309
7803916847257,2026-01-22,301
7803916847257,2026-01-23,289
7803916847257,2026-01-24,289
7803916847257,2026-01-25,313
7803916847257,2026-01-26,313
7803916847257,2026-01-27,313
7803916847257,2026-01-28,310
7803916847257,2026-01-29,310
7803916847257,2026-01-30,308
7803916847257,2026-01-31,301
7803916847257,2026-02-01,301
7803916847257,2026-02-02,301
7803916847257,2026-02-03,313
7803916847257,2026-02-04,313
7803916847257,2026-02-05,309
7803916847257,2026-02-06,305
7803916847257,2026-02-07,305
7803916847257,2026-02-08,301
7803916847257,2026-02-09,301
7803916847257,2026-02-10,313
7803916847257,2026-02-11,313
7803916847257,2026-02-12,313
7803916847257,2026-02-13,307
7803916847257,2026-02-14,301
7803916847257,2026-02-15,294
7803916847257,2026-02-16,294
7803916847257,2026-02-17,313
7803916847257,2026-02-18,313
7803916847257,2026-02-19,305
7803916847257,2026-02-20,305
7803916847257,2026-02-21,299
7803916847257,2026-02-22,299
7803916847257,2026-02-23,294
7803916847257,2026-02-24,292
7803916847257,2026-02-25,313
7803916847257,2026-02-26,304
7803916847257,2026-02-27,297
7803916847257,2026-02-28,297
7803916847257,2026-03-01,296
7803916847257,2026-03-02,313
7803916847257,2026-03-03,310
7803916847257,2026-03-04,306
7803916847257,2026-03-05,301
7803916847257,2026-03-06,296
7803916847257,2026-03-07,313
7803916847257,2026-03-08,307
7803916847257,2026-03-09,303
7803916847257,2026-03-10,297
7803916847257,2026-03-11,297
7803916847257,2026-03-12,293
7803916847257,2026-03-13,286
7803916847257,2026-03-14,313
7803916847257,2026-03-15,307
7803916847257,2026-03-16,307
7803916847257,2026-03-17,299
7803916847257,2026-03-18,291
7803916847257,2026-03-19,291
7803916847257,2026-03-20,283
7803916847257,2026-03-21,283
7803916847257,2026-03-22,313
7803916847257,2026-03-23,307
7803916847257,2026-03-24,303
7803916847257,2026-03-25,303
7803916847257,2026-03-26,302
7803916847257,2026-03-27,296
7803916847257,2026-03-28,291
7803916847257,2026-03-29,291
7803916847257,2026-03-30,313
7803916847257,2026-03-31,313
7803916847257,2026-04-01,309
7803916847257,2026-04-02,297
7803916847257,2026-04-03,297
7803916847257,2026-04-04,313
7803916847257,2026-04-05,313
7803916847257,2026-04-06,309
7803916847257,2026-04-07,309
7803916847257,2026-04-08,306
7803916847257,2026-04-09,306
7803916847257,2026-04-10,306
7803916847257,2026-04-11,297
7803916847257,2026-04-12,313
7803916847257,2026-04-13,312
7803916847257,2026-04-14,312
7803916847257,2026-04-15,310
7803916847257,2026-04-16,303
7803916847257,2026-04-17,290
7803916847257,2026-04-18,290
7803916847257,2026-04-19,313
7803916847257,2026-04-20,307
7803916847257,2026-04-21,307
7803916847257,2026-04-22,306
7803916847257,2026-04-23,299
7803916847257,2026-04-24,299
7803916847257,2026-04-25,289
7803916847257,2026-04-26,289
7803916847257,2026-04-27,313
7803916847257,2026-04-28,304
7803916847257,2026-04-29,304
7803916847257,2026-04-30,300
7803916847257,2026-05-01,300
7803916847257,2026-05-02,313
7803916847257,2026-05-03,313
7803916847257,2026-05-04,307
7803916847257,2026-05-05,301
7803916847257,2026-05-06,295
7803916847257,2026-05-07,313
7803916847257,2026-05-08,309
7803916847257,2026-05-09,309
7803916847257,2026-05-10,308
7803916847257,2026-05-11,308
7803916847257,2026-05-12,302
7803916847257,2026-05-13,313
7803916847257,2026-05-14,304
7803916847257,2026-05-15,300
7803916847257,2026-05-16,300
7803916847257,2026-05-17,294
7803916847257,2026-05-18,291
7803916847257,2026-05-19,313
7803916847257,2026-05-20,307
7803916847257,2026-05-21,307
7803916847257,2026-05-22,299
7803916847257,2026-05-23,293
7803916847257,2026-05-24,293
7803916847257,2026-05-25,287
7803916847257,2026-05-26,287
7803916847257,2026-05-27,279
7803916847257,2026-05-28,313
7803916847257,2026-05-29,313
7803916847257,2026-05-30,304
7803916847257,2026-05-31,304
7803916847257,2026-06-01,298
7803916847257,2026-06-02,290
7803916847257,2026-06-03,290
7803916847257,2026-06-04,313
7803916847257,2026-06-05,308
7803916847257,2026-06-06,301
7803916847257,2026-06-07,299
7803916847257,2026-06-08,296
7803916847257,2026-06-09,294
7803916847257,2026-06-10,287
7803916847257,2026-06-11,313
7803916847257,2026-06-12,309
7803916847257,2026-06-13,299
7803916847257,2026-06-14,296
7803916847257,2026-06-15,288
7803916847257,2026-06-16,284
7803916847257,2026-06-17,284
7803916847257,2026-06-18,279
7803916847257,2026-06-19,313
7803916847257,2026-06-20,307
7803916847257,2026-06-21,307
7803916847257,2026-06-22,302
7803916847257,2026-06-23,293
7803916847257,2026-06-24,293
7803916847257,2026-06-25,286
7803916847257,2026-06-26,286
7803916847257,2026-06-27,313
7803916847257,2026-06-28,304
7803916847257,2026-06-29,299
7803916847257,2026-06-30,299
7803916847257,2026-07-01,291
7807562931486,2024-01-01,565
7807562931486,2024-01-02,564
7807562931486,2024-01-03,558
7807562931486,2024-01-04,558
7807562931486,2024-01-05,556
7807562931486,2024-01-06,574
7807562931486,2024-01-07,574
7807562931486,2024-01-08,570
7807562931486,2024-01-09,566
7807562931486,2024-01-10,556
7807562931486,2024-01-11,553
7807562931486,2024-01-12,550
7807562931486,2024-01-13,550
7807562931486,2024-01-14,544
7807562931486,2024-01-15,574
7807562931486,2024-01-16,570
7807562931486,2024-01-17,566
7807562931486,2024-01-18,560
7807562931486,2024-01-19,553
7807562931486,2024-01-20,546
7807562931486,2024-01-21,546
7807562931486,2024-01-22,541
7807562931486,2024-01-23,574
7807562931486,2024-01-24,570
7807562931486,2024-01-25,570
7807562931486,2024-01-26,563
7807562931486,2024-01-27,563
7807562931486,2024-01-28,555
7807562931486,2024-01-29,555
7807562931486,2024-01-30,574
7807562931486,2024-01-31,574
7807562931486,2024-02-01,571
7807562931486,2024-02-02,571
7807562931486,2024-02-03,566
7807562931486,2024-02-04,566
7807562931486,2024-02-05,565
7807562931486,2024-02-06,564
7807562931486,2024-02-07,556
7807562931486,2024-02-08,574
7807562931486,2024-02-09,574
7807562931486,2024-02-10,571
7807562931486,2024-02-11,559
7807562931486,2024-02-12,555
7807562931486,2024-02-13,555
7807562931486,2024-02-14,574
7807562931486,2024-02-15,573
7807562931486,2024-02-16,573
7807562931486,2024-02-17,569
7807562931486,2024-02-18,569
7807562931486,2024-02-19,560
7807562931486,2024-02-20,574
7807562931486,2024-02-21,574
7807562931486,2024-02-22,573
7807562931486,2024-02-23,566
7807562931486,2024-02-24,566
7807562931486,2024-02-25,561
7807562931486,2024-02-26,555
7807562931486,2024-02-27,574
7807562931486,2024-02-28,573
7807562931486,2024-02-29,573
7807562931486,2024-03-01,570
7807562931486,2024-03-02,570
7807562931486,2024-03-03,569
7807562931486,2024-03-04,569
7807562931486,2024-03-05,567
7807562931486,2024-03-06,574
7807562931486,2024-03-07,574
7807562931486,2024-03-08,574
7807562931486,2024-03-09,572
7807562931486,2024-03-10,566
7807562931486,2024-03-11,566
7807562931486,2024-03-12,563
7807562931486,2024-03-13,574
7807562931486,2024-03-14,568
7807562931486,2024-03-15,561
7807562931486,2024-03-16,557
7807562931486,2024-03-17,554
7807562931486,2024-03-18,574
7807562931486,2024-03-19,574
7807562931486,2024-03-20,568
7807562931486,2024-03-21,566
7807562931486,2024-03-22,560
7807562931486,2024-03-23,559
7807562931486,2024-03-24,559
7807562931486,2024-03-25,559
7807562931486,2024-03-26,559
7807562931486,2024-03-27,574
7807562931486,2024-03-28,566
7807562931486,2024-03-29,564
7807562931486,2024-03-30,557
7807562931486,2024-03-31,557
7807562931486,2024-04-01,574
7807562931486,2024-04-02,574
7807562931486,2024-04-03,570
7807562931486,2024-04-04,570
7807562931486,2024-04-05,559
7807562931486,2024-04-06,559
7807562931486,2024-04-07,559
7807562931486,2024-04-08,574
7807562931486,2024-04-09,574
7807562931486,2024-04-10,568
7807562931486,2024-04-11,564
7807562931486,2024-04-12,560
7807562931486,2024-04-13,574
7807562931486,2024-04-14,567
7807562931486,2024-04-15,565
7807562931486,2024-04-16,565
7807562931486,2024-04-17,556
7807562931486,2024-04-18,550
7807562931486,2024-04-19,550
7807562931486,2024-04-20,545
7807562931486,2024-04-21,545
7807562931486,2024-04-22,574
7807562931486,2024-04-23,572
7807562931486,2024-04-24,565
7807562931486,2024-04-25,565
7807562931486,2024-04-26,564
7807562931486,2024-04-27,564
7807562931486,2024-04-28,556
7807562931486,2024-04-29,556
7807562931486,2024-04-30,551
7807562931486,2024-05-01,574
7807562931486,2024-05-02,569
7807562931486,2024-05-03,569
7807562931486,2024-05-04,558
7807562931486,2024-05-05,554
7807562931486,2024-05-06,549
7807562931486,2024-05-07,549
7807562931486,2024-05-08,574
7807562931486,2024-05-09,574
7807562931486,2024-05-10,567
7807562931486,2024-05-11,567
7807562931486,2024-05-12,558
7807562931486,2024-05-13,558
7807562931486,2024-05-14,550
7807562931486,2024-05-15,574
7807562931486,2024-05-16,572
7807562931486,2024-05-17,572
7807562931486,2024-05-18,559
7807562931486,2024-05-19,550
7807562931486,2024-05-20,550
7807562931486,2024-05-21,574
7807562931486,2024-05-22,574
7807562931486,2024-05-23,574
7807562931486,2024-05-24,565
7807562931486,2024-05-25,564
7807562931486,2024-05-26,574
7807562931486,2024-05-27,568
7807562931486,2024-05-28,568
7807562931486,2024-05-29,565
7807562931486,2024-05-30,559
7807562931486,2024-05-31,559
7807562931486,2024-06-01,574
7807562931486,2024-06-02,574
7807562931486,2024-06-03,569
7807562931486,2024-06-04,566
7807562931486,2024-06-05,562
7807562931486,2024-06-06,562
7807562931486,2024-06-07,550
7807562931486,2024-06-08,549
7807562931486,2024-06-09,549
7807562931486,2024-06-10,574
7807562931486,2024-06-11,565
7807562931486,2024-06-12,562
7807562931486,2024-06-13,557
7807562931486,2024-06-14,555
7807562931486,2024-06-15,555
7807562931486,2024-06-16,553
7807562931486,2024-06-17,553
7807562931486,2024-06-18,574
7807562931486,2024-06-19,574
7807562931486,2024-06-20,572
7807562931486,2024-06-21,564
7807562931486,2024-06-22,564
7807562931486,2024-06-23,574
7807562931486,2024-06-24,574
7807562931486,2024-06-25,568
7807562931486,2024-06-26,564
7807562931486,2024-06-27,564
7807562931486,2024-06-28,558
7807562931486,2024-06-29,558
7807562931486,2024-06-30,558
7807562931486,2024-07-01,574
7807562931486,2024-07-02,574
7807562931486,2024-07-03,574
7807562931486,2024-07-04,570
7807562931486,2024-07-05,565
7807562931486,2024-07-06,564
7807562931486,2024-07-07,564
7807562931486,2024-07-08,574
7807562931486,2024-07-09,574
7807562931486,2024-07-10,573
7807562931486,2024-07-11,573
7807562931486,2024-07-12,565
7807562931486,2024-07-13,558
7807562931486,2024-07-14,551
7807562931486,2024-07-15,574
7807562931486,2024-07-16,567
7807562931486,2024-07-17,567
7807562931486,2024-07-18,560
7807562931486,2024-07-19,556
7807562931486,2024-07-20,556
7807562931486,2024-07-21,551
7807562931486,2024-07-22,551
7807562931486,2024-07-23,574
7807562931486,2024-07-24,569
7807562931486,2024-07-25,569
7807562931486,2024-07-26,567
7807562931486,2024-07-27,558
7807562931486,2024-07-28,574
7807562931486,2024-07-29,574
7807562931486,2024-07-30,570
7807562931486,2024-07-31,570
7807562931486,2024-08-01,560
7807562931486,2024-08-02,554
7807562931486,2024-08-03,548
7807562931486,2024-08-04,544
7807562931486,2024-08-05,544
7807562931486,2024-08-06,574
7807562931486,2024-08-07,568
7807562931486,2024-08-08,558
7807562931486,2024-08-09,558
7807562931486,2024-08-10,551
7807562931486,2024-08-11,546
7807562931486,2024-08-12,540
7807562931486,2024-08-13,540
7807562931486,2024-08-14,574
7807562931486,2024-08-15,567
7807562931486,2024-08-16,562
7807562931486,2024-08-17,562
7807562931486,2024-08-18,556
7807562931486,2024-08-19,548
7807562931486,2024-08-20,539
7807562931486,2024-08-21,574
7807562931486,2024-08-22,574
7807562931486,2024-08-23,566
7807562931486,2024-08-24,565
7807562931486,2024-08-25,557
7807562931486,2024-08-26,550
7807562931486,2024-08-27,547
7807562931486,2024-08-28,574
7807562931486,2024-08-29,563
7807562931486,2024-08-30,563
7807562931486,2024-08-31,561
7807562931486,2024-09-01,561
7807562931486,2024-09-02,574
7807562931486,2024-09-03,571
7807562931486,2024-09-04,571
7807562931486,2024-09-05,563
7807562931486,2024-09-06,558
7807562931486,2024-09-07,558
7807562931486,2024-09-08,574
7807562931486,2024-09-09,563
7807562931486,2024-09-10,561
7807562931486,2024-09-11,561
7807562931486,2024-09-12,556
7807562931486,2024-09-13,556
7807562931486,2024-09-14,552
7807562931486,2024-09-15,552
7807562931486,2024-09-16,574
7807562931486,2024-09-17,574
7807562931486,2024-09-18,571
7807562931486,2024-09-19,571
7807562931486,2024-09-20,564
7807562931486,2024-09-21,574
7807562931486,2024-09-22,571
7807562931486,2024-09-23,571
7807562931486,2024-09-24,567
7807562931486,2024-09-25,558
7807562931486,2024-09-26,558
7807562931486,2024-09-27,574
7807562931486,2024-09-28,574
7807562931486,2024-09-29,565
7807562931486,2024-09-30,560
7807562931486,2024-10-01,560
7807562931486,2024-10-02,559
7807562931486,2024-10-03,574
7807562931486,2024-10-04,573
7807562931486,2024-10-05,565
7807562931486,2024-10-06,553
7807562931486,2024-10-07,553
7807562931486,2024-10-08,545
7807562931486,2024-10-09,574
7807562931486,2024-10-10,574
7807562931486,2024-10-11,574
7807562931486,2024-10-12,569
7807562931486,2024-10-13,569
7807562931486,2024-10-14,566
7807562931486,2024-10-15,574
7807562931486,2024-10-16,573
7807562931486,2024-10-17,573
7807562931486,2024-10-18,567
7807562931486,2024-10-19,567
7807562931486,2024-10-20,564
7807562931486,2024-10-21,564
7807562931486,2024-10-22,574
7807562931486,2024-10-23,569
7807562931486,2024-10-24,560
7807562931486,2024-10-25,554
7807562931486,2024-10-26,548
7807562931486,2024-10-27,574
7807562931486,2024-10-28,566
7807562931486,2024-10-29,566
7807562931486,2024-10-30,562
7807562931486,2024-10-31,558
7807562931486,2024-11-01,574
7807562931486,2024-11-02,574
7807562931486,2024-11-03,568
7807562931486,2024-11-04,568
7807562931486,2024-11-05,559
7807562931486,2024-11-06,559
7807562931486,2024-11-07,559
7807562931486,2024-11-08,555
7807562931486,2024-11-09,574
7807562931486,2024-11-10,569
7807562931486,2024-11-11,569
7807562931486,2024-11-12,565
7807562931486,2024-11-13,565
7807562931486,2024-11-14,557
7807562931486,2024-11-15,548
7807562931486,2024-11-16,548
7807562931486,2024-11-17,574
7807562931486,2024-11-18,571
7807562931486,2024-11-19,571
7807562931486,2024-11-20,565
7807562931486,2024-11-21,565
7807562931486,2024-11-22,560
7807562931486,2024-11-23,560
7807562931486,2024-11-24,559
7807562931486,2024-11-25,574
7807562931486,2024-11-26,571
7807562931486,2024-11-27,567
7807562931486,2024-11-28,567
7807562931486,2024-11-29,562
7807562931486,2024-11-30,562
7807562931486,2024-12-01,553
7807562931486,2024-12-02,553
7807562931486,2024-12-03,574
7807562931486,2024-12-04,571
7807562931486,2024-12-05,564
7807562931486,2024-12-06,557
7807562931486,2024-12-07,557
7807562931486,2024-12-08,574
7807562931486,2024-12-09,574
7807562931486,2024-12-10,567
7807562931486,2024-12-11,567
7807562931486,2024-12-12,560
7807562931486,2024-12-13,554
7807562931486,2024-12-14,554
7807562931486,2024-12-15,554
7807562931486,2024-12-16,574
7807562931486,2024-12-17,574
7807562931486,2024-12-18,569
7807562931486,2024-12-19,569
7807562931486,2024-12-20,563
7807562931486,2024-12-21,574
7807562931486,2024-12-22,574
7807562931486,2024-12-23,568
7807562931486,2024-12-24,564
7807562931486,2024-12-25,564
7807562931486,2024-12-26,563
7807562931486,2024-12-27,563
7807562931486,2024-12-28,574
7807562931486,2024-12-29,570
7807562931486,2024-12-30,566
7807562931486,2024-12-31,566
7807562931486,2025-01-01,563
7807562931486,2025-01-02,563
7807562931486,2025-01-03,557
7807562931486,2025-01-04,557
7807562931486,2025-01-05,574
7807562931486,2025-01-06,574
7807562931486,2025-01-07,574
7807562931486,2025-01-08,569
7807562931486,2025-01-09,569
7807562931486,2025-01-10,563
7807562931486,2025-01-11,563
7807562931486,2025-01-12,563
7807562931486,2025-01-13,574
7807562931486,2025-01-14,564
7807562931486,2025-01-15,564
7807562931486,2025-01-16,557
7807562931486,2025-01-17,557
7807562931486,2025-01-18,551
7807562931486,2025-01-19,551
7807562931486,2025-01-20,574
7807562931486,2025-01-21,574
7807562931486,2025-01-22,570
7807562931486,2025-01-23,570
7807562931486,2025-01-24,567
7807562931486,2025-01-25,567
7807562931486,2025-01-26,562
7807562931486,2025-01-27,553
7807562931486,2025-01-28,574
7807562931486,2025-01-29,572
7807562931486,2025-01-30,572
7807562931486,2025-01-31,565
7807562931486,2025-02-01,565
7807562931486,2025-02-02,553
7807562931486,2025-02-03,553
7807562931486,2025-02-04,545
7807562931486,2025-02-05,545
7807562931486,2025-02-06,574
7807562931486,2025-02-07,568
7807562931486,2025-02-08,560
7807562931486,2025-02-09,555
7807562931486,2025-02-10,555
7807562931486,2025-02-11,555
7807562931486,2025-02-12,555
7807562931486,2025-02-13,552
7807562931486,2025-02-14,542
7807562931486,2025-02-15,574
7807562931486,2025-02-16,574
7807562931486,2025-02-17,571
7807562931486,2025-02-18,571
7807562931486,2025-02-19,567
7807562931486,2025-02-20,564
7807562931486,2025-02-21,574
7807562931486,2025-02-22,574
7807562931486,2025-02-23,568
7807562931486,2025-02-24,568
7807562931486,2025-02-25,566
7807562931486,2025-02-26,562
7807562931486,2025-02-27,556
7807562931486,2025-02-28,556
7807562931486,2025-03-01,574
7807562931486,2025-03-02,574
7807562931486,2025-03-03,566
7807562931486,2025-03-04,566
7807562931486,2025-03-05,556
7807562931486,2025-03-06,545
7807562931486,2025-03-07,545
7807562931486,2025-03-08,538
7807562931486,2025-03-09,538
7807562931486,2025-03-10,574
7807562931486,2025-03-11,574
7807562931486,2025-03-12,574
7807562931486,2025-03-13,574
7807562931486,2025-03-14,566
7807562931486,2025-03-15,557
7807562931486,2025-03-16,549
7807562931486,2025-03-17,574
7807562931486,2025-03-18,567
7807562931486,2025-03-19,563
7807562931486,2025-03-20,563
7807562931486,2025-03-21,560
7807562931486,2025-03-22,560
7807562931486,2025-03-23,552
7807562931486,2025-03-24,545
7807562931486,2025-03-25,574
7807562931486,2025-03-26,566
7807562931486,2025-03-27,566
7807562931486,2025-03-28,562
7807562931486,2025-03-29,560
7807562931486,2025-03-30,555
7807562931486,2025-03-31,574
7807562931486,2025-04-01,573
7807562931486,2025-04-02,573
7807562931486,2025-04-03,566
7807562931486,2025-04-04,564
7807562931486,2025-04-05,564
7807562931486,2025-04-06,555
7807562931486,2025-04-07,554
7807562931486,2025-04-08,554
7807562931486,2025-04-09,574
7807562931486,2025-04-10,574
7807562931486,2025-04-11,574
7807562931486,2025-04-12,572
7807562931486,2025-04-13,572
7807562931486,2025-04-14,560
7807562931486,2025-04-15,557
7807562931486,2025-04-16,574
7807562931486,2025-04-17,569
7807562931486,2025-04-18,561
7807562931486,2025-04-19,561
7807562931486,2025-04-20,558
7807562931486,2025-04-21,558
7807562931486,2025-04-22,548
7807562931486,2025-04-23,540
7807562931486,2025-04-24,574
7807562931486,2025-04-25,568
7807562931486,2025-04-26,568
7807562931486,2025-04-27,564
7807562931486,2025-04-28,564
7807562931486,2025-04-29,555
7807562931486,2025-04-30,574
7807562931486,2025-05-01,573
7807562931486,2025-05-02,573
7807562931486,2025-05-03,564
7807562931486,2025-05-04,564
7807562931486,2025-05-05,574
7807562931486,2025-05-06,574
7807562931486,2025-05-07,567
7807562931486,2025-05-08,567
7807562931486,2025-05-09,563
7807562931486,2025-05-10,556
7807562931486,2025-05-11,555
7807562931486,2025-05-12,555
7807562931486,2025-05-13,574
7807562931486,2025-05-14,574
7807562931486,2025-05-15,567
7807562931486,2025-05-16,562
7807562931486,2025-05-17,561
7807562931486,2025-05-18,561
7807562931486,2025-05-19,556
7807562931486,2025-05-20,556
7807562931486,2025-05-21,574
7807562931486,2025-05-22,569
7807562931486,2025-05-23,563
7807562931486,2025-05-24,563
7807562931486,2025-05-25,559
7807562931486,2025-05-26,559
7807562931486,2025-05-27,553
7807562931486,2025-05-28,574
7807562931486,2025-05-29,572
7807562931486,2025-05-30,572
7807562931486,2025-05-31,565
7807562931486,2025-06-01,565
7807562931486,2025-06-02,556
7807562931486,2025-06-03,574
7807562931486,2025-06-04,567
7807562931486,2025-06-05,567
7807562931486,2025-06-06,561
7807562931486,2025-06-07,561
7807562931486,2025-06-08,550
7807562931486,2025-06-09,574
7807562931486,2025-06-10,565
7807562931486,2025-06-11,562
7807562931486,2025-06-12,555
7807562931486,2025-06-13,550
7807562931486,2025-06-14,574
7807562931486,2025-06-15,574
7807562931486,2025-06-16,567
7807562931486,2025-06-17,560
7807562931486,2025-06-18,555
7807562931486,2025-06-19,551
7807562931486,2025-06-20,574
7807562931486,2025-06-21,572
7807562931486,2025-06-22,567
7807562931486,2025-06-23,567
7807562931486,2025-06-24,560
7807562931486,2025-06-25,560
7807562931486,2025-06-26,555
7807562931486,2025-06-27,555
7807562931486,2025-06-28,574
7807562931486,2025-06-29,568
7807562931486,2025-06-30,558
7807562931486,2025-07-01,558
7807562931486,2025-07-02,551
7807562931486,2025-07-03,541
7807562931486,2025-07-04,541
7807562931486,2025-07-05,534
7807562931486,2025-07-06,534
7807562931486,2025-07-07,574
7807562931486,2025-07-08,573
7807562931486,2025-07-09,570
7807562931486,2025-07-10,570
7807562931486,2025-07-11,570
7807562931486,2025-07-12,564
7807562931486,2025-07-13,560
7807562931486,2025-07-14,574
7807562931486,2025-07-15,574
7807562931486,2025-07-16,570
7807562931486,2025-07-17,565
7807562931486,2025-07-18,565
7807562931486,2025-07-19,574
7807562931486,2025-07-20,574
7807562931486,2025-07-21,574
7807562931486,2025-07-22,572
7807562931486,2025-07-23,572
7807562931486,2025-07-24,574
7807562931486,2025-07-25,574
7807562931486,2025-07-26,565
7807562931486,2025-07-27,561
7807562931486,2025-07-28,561
7807562931486,2025-07-29,554
7807562931486,2025-07-30,574
7807562931486,2025-07-31,566
7807562931486,2025-08-01,557
7807562931486,2025-08-02,557
7807562931486,2025-08-03,549
7807562931486,2025-08-04,544
7807562931486,2025-08-05,536
7807562931486,2025-08-06,536
7807562931486,2025-08-07,574
7807562931486,2025-08-08,574
7807562931486,2025-08-09,573
7807562931486,2025-08-10,573
7807562931486,2025-08-11,566
7807562931486,2025-08-12,566
7807562931486,2025-08-13,562
7807562931486,2025-08-14,562
7807562931486,2025-08-15,574
7807562931486,2025-08-16,574
7807562931486,2025-08-17,568
7807562931486,2025-08-18,568
7807562931486,2025-08-19,561
7807562931486,2025-08-20,555
7807562931486,2025-08-21,574
7807562931486,2025-08-22,574
7807562931486,2025-08-23,568
7807562931486,2025-08-24,556
7807562931486,2025-08-25,551
7807562931486,2025-08-26,551
7807562931486,2025-08-27,549
7807562931486,2025-08-28,549
7807562931486,2025-08-29,574
7807562931486,2025-08-30,574
7807562931486,2025-08-31,565
7807562931486,2025-09-01,557
7807562931486,2025-09-02,553
7807562931486,2025-09-03,553
7807562931486,2025-09-04,546
7807562931486,2025-09-05,538
7807562931486,2025-09-06,574
7807562931486,2025-09-07,573
7807562931486,2025-09-08,573
7807562931486,2025-09-09,572
7807562931486,2025-09-10,572
7807562931486,2025-09-11,565
7807562931486,2025-09-12,565
7807562931486,2025-09-13,561
7807562931486,2025-09-14,555
7807562931486,2025-09-15,574
7807562931486,2025-09-16,574
7807562931486,2025-09-17,574
7807562931486,2025-09-18,574
7807562931486,2025-09-19,573
7807562931486,2025-09-20,565
7807562931486,2025-09-21,565
7807562931486,2025-09-22,574
7807562931486,2025-09-23,574
7807562931486,2025-09-24,569
7807562931486,2025-09-25,564
7807562931486,2025-09-26,564
7807562931486,2025-09-27,561
7807562931486,2025-09-28,552
7807562931486,2025-09-29,574
7807562931486,2025-09-30,574
7807562931486,2025-10-01,573
7807562931486,2025-10-02,568
7807562931486,2025-10-03,568
7807562931486,2025-10-04,567
7807562931486,2025-10-05,564
7807562931486,2025-10-06,574
7807562931486,2025-10-07,568
7807562931486,2025-10-08,562
7807562931486,2025-10-09,562
7807562931486,2025-10-10,558
7807562931486,2025-10-11,574
7807562931486,2025-10-12,566
7807562931486,2025-10-13,566
7807562931486,2025-10-14,559
7807562931486,2025-10-15,559
7807562931486,2025-10-16,551
7807562931486,2025-10-17,574
7807562931486,2025-10-18,571
7807562931486,2025-10-19,571
7807562931486,2025-10-20,569
7807562931486,2025-10-21,569
7807562931486,2025-10-22,574
7807562931486,2025-10-23,574
7807562931486,2025-10-24,572
7807562931486,2025-10-25,572
7807562931486,2025-10-26,568
7807562931486,2025-10-27,568
7807562931486,2025-10-28,565
7807562931486,2025-10-29,574
7807562931486,2025-10-30,571
7807562931486,2025-10-31,571
7807562931486,2025-11-01,567
7807562931486,2025-11-02,559
7807562931486,2025-11-03,574
7807562931486,2025-11-04,574
7807562931486,2025-11-05,574
7807562931486,2025-11-06,574
7807562931486,2025-11-07,566
7807562931486,2025-11-08,566
7807562931486,2025-11-09,560
7807562931486,2025-11-10,560
7807562931486,2025-11-11,574
7807562931486,2025-11-12,572
7807562931486,2025-11-13,565
7807562931486,2025-11-14,564
7807562931486,2025-11-15,564
7807562931486,2025-11-16,559
7807562931486,2025-11-17,559
7807562931486,2025-11-18,559
7807562931486,2025-11-19,553
7807562931486,2025-11-20,574
7807562931486,2025-11-21,573
7807562931486,2025-11-22,571
7807562931486,2025-11-23,566
7807562931486,2025-11-24,564
7807562931486,2025-11-25,564
7807562931486,2025-11-26,556
7807562931486,2025-11-27,574
7807562931486,2025-11-28,568
7807562931486,2025-11-29,568
7807562931486,2025-11-30,563
7807562931486,2025-12-01,563
7807562931486,2025-12-02,561
7807562931486,2025-12-03,561
7807562931486,2025-12-04,574
7807562931486,2025-12-05,570
7807562931486,2025-12-06,557
7807562931486,2025-12-07,557
7807562931486,2025-12-08,548
7807562931486,2025-12-09,544
7807562931486,2025-12-10,574
7807562931486,2025-12-11,569
7807562931486,2025-12-12,562
7807562931486,2025-12-13,562
7807562931486,2025-12-14,554
7807562931486,2025-12-15,574
7807562931486,2025-12-16,574
7807562931486,2025-12-17,574
7807562931486,2025-12-18,574
7807562931486,2025-12-19,574
7807562931486,2025-12-20,569
7807562931486,2025-12-21,565
7807562931486,2025-12-22,574
7807562931486,2025-12-23,564
7807562931486,2025-12-24,561
7807562931486,2025-12-25,556
7807562931486,2025-12-26,556
7807562931486,2025-12-27,574
7807562931486,2025-12-28,574
7807562931486,2025-12-29,574
7807562931486,2025-12-30,569
7807562931486,2025-12-31,569
7807562931486,2026-01-01,574
7807562931486,2026-01-02,568
7807562931486,2026-01-03,568
7807562931486,2026-01-04,562
7807562931486,2026-01-05,562
7807562931486,2026-01-06,574
7807562931486,2026-01-07,568
7807562931486,2026-01-08,568
7807562931486,2026-01-09,568
7807562931486,2026-01-10,565
7807562931486,2026-01-11,565
7807562931486,2026-01-12,574
7807562931486,2026-01-13,574
7807562931486,2026-01-14,569
7807562931486,2026-01-15,569
7807562931486,2026-01-16,564
7807562931486,2026-01-17,564
7807562931486,2026-01-18,563
7807562931486,2026-01-19,561
7807562931486,2026-01-20,574
7807562931486,2026-01-21,569
7807562931486,2026-01-22,567
7807562931486,2026-01-23,567
7807562931486,2026-01-24,563
7807562931486,2026-01-25,558
7807562931486,2026-01-26,574
7807562931486,2026-01-27,565
7807562931486,2026-01-28,565
7807562931486,2026-01-29,563
7807562931486,2026-01-30,563
7807562931486,2026-01-31,574
7807562931486,2026-02-01,574
7807562931486,2026-02-02,566
7807562931486,2026-02-03,566
7807562931486,2026-02-04,557
7807562931486,2026-02-05,574
7807562931486,2026-02-06,569
7807562931486,2026-02-07,569
7807562931486,2026-02-08,562
7807562931486,2026-02-09,562
7807562931486,2026-02-10,555
7807562931486,2026-02-11,555
7807562931486,2026-02-12,548
7807562931486,2026-02-13,574
7807562931486,2026-02-14,567
7807562931486,2026-02-15,567
7807562931486,2026-02-16,563
7807562931486,2026-02-17,563
7807562931486,2026-02-18,553
7807562931486,2026-02-19,547
7807562931486,2026-02-20,574
7807562931486,2026-02-21,567
7807562931486,2026-02-22,567
7807562931486,2026-02-23,559
7807562931486,2026-02-24,555
7807562931486,2026-02-25,574
7807562931486,2026-02-26,574
7807562931486,2026-02-27,573
7807562931486,2026-02-28,573
7807562931486,2026-03-01,569
7807562931486,2026-03-02,566
7807562931486,2026-03-03,562
7807562931486,2026-03-04,574
7807562931486,2026-03-05,569
7807562931486,2026-03-06,569
7807562931486,2026-03-07,562
7807562931486,2026-03-08,562
7807562931486,2026-03-09,556
7807562931486,2026-03-10,556
7807562931486,2026-03-11,556
7807562931486,2026-03-12,547
7807562931486,2026-03-13,574
7807562931486,2026-03-14,567
7807562931486,2026-03-15,567
7807562931486,2026-03-16,561
7807562931486,2026-03-17,560
7807562931486,2026-03-18,557
7807562931486,2026-03-19,552
7807562931486,2026-03-20,546
7807562931486,2026-03-21,574
7807562931486,2026-03-22,570
7807562931486,2026-03-23,570
7807562931486,2026-03-24,565
7807562931486,2026-03-25,565
7807562931486,2026-03-26,561
7807562931486,2026-03-27,561
7807562931486,2026-03-28,555
7807562931486,2026-03-29,574
7807562931486,2026-03-30,574
7807562931486,2026-03-31,569
7807562931486,2026-04-01,569
7807562931486,2026-04-02,564
7807562931486,2026-04-03,564
7807562931486,2026-04-04,559
7807562931486,2026-04-05,559
7807562931486,2026-04-06,574
7807562931486,2026-04-07,574
7807562931486,2026-04-08,572
7807562931486,2026-04-09,564
7807562931486,2026-04-10,564
7807562931486,2026-04-11,559
7807562931486,2026-04-12,559
7807562931486,2026-04-13,556
7807562931486,2026-04-14,574
7807562931486,2026-04-15,563
7807562931486,2026-04-16,563
7807562931486,2026-04-17,562
7807562931486,2026-04-18,562
7807562931486,2026-04-19,555
7807562931486,2026-04-20,552
7807562931486,2026-04-21,544
7807562931486,2026-04-22,574
7807562931486,2026-04-23,570
7807562931486,2026-04-24,564
7807562931486,2026-04-25,551
7807562931486,2026-04-26,551
7807562931486,2026-04-27,574
7807562931486,2026-04-28,574
7807562931486,2026-04-29,565
7807562931486,2026-04-30,565
7807562931486,2026-05-01,563
7807562931486,2026-05-02,563
7807562931486,2026-05-03,558
7807562931486,2026-05-04,558
7807562931486,2026-05-05,574
7807562931486,2026-05-06,571
7807562931486,2026-05-07,571
7807562931486,2026-05-08,565
7807562931486,2026-05-09,565
7807562931486,2026-05-10,556
7807562931486,2026-05-11,556
7807562931486,2026-05-12,554
7807562931486,2026-05-13,574
7807562931486,2026-05-14,574
7807562931486,2026-05-15,570
7807562931486,2026-05-16,569
7807562931486,2026-05-17,564
7807562931486,2026-05-18,562
7807562931486,2026-05-19,562
7807562931486,2026-05-20,557
7807562931486,2026-05-21,574
7807562931486,2026-05-22,574
7807562931486,2026-05-23,568
7807562931486,2026-05-24,568
7807562931486,2026-05-25,564
7807562931486,2026-05-26,564
7807562931486,2026-05-27,574
7807562931486,2026-05-28,574
7807562931486,2026-05-29,571
7807562931486,2026-05-30,566
7807562931486,2026-05-31,566
7807562931486,2026-06-01,574
7807562931486,2026-06-02,574
7807562931486,2026-06-03,569
7807562931486,2026-06-04,567
7807562931486,2026-06-05,563
7807562931486,2026-06-06,556
7807562931486,2026-06-07,556
7807562931486,2026-06-08,553
7807562931486,2026-06-09,553
7807562931486,2026-06-10,574
7807562931486,2026-06-11,571
7807562931486,2026-06-12,571
7807562931486,2026-06-13,566
7807562931486,2026-06-14,566
7807562931486,2026-06-15,560
7807562931486,2026-06-16,554
7807562931486,2026-06-17,574
7807562931486,2026-06-18,572
7807562931486,2026-06-19,572
7807562931486,2026-06-20,566
7807562931486,2026-06-21,566
7807562931486,2026-06-22,558
7807562931486,2026-06-23,574
7807562931486,2026-06-24,572
7807562931486,2026-06-25,572
7807562931486,2026-06-26,567
7807562931486,2026-06-27,565
7807562931486,2026-06-28,563
7807562931486,2026-06-29,563
7807562931486,2026-06-30,558
7807562931486,2026-07-01,574
7812847593162,2024-01-01,562
7812847593162,2024-01-02,562
7812847593162,2024-01-03,556
7812847593162,2024-01-04,556
7812847593162,2024-01-05,584
7812847593162,2024-01-06,581
7812847593162,2024-01-07,574
7812847593162,2024-01-08,574
7812847593162,2024-01-09,574
7812847593162,2024-01-10,584
7812847593162,2024-01-11,584
7812847593162,2024-01-12,577
7812847593162,2024-01-13,577
7812847593162,2024-01-14,572
7812847593162,2024-01-15,565
7812847593162,2024-01-16,565
7812847593162,2024-01-17,561
7812847593162,2024-01-18,584
7812847593162,2024-01-19,575
7812847593162,2024-01-20,575
7812847593162,2024-01-21,569
7812847593162,2024-01-22,569
7812847593162,2024-01-23,584
7812847593162,2024-01-24,584
7812847593162,2024-01-25,582
7812847593162,2024-01-26,582
7812847593162,2024-01-27,576
7812847593162,2024-01-28,576
7812847593162,2024-01-29,568
7812847593162,2024-01-30,568
7812847593162,2024-01-31,566
7812847593162,2024-02-01,584
7812847593162,2024-02-02,579
7812847593162,2024-02-03,572
7812847593162,2024-02-04,572
7812847593162,2024-02-05,569
7812847593162,2024-02-06,569
7812847593162,2024-02-07,564
7812847593162,2024-02-08,556
7812847593162,2024-02-09,584
7812847593162,2024-02-10,583
7812847593162,2024-02-11,583
7812847593162,2024-02-12,583
7812847593162,2024-02-13,579
7812847593162,2024-02-14,575
7812847593162,2024-02-15,566
7812847593162,2024-02-16,584
7812847593162,2024-02-17,580
7812847593162,2024-02-18,575
7812847593162,2024-02-19,570
7812847593162,2024-02-20,570
7812847593162,2024-02-21,563
7812847593162,2024-02-22,557
7812847593162,2024-02-23,557
7812847593162,2024-02-24,584
7812847593162,2024-02-25,579
7812847593162,2024-02-26,579
7812847593162,2024-02-27,574
7812847593162,2024-02-28,574
7812847593162,2024-02-29,574
7812847593162,2024-03-01,566
7812847593162,2024-03-02,566
7812847593162,2024-03-03,584
7812847593162,2024-03-04,578
7812847593162,2024-03-05,573
7812847593162,2024-03-06,566
7812847593162,2024-03-07,562
7812847593162,2024-03-08,554
7812847593162,2024-03-09,551
7812847593162,2024-03-10,548
7812847593162,2024-03-11,543
7812847593162,2024-03-12,584
7812847593162,2024-03-13,584
7812847593162,2024-03-14,579
7812847593162,2024-03-15,567
7812847593162,2024-03-16,561
7812847593162,2024-03-17,551
7812847593162,2024-03-18,551
7812847593162,2024-03-19,584
7812847593162,2024-03-20,579
7812847593162,2024-03-21,576
7812847593162,2024-03-22,568
7812847593162,2024-03-23,568
7812847593162,2024-03-24,559
7812847593162,2024-03-25,553
7812847593162,2024-03-26,584
7812847593162,2024-03-27,575
7812847593162,2024-03-28,571
7812847593162,2024-03-29,567
7812847593162,2024-03-30,559
7812847593162,2024-03-31,554
7812847593162,2024-04-01,551
7812847593162,2024-04-02,549
7812847593162,2024-04-03,549
7812847593162,2024-04-04,584
7812847593162,2024-04-05,576
7812847593162,2024-04-06,576
7812847593162,2024-04-07,576
7812847593162,2024-04-08,564
7812847593162,2024-04-09,584
7812847593162,2024-04-10,579
7812847593162,2024-04-11,579
7812847593162,2024-04-12,572
7812847593162,2024-04-13,572
7812847593162,2024-04-14,569
7812847593162,2024-04-15,567
7812847593162,2024-04-16,584
7812847593162,2024-04-17,581
7812847593162,2024-04-18,581
7812847593162,2024-04-19,577
7812847593162,2024-04-20,570
7812847593162,2024-04-21,570
7812847593162,2024-04-22,569
7812847593162,2024-04-23,569
7812847593162,2024-04-24,563
7812847593162,2024-04-25,584
7812847593162,2024-04-26,576
7812847593162,2024-04-27,576
7812847593162,2024-04-28,566
7812847593162,2024-04-29,566
7812847593162,2024-04-30,562
7812847593162,2024-05-01,558
7812847593162,2024-05-02,584
7812847593162,2024-05-03,584
7812847593162,2024-05-04,582
7812847593162,2024-05-05,571
7812847593162,2024-05-06,566
7812847593162,2024-05-07,561
7812847593162,2024-05-08,561
7812847593162,2024-05-09,561
7812847593162,2024-05-10,553
7812847593162,2024-05-11,584
7812847593162,2024-05-12,574
7812847593162,2024-05-13,566
7812847593162,2024-05-14,557
7812847593162,2024-05-15,557
7812847593162,2024-05-16,555
7812847593162,2024-05-17,553
7812847593162,2024-05-18,553
7812847593162,2024-05-19,544
7812847593162,2024-05-20,584
7812847593162,2024-05-21,576
7812847593162,2024-05-22,576
7812847593162,2024-05-23,576
7812847593162,2024-05-24,576
7812847593162,2024-05-25,569
7812847593162,2024-05-26,584
7812847593162,2024-05-27,584
7812847593162,2024-05-28,578
7812847593162,2024-05-29,570
7812847593162,2024-05-30,570
7812847593162,2024-05-31,563
7812847593162,2024-06-01,558
7812847593162,2024-06-02,584
7812847593162,2024-06-03,576
7812847593162,2024-06-04,576
7812847593162,2024-06-05,576
7812847593162,2024-06-06,571
7812847593162,2024-06-07,584
7812847593162,2024-06-08,584
7812847593162,2024-06-09,574
7812847593162,2024-06-10,574
7812847593162,2024-06-11,572
7812847593162,2024-06-12,584
7812847593162,2024-06-13,583
7812847593162,2024-06-14,581
7812847593162,2024-06-15,581
7812847593162,2024-06-16,571
7812847593162,2024-06-17,584
7812847593162,2024-06-18,581
7812847593162,2024-06-19,571
7812847593162,2024-06-20,571
7812847593162,2024-06-21,566
7812847593162,2024-06-22,566
7812847593162,2024-06-23,584
7812847593162,2024-06-24,579
7812847593162,2024-06-25,579
7812847593162,2024-06-26,572
7812847593162,2024-06-27,570
7812847593162,2024-06-28,570
7812847593162,2024-06-29,569
7812847593162,2024-06-30,584
7812847593162,2024-07-01,580
7812847593162,2024-07-02,580
7812847593162,2024-07-03,572
7812847593162,2024-07-04,572
7812847593162,2024-07-05,584
7812847593162,2024-07-06,579
7812847593162,2024-07-07,572
7812847593162,2024-07-08,572
7812847593162,2024-07-09,567
7812847593162,2024-07-10,560
7812847593162,2024-07-11,560
7812847593162,2024-07-12,556
7812847593162,2024-07-13,556
7812847593162,2024-07-14,584
7812847593162,2024-07-15,577
7812847593162,2024-07-16,577
7812847593162,2024-07-17,571
7812847593162,2024-07-18,571
7812847593162,2024-07-19,570
7812847593162,2024-07-20,570
7812847593162,2024-07-21,565
7812847593162,2024-07-22,584
7812847593162,2024-07-23,576
7812847593162,2024-07-24,576
7812847593162,2024-07-25,573
7812847593162,2024-07-26,568
7812847593162,2024-07-27,584
7812847593162,2024-07-28,582
7812847593162,2024-07-29,580
7812847593162,2024-07-30,572
7812847593162,2024-07-31,568
7812847593162,2024-08-01,584
7812847593162,2024-08-02,577
7812847593162,2024-08-03,577
7812847593162,2024-08-04,568
7812847593162,2024-08-05,561
7812847593162,2024-08-06,561
7812847593162,2024-08-07,554
7812847593162,2024-08-08,584
7812847593162,2024-08-09,581
7812847593162,2024-08-10,579
7812847593162,2024-08-11,579
7812847593162,2024-08-12,573
7812847593162,2024-08-13,572
7812847593162,2024-08-14,584
7812847593162,2024-08-15,584
7812847593162,2024-08-16,580
7812847593162,2024-08-17,573
7812847593162,2024-08-18,569
7812847593162,2024-08-19,565
7812847593162,2024-08-20,562
7812847593162,2024-08-21,562
7812847593162,2024-08-22,559
7812847593162,2024-08-23,584
7812847593162,2024-08-24,581
7812847593162,2024-08-25,575
7812847593162,2024-08-26,567
7812847593162,2024-08-27,567
7812847593162,2024-08-28,559
7812847593162,2024-08-29,559
7812847593162,2024-08-30,557
7812847593162,2024-08-31,554
7812847593162,2024-09-01,584
7812847593162,2024-09-02,584
7812847593162,2024-09-03,578
7812847593162,2024-09-04,577
7812847593162,2024-09-05,572
7812847593162,2024-09-06,567
7812847593162,2024-09-07,556
7812847593162,2024-09-08,584
7812847593162,2024-09-09,578
7812847593162,2024-09-10,571
7812847593162,2024-09-11,568
7812847593162,2024-09-12,568
7812847593162,2024-09-13,559
7812847593162,2024-09-14,559
7812847593162,2024-09-15,584
7812847593162,2024-09-16,584
7812847593162,2024-09-17,582
7812847593162,2024-09-18,582
7812847593162,2024-09-19,579
7812847593162,2024-09-20,579
7812847593162,2024-09-21,573
7812847593162,2024-09-22,573
7812847593162,2024-09-23,568
7812847593162,2024-09-24,584
7812847593162,2024-09-25,584
7812847593162,2024-09-26,579
7812847593162,2024-09-27,579
7812847593162,2024-09-28,573
7812847593162,2024-09-29,566
7812847593162,2024-09-30,566
7812847593162,2024-10-01,584
7812847593162,2024-10-02,579
7812847593162,2024-10-03,579
7812847593162,2024-10-04,578
7812847593162,2024-10-05,578
7812847593162,2024-10-06,571
7812847593162,2024-10-07,584
7812847593162,2024-10-08,584
7812847593162,2024-10-09,579
7812847593162,2024-10-10,570
7812847593162,2024-10-11,570
7812847593162,2024-10-12,568
7812847593162,2024-10-13,584
7812847593162,2024-10-14,584
7812847593162,2024-10-15,578
7812847593162,2024-10-16,572
7812847593162,2024-10-17,568
7812847593162,2024-10-18,584
7812847593162,2024-10-19,580
7812847593162,2024-10-20,580
7812847593162,2024-10-21,573
7812847593162,2024-10-22,560
7812847593162,2024-10-23,560
7812847593162,2024-10-24,584
7812847593162,2024-10-25,575
7812847593162,2024-10-26,565
7812847593162,2024-10-27,565
7812847593162,2024-10-28,565
7812847593162,2024-10-29,584
7812847593162,2024-10-30,584
7812847593162,2024-10-31,575
7812847593162,2024-11-01,572
7812847593162,2024-11-02,572
7812847593162,2024-11-03,566
7812847593162,2024-11-04,584
7812847593162,2024-11-05,584
7812847593162,2024-11-06,574
7812847593162,2024-11-07,574
7812847593162,2024-11-08,574
7812847593162,2024-11-09,570
7812847593162,2024-11-10,584
7812847593162,2024-11-11,584
7812847593162,2024-11-12,584
7812847593162,2024-11-13,575
7812847593162,2024-11-14,575
7812847593162,2024-11-15,572
7812847593162,2024-11-16,572
7812847593162,2024-11-17,567
7812847593162,2024-11-18,567
7812847593162,2024-11-19,584
7812847593162,2024-11-20,584
7812847593162,2024-11-21,582
7812847593162,2024-11-22,582
7812847593162,2024-11-23,580
7812847593162,2024-11-24,579
7812847593162,2024-11-25,574
7812847593162,2024-11-26,567
7812847593162,2024-11-27,567
7812847593162,2024-11-28,584
7812847593162,2024-11-29,584
7812847593162,2024-11-30,576
7812847593162,2024-12-01,568
7812847593162,2024-12-02,564
7812847593162,2024-12-03,559
7812847593162,2024-12-04,559
7812847593162,2024-12-05,557
7812847593162,2024-12-06,555
7812847593162,2024-12-07,584
7812847593162,2024-12-08,581
7812847593162,2024-12-09,581
7812847593162,2024-12-10,579
7812847593162,2024-12-11,579
7812847593162,2024-12-12,573
7812847593162,2024-12-13,573
7812847593162,2024-12-14,568
7812847593162,2024-12-15,584
7812847593162,2024-12-16,578
7812847593162,2024-12-17,578
7812847593162,2024-12-18,575
7812847593162,2024-12-19,572
7812847593162,2024-12-20,572
7812847593162,2024-12-21,584
7812847593162,2024-12-22,582
7812847593162,2024-12-23,576
7812847593162,2024-12-24,570
7812847593162,2024-12-25,567
7812847593162,2024-12-26,567
7812847593162,2024-12-27,558
7812847593162,2024-12-28,584
7812847593162,2024-12-29,578
7812847593162,2024-12-30,569
7812847593162,2024-12-31,569
7812847593162,2025-01-01,561
7812847593162,2025-01-02,561
7812847593162,2025-01-03,556
7812847593162,2025-01-04,584
7812847593162,2025-01-05,577
7812847593162,2025-01-06,577
7812847593162,2025-01-07,577
7812847593162,2025-01-08,577
7812847593162,2025-01-09,577
7812847593162,2025-01-10,577
7812847593162,2025-01-11,571
7812847593162,2025-01-12,584
7812847593162,2025-01-13,584
7812847593162,2025-01-14,584
7812847593162,2025-01-15,584
7812847593162,2025-01-16,580
7812847593162,2025-01-17,580
7812847593162,2025-01-18,584
7812847593162,2025-01-19,578
7812847593162,2025-01-20,578
7812847593162,2025-01-21,572
7812847593162,2025-01-22,564
7812847593162,2025-01-23,564
7812847593162,2025-01-24,555
7812847593162,2025-01-25,555
7812847593162,2025-01-26,584
7812847593162,2025-01-27,577
7812847593162,2025-01-28,577
7812847593162,2025-01-29,577
7812847593162,2025-01-30,576
7812847593162,2025-01-31,576
7812847593162,2025-02-01,569
7812847593162,2025-02-02,569
7812847593162,2025-02-03,584
7812847593162,2025-02-04,578
7812847593162,2025-02-05,563
7812847593162,2025-02-06,563
7812847593162,2025-02-07,559
7812847593162,2025-02-08,559
7812847593162,2025-02-09,584
7812847593162,2025-02-10,584
7812847593162,2025-02-11,576
7812847593162,2025-02-12,576
7812847593162,2025-02-13,568
7812847593162,2025-02-14,568
7812847593162,2025-02-15,584
7812847593162,2025-02-16,584
7812847593162,2025-02-17,577
7812847593162,2025-02-18,568
7812847593162,2025-02-19,561
7812847593162,2025-02-20,584
7812847593162,2025-02-21,572
7812847593162,2025-02-22,572
7812847593162,2025-02-23,564
7812847593162,2025-02-24,559
7812847593162,2025-02-25,550
7812847593162,2025-02-26,584
7812847593162,2025-02-27,579
7812847593162,2025-02-28,579
7812847593162,2025-03-01,574
7812847593162,2025-03-02,574
7812847593162,2025-03-03,584
7812847593162,2025-03-04,573
7812847593162,2025-03-05,573
7812847593162,2025-03-06,569
7812847593162,2025-03-07,564
7812847593162,2025-03-08,557
7812847593162,2025-03-09,557
7812847593162,2025-03-10,554
7812847593162,2025-03-11,554
7812847593162,2025-03-12,584
7812847593162,2025-03-13,584
7812847593162,2025-03-14,576
7812847593162,2025-03-15,576
7812847593162,2025-03-16,562
7812847593162,2025-03-17,555
7812847593162,2025-03-18,554
7812847593162,2025-03-19,584
7812847593162,2025-03-20,577
7812847593162,2025-03-21,574
7812847593162,2025-03-22,570
7812847593162,2025-03-23,570
7812847593162,2025-03-24,559
7812847593162,2025-03-25,559
7812847593162,2025-03-26,555
7812847593162,2025-03-27,555
7812847593162,2025-03-28,584
7812847593162,2025-03-29,584
7812847593162,2025-03-30,576
7812847593162,2025-03-31,576
7812847593162,2025-04-01,576
7812847593162,2025-04-02,569
7812847593162,2025-04-03,569
7812847593162,2025-04-04,560
7812847593162,2025-04-05,560
7812847593162,2025-04-06,584
7812847593162,2025-04-07,576
7812847593162,2025-04-08,571
7812847593162,2025-04-09,571
7812847593162,2025-04-10,560
7812847593162,2025-04-11,560
7812847593162,2025-04-12,556
7812847593162,2025-04-13,552
7812847593162,2025-04-14,584
7812847593162,2025-04-15,575
7812847593162,2025-04-16,575
7812847593162,2025-04-17,570
7812847593162,2025-04-18,565
7812847593162,2025-04-19,565
7812847593162,2025-04-20,564
7812847593162,2025-04-21,564
7812847593162,2025-04-22,584
7812847593162,2025-04-23,578
7812847593162,2025-04-24,569
7812847593162,2025-04-25,569
7812847593162,2025-04-26,562
7812847593162,2025-04-27,562
7812847593162,2025-04-28,559
7812847593162,2025-04-29,551
7812847593162,2025-04-30,584
7812847593162,2025-05-01,578
7812847593162,2025-05-02,573
7812847593162,2025-05-03,573
7812847593162,2025-05-04,570
7812847593162,2025-05-05,584
7812847593162,2025-05-06,582
7812847593162,2025-05-07,579
7812847593162,2025-05-08,579
7812847593162,2025-05-09,575
7812847593162,2025-05-10,584
7812847593162,2025-05-11,579
7812847593162,2025-05-12,575
7812847593162,2025-05-13,571
7812847593162,2025-05-14,571
7812847593162,2025-05-15,564
7812847593162,2025-05-16,584
7812847593162,2025-05-17,584
7812847593162,2025-05-18,581
7812847593162,2025-05-19,575
7812847593162,2025-05-20,571
7812847593162,2025-05-21,566
7812847593162,2025-05-22,584
7812847593162,2025-05-23,583
7812847593162,2025-05-24,577
7812847593162,2025-05-25,577
7812847593162,2025-05-26,571
7812847593162,2025-05-27,571
7812847593162,2025-05-28,571
7812847593162,2025-05-29,584
7812847593162,2025-05-30,578
7812847593162,2025-05-31,578
7812847593162,2025-06-01,571
7812847593162,2025-06-02,570
7812847593162,2025-06-03,584
7812847593162,2025-06-04,579
7812847593162,2025-06-05,575
7812847593162,2025-06-06,575
7812847593162,2025-06-07,569
7812847593162,2025-06-08,569
7812847593162,2025-06-09,584
7812847593162,2025-06-10,580
7812847593162,2025-06-11,580
7812847593162,2025-06-12,574
7812847593162,2025-06-13,570
7812847593162,2025-06-14,566
7812847593162,2025-06-15,566
7812847593162,2025-06-16,560
7812847593162,2025-06-17,560
7812847593162,2025-06-18,584
7812847593162,2025-06-19,579
7812847593162,2025-06-20,579
7812847593162,2025-06-21,576
7812847593162,2025-06-22,573
7812847593162,2025-06-23,584
7812847593162,2025-06-24,584
7812847593162,2025-06-25,576
7812847593162,2025-06-26,571
7812847593162,2025-06-27,571
7812847593162,2025-06-28,584
7812847593162,2025-06-29,584
7812847593162,2025-06-30,581
7812847593162,2025-07-01,581
7812847593162,2025-07-02,572
7812847593162,2025-07-03,572
7812847593162,2025-07-04,584
7812847593162,2025-07-05,584
7812847593162,2025-07-06,579
7812847593162,2025-07-07,579
7812847593162,2025-07-08,574
7812847593162,2025-07-09,564
7812847593162,2025-07-10,558
7812847593162,2025-07-11,558
7812847593162,2025-07-12,584
7812847593162,2025-07-13,576
7812847593162,2025-07-14,568
7812847593162,2025-07-15,568
7812847593162,2025-07-16,562
7812847593162,2025-07-17,556
7812847593162,2025-07-18,549
7812847593162,2025-07-19,540
7812847593162,2025-07-20,540
7812847593162,2025-07-21,584
7812847593162,2025-07-22,584
7812847593162,2025-07-23,580
7812847593162,2025-07-24,571
7812847593162,2025-07-25,571
7812847593162,2025-07-26,567
7812847593162,2025-07-27,584
7812847593162,2025-07-28,580
7812847593162,2025-07-29,573
7812847593162,2025-07-30,567
7812847593162,2025-07-31,566
7812847593162,2025-08-01,566
7812847593162,2025-08-02,563
7812847593162,2025-08-03,584
7812847593162,2025-08-04,577
7812847593162,2025-08-05,571
7812847593162,2025-08-06,565
7812847593162,2025-08-07,559
7812847593162,2025-08-08,557
7812847593162,2025-08-09,557
7812847593162,2025-08-10,552
7812847593162,2025-08-11,584
7812847593162,2025-08-12,579
7812847593162,2025-08-13,576
7812847593162,2025-08-14,572
7812847593162,2025-08-15,563
7812847593162,2025-08-16,563
7812847593162,2025-08-17,584
7812847593162,2025-08-18,584
7812847593162,2025-08-19,582
7812847593162,2025-08-20,582
7812847593162,2025-08-21,575
7812847593162,2025-08-22,575
7812847593162,2025-08-23,567
7812847593162,2025-08-24,560
7812847593162,2025-08-25,584
7812847593162,2025-08-26,584
7812847593162,2025-08-27,576
7812847593162,2025-08-28,576
7812847593162,2025-08-29,575
7812847593162,2025-08-30,572
7812847593162,2025-08-31,572
7812847593162,2025-09-01,568
7812847593162,2025-09-02,584
7812847593162,2025-09-03,582
7812847593162,2025-09-04,582
7812847593162,2025-09-05,576
7812847593162,2025-09-06,573
7812847593162,2025-09-07,564
7812847593162,2025-09-08,559
7812847593162,2025-09-09,584
7812847593162,2025-09-10,579
7812847593162,2025-09-11,579
7812847593162,2025-09-12,568
7812847593162,2025-09-13,568
7812847593162,2025-09-14,566
7812847593162,2025-09-15,566
7812847593162,2025-09-16,565
7812847593162,2025-09-17,584
7812847593162,2025-09-18,584
7812847593162,2025-09-19,577
7812847593162,2025-09-20,572
7812847593162,2025-09-21,566
7812847593162,2025-09-22,584
7812847593162,2025-09-23,584
7812847593162,2025-09-24,584
7812847593162,2025-09-25,581
7812847593162,2025-09-26,578
7812847593162,2025-09-27,578
7812847593162,2025-09-28,569
7812847593162,2025-09-29,566
7812847593162,2025-09-30,566
7812847593162,2025-10-01,584
7812847593162,2025-10-02,578
7812847593162,2025-10-03,578
7812847593162,2025-10-04,578
7812847593162,2025-10-05,577
7812847593162,2025-10-06,577
7812847593162,2025-10-07,584
7812847593162,2025-10-08,575
7812847593162,2025-10-09,569
7812847593162,2025-10-10,569
7812847593162,2025-10-11,568
7812847593162,2025-10-12,584
7812847593162,2025-10-13,578
7812847593162,2025-10-14,573
7812847593162,2025-10-15,573
7812847593162,2025-10-16,566
7812847593162,2025-10-17,566
7812847593162,2025-10-18,558
7812847593162,2025-10-19,558
7812847593162,2025-10-20,557
7812847593162,2025-10-21,584
7812847593162,2025-10-22,579
7812847593162,2025-10-23,577
7812847593162,2025-10-24,577
7812847593162,2025-10-25,572
7812847593162,2025-10-26,572
7812847593162,2025-10-27,572
7812847593162,2025-10-28,572
7812847593162,2025-10-29,565
7812847593162,2025-10-30,584
7812847593162,2025-10-31,579
7812847593162,2025-11-01,570
7812847593162,2025-11-02,570
7812847593162,2025-11-03,563
7812847593162,2025-11-04,584
7812847593162,2025-11-05,578
7812847593162,2025-11-06,570
7812847593162,2025-11-07,569
7812847593162,2025-11-08,564
7812847593162,2025-11-09,564
7812847593162,2025-11-10,561
7812847593162,2025-11-11,557
7812847593162,2025-11-12,584
7812847593162,2025-11-13,584
7812847593162,2025-11-14,584
7812847593162,2025-11-15,584
7812847593162,2025-11-16,577
7812847593162,2025-11-17,571
7812847593162,2025-11-18,565
7812847593162,2025-11-19,584
7812847593162,2025-11-20,581
7812847593162,2025-11-21,581
7812847593162,2025-11-22,573
7812847593162,2025-11-23,573
7812847593162,2025-11-24,584
7812847593162,2025-11-25,580
7812847593162,2025-11-26,578
7812847593162,2025-11-27,578
7812847593162,2025-11-28,572
7812847593162,2025-11-29,572
7812847593162,2025-11-30,562
7812847593162,2025-12-01,584
7812847593162,2025-12-02,582
7812847593162,2025-12-03,582
7812847593162,2025-12-04,577
7812847593162,2025-12-05,577
7812847593162,2025-12-06,576
7812847593162,2025-12-07,576
7812847593162,2025-12-08,566
7812847593162,2025-12-09,584
7812847593162,2025-12-10,584
7812847593162,2025-12-11,581
7812847593162,2025-12-12,570
7812847593162,2025-12-13,566
7812847593162,2025-12-14,565
7812847593162,2025-12-15,559
7812847593162,2025-12-16,559
7812847593162,2025-12-17,559
7812847593162,2025-12-18,584
7812847593162,2025-12-19,583
7812847593162,2025-12-20,583
7812847593162,2025-12-21,577
7812847593162,2025-12-22,577
7812847593162,2025-12-23,572
7812847593162,2025-12-24,572
7812847593162,2025-12-25,584
7812847593162,2025-12-26,573
7812847593162,2025-12-27,573
7812847593162,2025-12-28,573
7812847593162,2025-12-29,573
7812847593162,2025-12-30,568
7812847593162,2025-12-31,560
7812847593162,2026-01-01,584
7812847593162,2026-01-02,572
7812847593162,2026-01-03,572
7812847593162,2026-01-04,570
7812847593162,2026-01-05,565
7812847593162,2026-01-06,562
7812847593162,2026-01-07,553
7812847593162,2026-01-08,552
7812847593162,2026-01-09,584
7812847593162,2026-01-10,584
7812847593162,2026-01-11,579
7812847593162,2026-01-12,579
7812847593162,2026-01-13,571
7812847593162,2026-01-14,567
7812847593162,2026-01-15,584
7812847593162,2026-01-16,574
7812847593162,2026-01-17,574
7812847593162,2026-01-18,568
7812847593162,2026-01-19,568
7812847593162,2026-01-20,584
7812847593162,2026-01-21,584
7812847593162,2026-01-22,579
7812847593162,2026-01-23,579
7812847593162,2026-01-24,572
7812847593162,2026-01-25,570
7812847593162,2026-01-26,570
7812847593162,2026-01-27,584
7812847593162,2026-01-28,574
7812847593162,2026-01-29,574
7812847593162,2026-01-30,574
7812847593162,2026-01-31,572
7812847593162,2026-02-01,572
7812847593162,2026-02-02,564
7812847593162,2026-02-03,584
7812847593162,2026-02-04,579
7812847593162,2026-02-05,573
7812847593162,2026-02-06,564
7812847593162,2026-02-07,556
7812847593162,2026-02-08,552
7812847593162,2026-02-09,584
7812847593162,2026-02-10,580
7812847593162,2026-02-11,576
7812847593162,2026-02-12,567
7812847593162,2026-02-13,567
7812847593162,2026-02-14,559
7812847593162,2026-02-15,559
7812847593162,2026-02-16,554
7812847593162,2026-02-17,584
7812847593162,2026-02-18,580
7812847593162,2026-02-19,580
7812847593162,2026-02-20,569
7812847593162,2026-02-21,569
7812847593162,2026-02-22,584
7812847593162,2026-02-23,577
7812847593162,2026-02-24,577
7812847593162,2026-02-25,575
7812847593162,2026-02-26,571
7812847593162,2026-02-27,567
7812847593162,2026-02-28,567
7812847593162,2026-03-01,584
7812847593162,2026-03-02,570
7812847593162,2026-03-03,570
7812847593162,2026-03-04,566
7812847593162,2026-03-05,566
7812847593162,2026-03-06,563
7812847593162,2026-03-07,563
7812847593162,2026-03-08,584
7812847593162,2026-03-09,577
7812847593162,2026-03-10,572
7812847593162,2026-03-11,568
7812847593162,2026-03-12,568
7812847593162,2026-03-13,563
7812847593162,2026-03-14,584
7812847593162,2026-03-15,581
7812847593162,2026-03-16,581
7812847593162,2026-03-17,574
7812847593162,2026-03-18,574
7812847593162,2026-03-19,569
7812847593162,2026-03-20,569
7812847593162,2026-03-21,567
7812847593162,2026-03-22,567
7812847593162,2026-03-23,584
7812847593162,2026-03-24,584
7812847593162,2026-03-25,581
7812847593162,2026-03-26,578
7812847593162,2026-03-27,568
7812847593162,2026-03-28,584
7812847593162,2026-03-29,581
7812847593162,2026-03-30,581
7812847593162,2026-03-31,579
7812847593162,2026-04-01,579
7812847593162,2026-04-02,574
7812847593162,2026-04-03,567
7812847593162,2026-04-04,562
7812847593162,2026-04-05,584
7812847593162,2026-04-06,576
7812847593162,2026-04-07,572
7812847593162,2026-04-08,560
7812847593162,2026-04-09,550
7812847593162,2026-04-10,542
7812847593162,2026-04-11,542
7812847593162,2026-04-12,535
7812847593162,2026-04-13,584
7812847593162,2026-04-14,581
7812847593162,2026-04-15,578
7812847593162,2026-04-16,573
7812847593162,2026-04-17,565
7812847593162,2026-04-18,565
7812847593162,2026-04-19,584
7812847593162,2026-04-20,584
7812847593162,2026-04-21,584
7812847593162,2026-04-22,580
7812847593162,2026-04-23,580
7812847593162,2026-04-24,571
7812847593162,2026-04-25,565
7812847593162,2026-04-26,565
7812847593162,2026-04-27,584
7812847593162,2026-04-28,584
7812847593162,2026-04-29,584
7812847593162,2026-04-30,584
7812847593162,2026-05-01,584
7812847593162,2026-05-02,584
7812847593162,2026-05-03,580
7812847593162,2026-05-04,580
7812847593162,2026-05-05,570
7812847593162,2026-05-06,570
7812847593162,2026-05-07,565
7812847593162,2026-05-08,559
7812847593162,2026-05-09,553
7812847593162,2026-05-10,584
7812847593162,2026-05-11,583
7812847593162,2026-05-12,583
7812847593162,2026-05-13,575
7812847593162,2026-05-14,574
7812847593162,2026-05-15,584
7812847593162,2026-05-16,577
7812847593162,2026-05-17,568
7812847593162,2026-05-18,568
7812847593162,2026-05-19,565
7812847593162,2026-05-20,584
7812847593162,2026-05-21,578
7812847593162,2026-05-22,578
7812847593162,2026-05-23,573
7812847593162,2026-05-24,569
7812847593162,2026-05-25,584
7812847593162,2026-05-26,577
7812847593162,2026-05-27,572
7812847593162,2026-05-28,569
7812847593162,2026-05-29,569
7812847593162,2026-05-30,557
7812847593162,2026-05-31,557
7812847593162,2026-06-01,584
7812847593162,2026-06-02,584
7812847593162,2026-06-03,576
7812847593162,2026-06-04,576
7812847593162,2026-06-05,574
7812847593162,2026-06-06,571
7812847593162,2026-06-07,566
7812847593162,2026-06-08,566
7812847593162,2026-06-09,559
7812847593162,2026-06-10,584
7812847593162,2026-06-11,580
7812847593162,2026-06-12,580
7812847593162,2026-06-13,576
7812847593162,2026-06-14,576
7812847593162,2026-06-15,566
7812847593162,2026-06-16,563
7812847593162,2026-06-17,559
7812847593162,2026-06-18,559
7812847593162,2026-06-19,584
7812847593162,2026-06-20,584
7812847593162,2026-06-21,577
7812847593162,2026-06-22,568
7812847593162,2026-06-23,561
7812847593162,2026-06-24,561
7812847593162,2026-06-25,584
7812847593162,2026-06-26,581
7812847593162,2026-06-27,578
7812847593162,2026-06-28,578
7812847593162,2026-06-29,568
7812847593162,2026-06-30,561
7812847593162,2026-07-01,561
7816359482719,2024-01-01,227
7816359482719,2024-01-02,223
7816359482719,2024-01-03,219
7816359482719,2024-01-04,219
7816359482719,2024-01-05,644
7816359482719,2024-01-06,644
7816359482719,2024-01-07,638
7816359482719,2024-01-08,635
7816359482719,2024-01-09,635
7816359482719,2024-01-10,635
7816359482719,2024-01-11,644
7816359482719,2024-01-12,637
7816359482719,2024-01-13,637
7816359482719,2024-01-14,628
7816359482719,2024-01-15,628
7816359482719,2024-01-16,644
7816359482719,2024-01-17,644
7816359482719,2024-01-18,637
7816359482719,2024-01-19,637
7816359482719,2024-01-20,637
7816359482719,2024-01-21,636
7816359482719,2024-01-22,636
7816359482719,2024-01-23,628
7816359482719,2024-01-24,628
7816359482719,2024-01-25,644
7816359482719,2024-01-26,644
7816359482719,2024-01-27,641
7816359482719,2024-01-28,637
7816359482719,2024-01-29,630
7816359482719,2024-01-30,630
7816359482719,2024-01-31,622
7816359482719,2024-02-01,613
7816359482719,2024-02-02,644
7816359482719,2024-02-03,641
7816359482719,2024-02-04,641
7816359482719,2024-02-05,637
7816359482719,2024-02-06,637
7816359482719,2024-02-07,634
7816359482719,2024-02-08,644
7816359482719,2024-02-09,641
7816359482719,2024-02-10,629
7816359482719,2024-02-11,629
7816359482719,2024-02-12,625
7816359482719,2024-02-13,625
7816359482719,2024-02-14,621
7816359482719,2024-02-15,621
7816359482719,2024-02-16,615
7816359482719,2024-02-17,644
7816359482719,2024-02-18,637
7816359482719,2024-02-19,633
7816359482719,2024-02-20,628
7816359482719,2024-02-21,628
7816359482719,2024-02-22,627
7816359482719,2024-02-23,644
7816359482719,2024-02-24,640
7816359482719,2024-02-25,640
7816359482719,2024-02-26,640
7816359482719,2024-02-27,636
7816359482719,2024-02-28,636
7816359482719,2024-02-29,629
7816359482719,2024-03-01,624
7816359482719,2024-03-02,644
7816359482719,2024-03-03,639
7816359482719,2024-03-04,636
7816359482719,2024-03-05,636
7816359482719,2024-03-06,627
7816359482719,2024-03-07,623
7816359482719,2024-03-08,613
7816359482719,2024-03-09,613
7816359482719,2024-03-10,605
7816359482719,2024-03-11,644
7816359482719,2024-03-12,644
7816359482719,2024-03-13,638
7816359482719,2024-03-14,638
7816359482719,2024-03-15,631
7816359482719,2024-03-16,644
7816359482719,2024-03-17,644
7816359482719,2024-03-18,641
7816359482719,2024-03-19,636
7816359482719,2024-03-20,636
7816359482719,2024-03-21,630
7816359482719,2024-03-22,622
7816359482719,2024-03-23,644
7816359482719,2024-03-24,638
7816359482719,2024-03-25,634
7816359482719,2024-03-26,634
7816359482719,2024-03-27,630
7816359482719,2024-03-28,623
7816359482719,2024-03-29,623
7816359482719,2024-03-30,617
7816359482719,2024-03-31,617
7816359482719,2024-04-01,644
7816359482719,2024-04-02,641
7816359482719,2024-04-03,635
7816359482719,2024-04-04,635
7816359482719,2024-04-05,628
7816359482719,2024-04-06,644
7816359482719,2024-04-07,644
7816359482719,2024-04-08,642
7816359482719,2024-04-09,642
7816359482719,2024-04-10,636
7816359482719,2024-04-11,636
7816359482719,2024-04-12,644
7816359482719,2024-04-13,644
7816359482719,2024-04-14,641
7816359482719,2024-04-15,641
7816359482719,2024-04-16,638
7816359482719,2024-04-17,644
7816359482719,2024-04-18,644
7816359482719,2024-04-19,633
7816359482719,2024-04-20,628
7816359482719,2024-04-21,623
7816359482719,2024-04-22,623
7816359482719,2024-04-23,617
7816359482719,2024-04-24,617
7816359482719,2024-04-25,644
7816359482719,2024-04-26,644
7816359482719,2024-04-27,644
7816359482719,2024-04-28,631
7816359482719,2024-04-29,628
7816359482719,2024-04-30,628
7816359482719,2024-05-01,644
7816359482719,2024-05-02,639
7816359482719,2024-05-03,639
7816359482719,2024-05-04,639
7816359482719,2024-05-05,639
7816359482719,2024-05-06,634
7816359482719,2024-05-07,628
7816359482719,2024-05-08,644
7816359482719,2024-05-09,639
7816359482719,2024-05-10,634
7816359482719,2024-05-11,630
7816359482719,2024-05-12,627
7816359482719,2024-05-13,627
7816359482719,2024-05-14,644
7816359482719,2024-05-15,639
7816359482719,2024-05-16,638
7816359482719,2024-05-17,636
7816359482719,2024-05-18,631
7816359482719,2024-05-19,631
7816359482719,2024-05-20,625
7816359482719,2024-05-21,622
7816359482719,2024-05-22,644
7816359482719,2024-05-23,642
7816359482719,2024-05-24,635
7816359482719,2024-05-25,625
7816359482719,2024-05-26,618
7816359482719,2024-05-27,644
7816359482719,2024-05-28,637
7816359482719,2024-05-29,636
7816359482719,2024-05-30,629
7816359482719,2024-05-31,627
7816359482719,2024-06-01,620
7816359482719,2024-06-02,644
7816359482719,2024-06-03,644
7816359482719,2024-06-04,636
7816359482719,2024-06-05,636
7816359482719,2024-06-06,629
7816359482719,2024-06-07,644
7816359482719,2024-06-08,637
7816359482719,2024-06-09,632
7816359482719,2024-06-10,626
7816359482719,2024-06-11,616
7816359482719,2024-06-12,609
7816359482719,2024-06-13,609
7816359482719,2024-06-14,609
7816359482719,2024-06-15,644
7816359482719,2024-06-16,644
7816359482719,2024-06-17,639
7816359482719,2024-06-18,639
7816359482719,2024-06-19,631
7816359482719,2024-06-20,631
7816359482719,2024-06-21,644
7816359482719,2024-06-22,636
7816359482719,2024-06-23,636
7816359482719,2024-06-24,631
7816359482719,2024-06-25,631
7816359482719,2024-06-26,629
7816359482719,2024-06-27,625
7816359482719,2024-06-28,644
7816359482719,2024-06-29,641
7816359482719,2024-06-30,633
7816359482719,2024-07-01,624
7816359482719,2024-07-02,624
7816359482719,2024-07-03,644
7816359482719,2024-07-04,638
7816359482719,2024-07-05,638
7816359482719,2024-07-06,634
7816359482719,2024-07-07,634
7816359482719,2024-07-08,630
7816359482719,2024-07-09,630
7816359482719,2024-07-10,623
7816359482719,2024-07-11,644
7816359482719,2024-07-12,638
7816359482719,2024-07-13,638
7816359482719,2024-07-14,630
7816359482719,2024-07-15,627
7816359482719,2024-07-16,627
7816359482719,2024-07-17,619
7816359482719,2024-07-18,613
7816359482719,2024-07-19,612
7816359482719,2024-07-20,644
7816359482719,2024-07-21,644
7816359482719,2024-07-22,638
7816359482719,2024-07-23,633
7816359482719,2024-07-24,633
7816359482719,2024-07-25,644
7816359482719,2024-07-26,639
7816359482719,2024-07-27,639
7816359482719,2024-07-28,634
7816359482719,2024-07-29,634
7816359482719,2024-07-30,632
7816359482719,2024-07-31,644
7816359482719,2024-08-01,639
7816359482719,2024-08-02,632
7816359482719,2024-08-03,627
7816359482719,2024-08-04,627
7816359482719,2024-08-05,622
7816359482719,2024-08-06,622
7816359482719,2024-08-07,618
7816359482719,2024-08-08,618
7816359482719,2024-08-09,644
7816359482719,2024-08-10,638
7816359482719,2024-08-11,638
7816359482719,2024-08-12,629
7816359482719,2024-08-13,629
7816359482719,2024-08-14,629
7816359482719,2024-08-15,644
7816359482719,2024-08-16,638
7816359482719,2024-08-17,634
7816359482719,2024-08-18,629
7816359482719,2024-08-19,629
7816359482719,2024-08-20,624
7816359482719,2024-08-21,624
7816359482719,2024-08-22,644
7816359482719,2024-08-23,644
7816359482719,2024-08-24,633
7816359482719,2024-08-25,633
7816359482719,2024-08-26,626
7816359482719,2024-08-27,622
7816359482719,2024-08-28,644
7816359482719,2024-08-29,644
7816359482719,2024-08-30,641
7816359482719,2024-08-31,641
7816359482719,2024-09-01,632
7816359482719,2024-09-02,628
7816359482719,2024-09-03,644
7816359482719,2024-09-04,636
7816359482719,2024-09-05,634
7816359482719,2024-09-06,634
7816359482719,2024-09-07,629
7816359482719,2024-09-08,629
7816359482719,2024-09-09,622
7816359482719,2024-09-10,644
7816359482719,2024-09-11,644
7816359482719,2024-09-12,637
7816359482719,2024-09-13,631
7816359482719,2024-09-14,627
7816359482719,2024-09-15,627
7816359482719,2024-09-16,620
7816359482719,2024-09-17,644
7816359482719,2024-09-18,644
7816359482719,2024-09-19,639
7816359482719,2024-09-20,634
7816359482719,2024-09-21,627
7816359482719,2024-09-22,626
7816359482719,2024-09-23,644
7816359482719,2024-09-24,644
7816359482719,2024-09-25,637
7816359482719,2024-09-26,632
7816359482719,2024-09-27,629
7816359482719,2024-09-28,624
7816359482719,2024-09-29,619
7816359482719,2024-09-30,611
7816359482719,2024-10-01,644
7816359482719,2024-10-02,635
7816359482719,2024-10-03,630
7816359482719,2024-10-04,625
7816359482719,2024-10-05,625
7816359482719,2024-10-06,619
7816359482719,2024-10-07,644
7816359482719,2024-10-08,644
7816359482719,2024-10-09,635
7816359482719,2024-10-10,635
7816359482719,2024-10-11,633
7816359482719,2024-10-12,633
7816359482719,2024-10-13,630
7816359482719,2024-10-14,630
7816359482719,2024-10-15,625
7816359482719,2024-10-16,644
7816359482719,2024-10-17,644
7816359482719,2024-10-18,639
7816359482719,2024-10-19,639
7816359482719,2024-10-20,630
7816359482719,2024-10-21,644
7816359482719,2024-10-22,641
7816359482719,2024-10-23,641
7816359482719,2024-10-24,634
7816359482719,2024-10-25,625
7816359482719,2024-10-26,622
7816359482719,2024-10-27,622
7816359482719,2024-10-28,616
7816359482719,2024-10-29,644
7816359482719,2024-10-30,644
7816359482719,2024-10-31,637
7816359482719,2024-11-01,637
7816359482719,2024-11-02,631
7816359482719,2024-11-03,623
7816359482719,2024-11-04,620
7816359482719,2024-11-05,644
7816359482719,2024-11-06,640
7816359482719,2024-11-07,640
7816359482719,2024-11-08,633
7816359482719,2024-11-09,624
7816359482719,2024-11-10,624
7816359482719,2024-11-11,622
7816359482719,2024-11-12,622
7816359482719,2024-11-13,615
7816359482719,2024-11-14,644
7816359482719,2024-11-15,641
7816359482719,2024-11-16,641
7816359482719,2024-11-17,634
7816359482719,2024-11-18,633
7816359482719,2024-11-19,623
7816359482719,2024-11-20,623
7816359482719,2024-11-21,644
7816359482719,2024-11-22,643
7816359482719,2024-11-23,643
7816359482719,2024-11-24,635
7816359482719,2024-11-25,628
7816359482719,2024-11-26,628
7816359482719,2024-11-27,644
7816359482719,2024-11-28,640
7816359482719,2024-11-29,640
7816359482719,2024-11-30,634
7816359482719,2024-12-01,634
7816359482719,2024-12-02,644
7816359482719,2024-12-03,644
7816359482719,2024-12-04,636
7816359482719,2024-12-05,636
7816359482719,2024-12-06,626
7816359482719,2024-12-07,616
7816359482719,2024-12-08,616
7816359482719,2024-12-09,614
7816359482719,2024-12-10,614
7816359482719,2024-12-11,644
7816359482719,2024-12-12,635
7816359482719,2024-12-13,628
7816359482719,2024-12-14,623
7816359482719,2024-12-15,618
7816359482719,2024-12-16,618
7816359482719,2024-12-17,618
7816359482719,2024-12-18,616
7816359482719,2024-12-19,644
7816359482719,2024-12-20,641
7816359482719,2024-12-21,641
7816359482719,2024-12-22,632
7816359482719,2024-12-23,632
7816359482719,2024-12-24,622
7816359482719,2024-12-25,616
7816359482719,2024-12-26,644
7816359482719,2024-12-27,639
7816359482719,2024-12-28,639
7816359482719,2024-12-29,634
7816359482719,2024-12-30,634
7816359482719,2024-12-31,628
7816359482719,2025-01-01,644
7816359482719,2025-01-02,644
7816359482719,2025-01-03,638
7816359482719,2025-01-04,638
7816359482719,2025-01-05,634
7816359482719,2025-01-06,628
7816359482719,2025-01-07,628
7816359482719,2025-01-08,622
7816359482719,2025-01-09,617
7816359482719,2025-01-10,644
7816359482719,2025-01-11,644
7816359482719,2025-01-12,641
7816359482719,2025-01-13,635
7816359482719,2025-01-14,635
7816359482719,2025-01-15,629
7816359482719,2025-01-16,623
7816359482719,2025-01-17,618
7816359482719,2025-01-18,644
7816359482719,2025-01-19,639
7816359482719,2025-01-20,639
7816359482719,2025-01-21,631
7816359482719,2025-01-22,628
7816359482719,2025-01-23,628
7816359482719,2025-01-24,621
7816359482719,2025-01-25,617
7816359482719,2025-01-26,644
7816359482719,2025-01-27,639
7816359482719,2025-01-28,637
7816359482719,2025-01-29,636
7816359482719,2025-01-30,628
7816359482719,2025-01-31,628
7816359482719,2025-02-01,644
7816359482719,2025-02-02,644
7816359482719,2025-02-03,638
7816359482719,2025-02-04,630
7816359482719,2025-02-05,630
7816359482719,2025-02-06,624
7816359482719,2025-02-07,619
7816359482719,2025-02-08,619
7816359482719,2025-02-09,644
7816359482719,2025-02-10,644
7816359482719,2025-02-11,639
7816359482719,2025-02-12,632
7816359482719,2025-02-13,627
7816359482719,2025-02-14,644
7816359482719,2025-02-15,639
7816359482719,2025-02-16,634
7816359482719,2025-02-17,634
7816359482719,2025-02-18,630
7816359482719,2025-02-19,621
7816359482719,2025-02-20,644
7816359482719,2025-02-21,640
7816359482719,2025-02-22,638
7816359482719,2025-02-23,626
7816359482719,2025-02-24,626
7816359482719,2025-02-25,644
7816359482719,2025-02-26,644
7816359482719,2025-02-27,644
7816359482719,2025-02-28,640
7816359482719,2025-03-01,640
7816359482719,2025-03-02,640
7816359482719,2025-03-03,639
7816359482719,2025-03-04,644
7816359482719,2025-03-05,642
7816359482719,2025-03-06,639
7816359482719,2025-03-07,639
7816359482719,2025-03-08,632
7816359482719,2025-03-09,644
7816359482719,2025-03-10,635
7816359482719,2025-03-11,634
7816359482719,2025-03-12,625
7816359482719,2025-03-13,625
7816359482719,2025-03-14,620
7816359482719,2025-03-15,644
7816359482719,2025-03-16,641
7816359482719,2025-03-17,641
7816359482719,2025-03-18,634
7816359482719,2025-03-19,625
7816359482719,2025-03-20,625
7816359482719,2025-03-21,644
7816359482719,2025-03-22,635
7816359482719,2025-03-23,630
7816359482719,2025-03-24,630
7816359482719,2025-03-25,625
7816359482719,2025-03-26,625
7816359482719,2025-03-27,644
7816359482719,2025-03-28,637
7816359482719,2025-03-29,637
7816359482719,2025-03-30,631
7816359482719,2025-03-31,622
7816359482719,2025-04-01,622
7816359482719,2025-04-02,615
7816359482719,2025-04-03,606
7816359482719,2025-04-04,644
7816359482719,2025-04-05,637
7816359482719,2025-04-06,637
7816359482719,2025-04-07,627
7816359482719,2025-04-08,627
7816359482719,2025-04-09,623
7816359482719,2025-04-10,611
7816359482719,2025-04-11,644
7816359482719,2025-04-12,642
7816359482719,2025-04-13,642
7816359482719,2025-04-14,635
7816359482719,2025-04-15,632
7816359482719,2025-04-16,644
7816359482719,2025-04-17,643
7816359482719,2025-04-18,643
7816359482719,2025-04-19,638
7816359482719,2025-04-20,638
7816359482719,2025-04-21,630
7816359482719,2025-04-22,630
7816359482719,2025-04-23,644
7816359482719,2025-04-24,644
7816359482719,2025-04-25,642
7816359482719,2025-04-26,640
7816359482719,2025-04-27,634
7816359482719,2025-04-28,644
7816359482719,2025-04-29,638
7816359482719,2025-04-30,638
7816359482719,2025-05-01,632
7816359482719,2025-05-02,632
7816359482719,2025-05-03,629
7816359482719,2025-05-04,644
7816359482719,2025-05-05,644
7816359482719,2025-05-06,636
7816359482719,2025-05-07,630
7816359482719,2025-05-08,630
7816359482719,2025-05-09,644
7816359482719,2025-05-10,644
7816359482719,2025-05-11,640
7816359482719,2025-05-12,640
7816359482719,2025-05-13,634
7816359482719,2025-05-14,634
7816359482719,2025-05-15,644
7816359482719,2025-05-16,634
7816359482719,2025-05-17,634
7816359482719,2025-05-18,627
7816359482719,2025-05-19,627
7816359482719,2025-05-20,622
7816359482719,2025-05-21,619
7816359482719,2025-05-22,644
7816359482719,2025-05-23,644
7816359482719,2025-05-24,636
7816359482719,2025-05-25,636
7816359482719,2025-05-26,632
7816359482719,2025-05-27,644
7816359482719,2025-05-28,633
7816359482719,2025-05-29,633
7816359482719,2025-05-30,626
7816359482719,2025-05-31,626
7816359482719,2025-06-01,621
7816359482719,2025-06-02,644
7816359482719,2025-06-03,641
7816359482719,2025-06-04,641
7816359482719,2025-06-05,635
7816359482719,2025-06-06,635
7816359482719,2025-06-07,634
7816359482719,2025-06-08,634
7816359482719,2025-06-09,644
7816359482719,2025-06-10,634
7816359482719,2025-06-11,634
7816359482719,2025-06-12,625
7816359482719,2025-06-13,625
7816359482719,2025-06-14,644
7816359482719,2025-06-15,644
7816359482719,2025-06-16,637
7816359482719,2025-06-17,637
7816359482719,2025-06-18,637
7816359482719,2025-06-19,637
7816359482719,2025-06-20,633
7816359482719,2025-06-21,633
7816359482719,2025-06-22,644
7816359482719,2025-06-23,641
7816359482719,2025-06-24,632
7816359482719,2025-06-25,625
7816359482719,2025-06-26,625
7816359482719,2025-06-27,623
7816359482719,2025-06-28,623
7816359482719,2025-06-29,623
7816359482719,2025-06-30,616
7816359482719,2025-07-01,644
7816359482719,2025-07-02,644
7816359482719,2025-07-03,633
7816359482719,2025-07-04,633
7816359482719,2025-07-05,623
7816359482719,2025-07-06,623
7816359482719,2025-07-07,618
7816359482719,2025-07-08,644
7816359482719,2025-07-09,639
7816359482719,2025-07-10,639
7816359482719,2025-07-11,637
7816359482719,2025-07-12,635
7816359482719,2025-07-13,630
7816359482719,2025-07-14,644
7816359482719,2025-07-15,644
7816359482719,2025-07-16,643
7816359482719,2025-07-17,632
7816359482719,2025-07-18,632
7816359482719,2025-07-19,627
7816359482719,2025-07-20,644
7816359482719,2025-07-21,639
7816359482719,2025-07-22,635
7816359482719,2025-07-23,635
7816359482719,2025-07-24,634
7816359482719,2025-07-25,634
7816359482719,2025-07-26,631
7816359482719,2025-07-27,631
7816359482719,2025-07-28,625
7816359482719,2025-07-29,644
7816359482719,2025-07-30,636
7816359482719,2025-07-31,636
7816359482719,2025-08-01,632
7816359482719,2025-08-02,629
7816359482719,2025-08-03,644
7816359482719,2025-08-04,640
7816359482719,2025-08-05,640
7816359482719,2025-08-06,632
7816359482719,2025-08-07,632
7816359482719,2025-08-08,631
7816359482719,2025-08-09,631
7816359482719,2025-08-10,628
7816359482719,2025-08-11,644
7816359482719,2025-08-12,639
7816359482719,2025-08-13,639
7816359482719,2025-08-14,634
7816359482719,2025-08-15,634
7816359482719,2025-08-16,644
7816359482719,2025-08-17,644
7816359482719,2025-08-18,640
7816359482719,2025-08-19,640
7816359482719,2025-08-20,635
7816359482719,2025-08-21,635
7816359482719,2025-08-22,629
7816359482719,2025-08-23,629
7816359482719,2025-08-24,619
7816359482719,2025-08-25,644
7816359482719,2025-08-26,636
7816359482719,2025-08-27,636
7816359482719,2025-08-28,636
7816359482719,2025-08-29,636
7816359482719,2025-08-30,628
7816359482719,2025-08-31,618
7816359482719,2025-09-01,644
7816359482719,2025-09-02,641
7816359482719,2025-09-03,641
7816359482719,2025-09-04,638
7816359482719,2025-09-05,638
7816359482719,2025-09-06,627
7816359482719,2025-09-07,615
7816359482719,2025-09-08,644
7816359482719,2025-09-09,637
7816359482719,2025-09-10,637
7816359482719,2025-09-11,630
7816359482719,2025-09-12,630
7816359482719,2025-09-13,644
7816359482719,2025-09-14,644
7816359482719,2025-09-15,636
7816359482719,2025-09-16,636
7816359482719,2025-09-17,629
7816359482719,2025-09-18,620
7816359482719,2025-09-19,644
7816359482719,2025-09-20,636
7816359482719,2025-09-21,632
7816359482719,2025-09-22,632
7816359482719,2025-09-23,624
7816359482719,2025-09-24,624
7816359482719,2025-09-25,644
7816359482719,2025-09-26,639
7816359482719,2025-09-27,636
7816359482719,2025-09-28,636
7816359482719,2025-09-29,629
7816359482719,2025-09-30,644
7816359482719,2025-10-01,643
7816359482719,2025-10-02,636
7816359482719,2025-10-03,632
7816359482719,2025-10-04,631
7816359482719,2025-10-05,624
7816359482719,2025-10-06,622
7816359482719,2025-10-07,620
7816359482719,2025-10-08,620
7816359482719,2025-10-09,644
7816359482719,2025-10-10,644
7816359482719,2025-10-11,638
7816359482719,2025-10-12,633
7816359482719,2025-10-13,633
7816359482719,2025-10-14,622
7816359482719,2025-10-15,619
7816359482719,2025-10-16,644
7816359482719,2025-10-17,639
7816359482719,2025-10-18,635
7816359482719,2025-10-19,623
7816359482719,2025-10-20,613
7816359482719,2025-10-21,604
7816359482719,2025-10-22,598
7816359482719,2025-10-23,644
7816359482719,2025-10-24,642
7816359482719,2025-10-25,637
7816359482719,2025-10-26,637
7816359482719,2025-10-27,628
7816359482719,2025-10-28,644
7816359482719,2025-10-29,636
7816359482719,2025-10-30,636
7816359482719,2025-10-31,630
7816359482719,2025-11-01,630
7816359482719,2025-11-02,644
7816359482719,2025-11-03,644
7816359482719,2025-11-04,641
7816359482719,2025-11-05,638
7816359482719,2025-11-06,635
7816359482719,2025-11-07,624
7816359482719,2025-11-08,610
7816359482719,2025-11-09,644
7816359482719,2025-11-10,640
7816359482719,2025-11-11,632
7816359482719,2025-11-12,623
7816359482719,2025-11-13,621
7816359482719,2025-11-14,618
7816359482719,2025-11-15,612
7816359482719,2025-11-16,608
7816359482719,2025-11-17,604
7816359482719,2025-11-18,644
7816359482719,2025-11-19,644
7816359482719,2025-11-20,644
7816359482719,2025-11-21,644
7816359482719,2025-11-22,638
7816359482719,2025-11-23,638
7816359482719,2025-11-24,638
7816359482719,2025-11-25,644
7816359482719,2025-11-26,638
7816359482719,2025-11-27,638
7816359482719,2025-11-28,631
7816359482719,2025-11-29,627
7816359482719,2025-11-30,627
7816359482719,2025-12-01,621
7816359482719,2025-12-02,621
7816359482719,2025-12-03,616
7816359482719,2025-12-04,644
7816359482719,2025-12-05,644
7816359482719,2025-12-06,644
7816359482719,2025-12-07,644
7816359482719,2025-12-08,643
7816359482719,2025-12-09,643
7816359482719,2025-12-10,636
7816359482719,2025-12-11,633
7816359482719,2025-12-12,644
7816359482719,2025-12-13,641
7816359482719,2025-12-14,641
7816359482719,2025-12-15,641
7816359482719,2025-12-16,634
7816359482719,2025-12-17,634
7816359482719,2025-12-18,631
7816359482719,2025-12-19,644
7816359482719,2025-12-20,634
7816359482719,2025-12-21,625
7816359482719,2025-12-22,625
7816359482719,2025-12-23,616
7816359482719,2025-12-24,612
7816359482719,2025-12-25,612
7816359482719,2025-12-26,606
7816359482719,2025-12-27,644
7816359482719,2025-12-28,639
7816359482719,2025-12-29,639
7816359482719,2025-12-30,636
7816359482719,2025-12-31,631
7816359482719,2026-01-01,631
7816359482719,2026-01-02,644
7816359482719,2026-01-03,637
7816359482719,2026-01-04,631
7816359482719,2026-01-05,624
7816359482719,2026-01-06,618
7816359482719,2026-01-07,618
7816359482719,2026-01-08,614
7816359482719,2026-01-09,614
7816359482719,2026-01-10,612
7816359482719,2026-01-11,644
7816359482719,2026-01-12,644
7816359482719,2026-01-13,634
7816359482719,2026-01-14,634
7816359482719,2026-01-15,630
7816359482719,2026-01-16,644
7816359482719,2026-01-17,644
7816359482719,2026-01-18,642
7816359482719,2026-01-19,642
7816359482719,2026-01-20,634
7816359482719,2026-01-21,633
7816359482719,2026-01-22,633
7816359482719,2026-01-23,633
7816359482719,2026-01-24,629
7816359482719,2026-01-25,644
7816359482719,2026-01-26,633
7816359482719,2026-01-27,628
7816359482719,2026-01-28,628
7816359482719,2026-01-29,623
7816359482719,2026-01-30,644
7816359482719,2026-01-31,644
7816359482719,2026-02-01,642
7816359482719,2026-02-02,642
7816359482719,2026-02-03,637
7816359482719,2026-02-04,637
7816359482719,2026-02-05,635
7816359482719,2026-02-06,644
7816359482719,2026-02-07,637
7816359482719,2026-02-08,637
7816359482719,2026-02-09,631
7816359482719,2026-02-10,631
7816359482719,2026-02-11,621
7816359482719,2026-02-12,621
7816359482719,2026-02-13,621
7816359482719,2026-02-14,615
7816359482719,2026-02-15,644
7816359482719,2026-02-16,633
7816359482719,2026-02-17,633
7816359482719,2026-02-18,621
7816359482719,2026-02-19,615
7816359482719,2026-02-20,644
7816359482719,2026-02-21,637
7816359482719,2026-02-22,626
7816359482719,2026-02-23,626
7816359482719,2026-02-24,623
7816359482719,2026-02-25,612
7816359482719,2026-02-26,602
7816359482719,2026-02-27,602
7816359482719,2026-02-28,599
7816359482719,2026-03-01,644
7816359482719,2026-03-02,635
7816359482719,2026-03-03,626
7816359482719,2026-03-04,623
7816359482719,2026-03-05,619
7816359482719,2026-03-06,619
7816359482719,2026-03-07,612
7816359482719,2026-03-08,644
7816359482719,2026-03-09,641
7816359482719,2026-03-10,641
7816359482719,2026-03-11,636
7816359482719,2026-03-12,636
7816359482719,2026-03-13,644
7816359482719,2026-03-14,644
7816359482719,2026-03-15,639
7816359482719,2026-03-16,634
7816359482719,2026-03-17,626
7816359482719,2026-03-18,626
7816359482719,2026-03-19,644
7816359482719,2026-03-20,641
7816359482719,2026-03-21,635
7816359482719,2026-03-22,630
7816359482719,2026-03-23,628
7816359482719,2026-03-24,644
7816359482719,2026-03-25,638
7816359482719,2026-03-26,638
7816359482719,2026-03-27,632
7816359482719,2026-03-28,632
7816359482719,2026-03-29,644
7816359482719,2026-03-30,644
7816359482719,2026-03-31,642
7816359482719,2026-04-01,642
7816359482719,2026-04-02,636
7816359482719,2026-04-03,636
7816359482719,2026-04-04,628
7816359482719,2026-04-05,623
7816359482719,2026-04-06,644
7816359482719,2026-04-07,641
7816359482719,2026-04-08,639
7816359482719,2026-04-09,639
7816359482719,2026-04-10,635
7816359482719,2026-04-11,630
7816359482719,2026-04-12,622
7816359482719,2026-04-13,622
7816359482719,2026-04-14,644
7816359482719,2026-04-15,641
7816359482719,2026-04-16,641
7816359482719,2026-04-17,639
7816359482719,2026-04-18,633
7816359482719,2026-04-19,633
7816359482719,2026-04-20,629
7816359482719,2026-04-21,622
7816359482719,2026-04-22,644
7816359482719,2026-04-23,636
7816359482719,2026-04-24,636
7816359482719,2026-04-25,631
7816359482719,2026-04-26,631
7816359482719,2026-04-27,644
7816359482719,2026-04-28,644
7816359482719,2026-04-29,640
7816359482719,2026-04-30,640
7816359482719,2026-05-01,632
7816359482719,2026-05-02,632
7816359482719,2026-05-03,644
7816359482719,2026-05-04,639
7816359482719,2026-05-05,634
7816359482719,2026-05-06,628
7816359482719,2026-05-07,628
7816359482719,2026-05-08,623
7816359482719,2026-05-09,644
7816359482719,2026-05-10,635
7816359482719,2026-05-11,635
7816359482719,2026-05-12,631
7816359482719,2026-05-13,631
7816359482719,2026-05-14,625
7816359482719,2026-05-15,644
7816359482719,2026-05-16,638
7816359482719,2026-05-17,638
7816359482719,2026-05-18,631
7816359482719,2026-05-19,631
7816359482719,2026-05-20,626
7816359482719,2026-05-21,644
7816359482719,2026-05-22,640
7816359482719,2026-05-23,633
7816359482719,2026-05-24,624
7816359482719,2026-05-25,621
7816359482719,2026-05-26,613
7816359482719,2026-05-27,613
7816359482719,2026-05-28,644
7816359482719,2026-05-29,644
7816359482719,2026-05-30,639
7816359482719,2026-05-31,637
7816359482719,2026-06-01,637
7816359482719,2026-06-02,644
7816359482719,2026-06-03,644
7816359482719,2026-06-04,633
7816359482719,2026-06-05,633
7816359482719,2026-06-06,628
7816359482719,2026-06-07,622
7816359482719,2026-06-08,622
7816359482719,2026-06-09,617
7816359482719,2026-06-10,614
7816359482719,2026-06-11,644
7816359482719,2026-06-12,641
7816359482719,2026-06-13,641
7816359482719,2026-06-14,631
7816359482719,2026-06-15,631
7816359482719,2026-06-16,644
7816359482719,2026-06-17,644
7816359482719,2026-06-18,644
7816359482719,2026-06-19,644
7816359482719,2026-06-20,639
7816359482719,2026-06-21,639
7816359482719,2026-06-22,634
7816359482719,2026-06-23,634
7816359482719,2026-06-24,644
7816359482719,2026-06-25,644
7816359482719,2026-06-26,644
7816359482719,2026-06-27,644
7816359482719,2026-06-28,641
7816359482719,2026-06-29,644
7816359482719,2026-06-30,636
7816359482719,2026-07-01,634
7819273648157,2024-01-01,609
7819273648157,2024-01-02,609
7819273648157,2024-01-03,609
7819273648157,2024-01-04,609
7819273648157,2024-01-05,609
7819273648157,2024-01-06,609
7819273648157,2024-01-07,609
7819273648157,2024-01-08,609
7819273648157,2024-01-09,585
7819273648157,2024-01-10,585
7819273648157,2024-01-11,585
7819273648157,2024-01-12,585
7819273648157,2024-01-13,585
7819273648157,2024-01-14,585
7819273648157,2024-01-15,585
7819273648157,2024-01-16,573
7819273648157,2024-01-17,573
7819273648157,2024-01-18,573
7819273648157,2024-01-19,573
7819273648157,2024-01-20,573
7819273648157,2024-01-21,573
7819273648157,2024-01-22,548
7819273648157,2024-01-23,548
7819273648157,2024-01-24,548
7819273648157,2024-01-25,548
7819273648157,2024-01-26,548
7819273648157,2024-01-27,548
7819273648157,2024-01-28,548
7819273648157,2024-01-29,548
7819273648157,2024-01-30,526
7819273648157,2024-01-31,526
7819273648157,2024-02-01,526
7819273648157,2024-02-02,526
7819273648157,2024-02-03,526
7819273648157,2024-02-04,491
7819273648157,2024-02-05,491
7819273648157,2024-02-06,491
7819273648157,2024-02-07,491
7819273648157,2024-02-08,491
7819273648157,2024-02-09,491
7819273648157,2024-02-10,491
7819273648157,2024-02-11,491
7819273648157,2024-02-12,491
7819273648157,2024-02-13,491
7819273648157,2024-02-14,468
7819273648157,2024-02-15,468
7819273648157,2024-02-16,468
7819273648157,2024-02-17,468
7819273648157,2024-02-18,468
7819273648157,2024-02-19,468
7819273648157,2024-02-20,468
7819273648157,2024-02-21,468
7819273648157,2024-02-22,468
7819273648157,2024-02-23,439
7819273648157,2024-02-24,439
7819273648157,2024-02-25,439
7819273648157,2024-02-26,439
7819273648157,2024-02-27,439
7819273648157,2024-02-28,439
7819273648157,2024-02-29,439
7819273648157,2024-03-01,439
7819273648157,2024-03-02,439
7819273648157,2024-03-03,417
7819273648157,2024-03-04,417
7819273648157,2024-03-05,417
7819273648157,2024-03-06,417
7819273648157,2024-03-07,417
7819273648157,2024-03-08,417
7819273648157,2024-03-09,388
7819273648157,2024-03-10,388
7819273648157,2024-03-11,388
7819273648157,2024-03-12,388
7819273648157,2024-03-13,388
7819273648157,2024-03-14,388
7819273648157,2024-03-15,388
7819273648157,2024-03-16,365
7819273648157,2024-03-17,365
7819273648157,2024-03-18,365
7819273648157,2024-03-19,365
7819273648157,2024-03-20,365
7819273648157,2024-03-21,365
7819273648157,2024-03-22,365
7819273648157,2024-03-23,365
7819273648157,2024-03-24,350
7819273648157,2024-03-25,350
7819273648157,2024-03-26,350
7819273648157,2024-03-27,350
7819273648157,2024-03-28,350
7819273648157,2024-03-29,350
7819273648157,2024-03-30,350
7819273648157,2024-03-31,331
7819273648157,2024-04-01,331
7819273648157,2024-04-02,331
7819273648157,2024-04-03,331
7819273648157,2024-04-04,331
7819273648157,2024-04-05,331
7819273648157,2024-04-06,331
7819273648157,2024-04-07,300
7819273648157,2024-04-08,300
7819273648157,2024-04-09,300
7819273648157,2024-04-10,300
7819273648157,2024-04-11,300
7819273648157,2024-04-12,300
7819273648157,2024-04-13,300
7819273648157,2024-04-14,273
7819273648157,2024-04-15,273
7819273648157,2024-04-16,273
7819273648157,2024-04-17,273
7819273648157,2024-04-18,273
7819273648157,2024-04-19,273
7819273648157,2024-04-20,273
7819273648157,2024-04-21,273
7819273648157,2024-04-22,273
7819273648157,2024-04-23,242
7819273648157,2024-04-24,242
7819273648157,2024-04-25,242
7819273648157,2024-04-26,242
7819273648157,2024-04-27,242
7819273648157,2024-04-28,242
7819273648157,2024-04-29,242
7819273648157,2024-04-30,242
7819273648157,2024-05-01,242
7819273648157,2024-05-02,211
7819273648157,2024-05-03,211
7819273648157,2024-05-04,211
7819273648157,2024-05-05,211
7819273648157,2024-05-06,211
7819273648157,2024-05-07,211
7819273648157,2024-05-08,211
7819273648157,2024-05-09,186
7819273648157,2024-05-10,186
7819273648157,2024-05-11,186
7819273648157,2024-05-12,186
7819273648157,2024-05-13,186
7819273648157,2024-05-14,186
7819273648157,2024-05-15,186
7819273648157,2024-05-16,186
7819273648157,2024-05-17,186
7819273648157,2024-05-18,186
7819273648157,2024-05-19,161
7819273648157,2024-05-20,161
7819273648157,2024-05-21,161
7819273648157,2024-05-22,161
7819273648157,2024-05-23,161
7819273648157,2024-05-24,161
7819273648157,2024-05-25,139
7819273648157,2024-05-26,139
7819273648157,2024-05-27,139
7819273648157,2024-05-28,139
7819273648157,2024-05-29,139
7819273648157,2024-05-30,139
7819273648157,2024-05-31,139
7819273648157,2024-06-01,113
7819273648157,2024-06-02,113
7819273648157,2024-06-03,113
7819273648157,2024-06-04,113
7819273648157,2024-06-05,113
7819273648157,2024-06-06,113
7819273648157,2024-06-07,113
7819273648157,2024-06-08,113
7819273648157,2024-06-09,113
7819273648157,2024-06-10,90
7819273648157,2024-06-11,90
7819273648157,2024-06-12,90
7819273648157,2024-06-13,90
7819273648157,2024-06-14,90
7819273648157,2024-06-15,90
7819273648157,2024-06-16,90
7819273648157,2024-06-17,131
7819273648157,2024-06-18,131
7819273648157,2024-06-19,131
7819273648157,2024-06-20,131
7819273648157,2024-06-21,131
7819273648157,2024-06-22,105
7819273648157,2024-06-23,105
7819273648157,2024-06-24,105
7819273648157,2024-06-25,105
7819273648157,2024-06-26,105
7819273648157,2024-06-27,105
7819273648157,2024-06-28,105
7819273648157,2024-06-29,80
7819273648157,2024-06-30,80
7819273648157,2024-07-01,80
7819273648157,2024-07-02,80
7819273648157,2024-07-03,80
7819273648157,2024-07-04,80
7819273648157,2024-07-05,80
7819273648157,2024-07-06,80
7819273648157,2024-07-07,80
7819273648157,2024-07-08,131
7819273648157,2024-07-09,131
7819273648157,2024-07-10,131
7819273648157,2024-07-11,131
7819273648157,2024-07-12,131
7819273648157,2024-07-13,102
7819273648157,2024-07-14,102
7819273648157,2024-07-15,102
7819273648157,2024-07-16,102
7819273648157,2024-07-17,102
7819273648157,2024-07-18,102
7819273648157,2024-07-19,102
7819273648157,2024-07-20,77
7819273648157,2024-07-21,77
7819273648157,2024-07-22,77
7819273648157,2024-07-23,77
7819273648157,2024-07-24,77
7819273648157,2024-07-25,77
7819273648157,2024-07-26,77
7819273648157,2024-07-27,131
7819273648157,2024-07-28,131
7819273648157,2024-07-29,131
7819273648157,2024-07-30,131
7819273648157,2024-07-31,131
7819273648157,2024-08-01,131
7819273648157,2024-08-02,100
7819273648157,2024-08-03,100
7819273648157,2024-08-04,100
7819273648157,2024-08-05,100
7819273648157,2024-08-06,100
7819273648157,2024-08-07,100
7819273648157,2024-08-08,100
7819273648157,2024-08-09,100
7819273648157,2024-08-10,100
7819273648157,2024-08-11,81
7819273648157,2024-08-12,81
7819273648157,2024-08-13,81
7819273648157,2024-08-14,81
7819273648157,2024-08-15,81
7819273648157,2024-08-16,81
7819273648157,2024-08-17,81
7819273648157,2024-08-18,81
7819273648157,2024-08-19,81
7819273648157,2024-08-20,81
7819273648157,2024-08-21,131
7819273648157,2024-08-22,131
7819273648157,2024-08-23,131
7819273648157,2024-08-24,131
7819273648157,2024-08-25,131
7819273648157,2024-08-26,108
7819273648157,2024-08-27,108
7819273648157,2024-08-28,108
7819273648157,2024-08-29,108
7819273648157,2024-08-30,108
7819273648157,2024-08-31,108
7819273648157,2024-09-01,80
7819273648157,2024-09-02,80
7819273648157,2024-09-03,80
7819273648157,2024-09-04,80
7819273648157,2024-09-05,80
7819273648157,2024-09-06,80
7819273648157,2024-09-07,80
7819273648157,2024-09-08,80
7819273648157,2024-09-09,80
7819273648157,2024-09-10,131
7819273648157,2024-09-11,131
7819273648157,2024-09-12,131
7819273648157,2024-09-13,131
7819273648157,2024-09-14,131
7819273648157,2024-09-15,105
7819273648157,2024-09-16,105
7819273648157,2024-09-17,105
7819273648157,2024-09-18,105
7819273648157,2024-09-19,105
7819273648157,2024-09-20,105
7819273648157,2024-09-21,105
7819273648157,2024-09-22,131
7819273648157,2024-09-23,131
7819273648157,2024-09-24,131
7819273648157,2024-09-25,131
7819273648157,2024-09-26,131
7819273648157,2024-09-27,131
7819273648157,2024-09-28,110
7819273648157,2024-09-29,110
7819273648157,2024-09-30,110
7819273648157,2024-10-01,110
7819273648157,2024-10-02,110
7819273648157,2024-10-03,82
7819273648157,2024-10-04,82
7819273648157,2024-10-05,82
7819273648157,2024-10-06,82
7819273648157,2024-10-07,82
7819273648157,2024-10-08,82
7819273648157,2024-10-09,82
7819273648157,2024-10-10,131
7819273648157,2024-10-11,131
7819273648157,2024-10-12,131
7819273648157,2024-10-13,131
7819273648157,2024-10-14,131
7819273648157,2024-10-15,131
7819273648157,2024-10-16,109
7819273648157,2024-10-17,109
7819273648157,2024-10-18,109
7819273648157,2024-10-19,109
7819273648157,2024-10-20,109
7819273648157,2024-10-21,109
7819273648157,2024-10-22,109
7819273648157,2024-10-23,109
7819273648157,2024-10-24,86
7819273648157,2024-10-25,86
7819273648157,2024-10-26,86
7819273648157,2024-10-27,86
7819273648157,2024-10-28,86
7819273648157,2024-10-29,86
7819273648157,2024-10-30,86
7819273648157,2024-10-31,86
7819273648157,2024-11-01,86
7819273648157,2024-11-02,131
7819273648157,2024-11-03,131
7819273648157,2024-11-04,131
7819273648157,2024-11-05,131
7819273648157,2024-11-06,131
7819273648157,2024-11-07,131
7819273648157,2024-11-08,106
7819273648157,2024-11-09,106
7819273648157,2024-11-10,106
7819273648157,2024-11-11,106
7819273648157,2024-11-12,106
7819273648157,2024-11-13,106
7819273648157,2024-11-14,76
7819273648157,2024-11-15,76
7819273648157,2024-11-16,76
7819273648157,2024-11-17,76
7819273648157,2024-11-18,76
7819273648157,2024-11-19,76
7819273648157,2024-11-20,76
7819273648157,2024-11-21,131
7819273648157,2024-11-22,131
7819273648157,2024-11-23,131
7819273648157,2024-11-24,131
7819273648157,2024-11-25,131
7819273648157,2024-11-26,131
7819273648157,2024-11-27,131
7819273648157,2024-11-28,131
7819273648157,2024-11-29,131
7819273648157,2024-11-30,131
7819273648157,2024-12-01,102
7819273648157,2024-12-02,102
7819273648157,2024-12-03,102
7819273648157,2024-12-04,102
7819273648157,2024-12-05,102
7819273648157,2024-12-06,102
7819273648157,2024-12-07,102
7819273648157,2024-12-08,102
7819273648157,2024-12-09,102
7819273648157,2024-12-10,131
7819273648157,2024-12-11,131
7819273648157,2024-12-12,131
7819273648157,2024-12-13,131
7819273648157,2024-12-14,131
7819273648157,2024-12-15,131
7819273648157,2024-12-16,131
7819273648157,2024-12-17,131
7819273648157,2024-12-18,98
7819273648157,2024-12-19,98
7819273648157,2024-12-20,98
7819273648157,2024-12-21,98
7819273648157,2024-12-22,98
7819273648157,2024-12-23,98
7819273648157,2024-12-24,81
7819273648157,2024-12-25,81
7819273648157,2024-12-26,81
7819273648157,2024-12-27,81
7819273648157,2024-12-28,81
7819273648157,2024-12-29,81
7819273648157,2024-12-30,81
7819273648157,2024-12-31,81
7819273648157,2025-01-01,81
7819273648157,2025-01-02,131
7819273648157,2025-01-03,131
7819273648157,2025-01-04,131
7819273648157,2025-01-05,131
7819273648157,2025-01-06,131
7819273648157,2025-01-07,131
7819273648157,2025-01-08,131
7819273648157,2025-01-09,131
7819273648157,2025-01-10,131
7819273648157,2025-01-11,131
7819273648157,2025-01-12,111
7819273648157,2025-01-13,111
7819273648157,2025-01-14,111
7819273648157,2025-01-15,111
7819273648157,2025-01-16,111
7819273648157,2025-01-17,111
7819273648157,2025-01-18,111
7819273648157,2025-01-19,111
7819273648157,2025-01-20,85
7819273648157,2025-01-21,85
7819273648157,2025-01-22,85
7819273648157,2025-01-23,85
7819273648157,2025-01-24,85
7819273648157,2025-01-25,85
7819273648157,2025-01-26,85
7819273648157,2025-01-27,85
7819273648157,2025-01-28,131
7819273648157,2025-01-29,131
7819273648157,2025-01-30,131
7819273648157,2025-01-31,131
7819273648157,2025-02-01,131
7819273648157,2025-02-02,103
7819273648157,2025-02-03,103
7819273648157,2025-02-04,103
7819273648157,2025-02-05,103
7819273648157,2025-02-06,103
7819273648157,2025-02-07,78
7819273648157,2025-02-08,78
7819273648157,2025-02-09,78
7819273648157,2025-02-10,78
7819273648157,2025-02-11,78
7819273648157,2025-02-12,78
7819273648157,2025-02-13,78
7819273648157,2025-02-14,131
7819273648157,2025-02-15,131
7819273648157,2025-02-16,131
7819273648157,2025-02-17,131
7819273648157,2025-02-18,131
7819273648157,2025-02-19,131
7819273648157,2025-02-20,109
7819273648157,2025-02-21,109
7819273648157,2025-02-22,109
7819273648157,2025-02-23,109
7819273648157,2025-02-24,109
7819273648157,2025-02-25,109
7819273648157,2025-02-26,109
7819273648157,2025-02-27,109
7819273648157,2025-02-28,109
7819273648157,2025-03-01,84
7819273648157,2025-03-02,84
7819273648157,2025-03-03,84
7819273648157,2025-03-04,84
7819273648157,2025-03-05,84
7819273648157,2025-03-06,84
7819273648157,2025-03-07,84
7819273648157,2025-03-08,84
7819273648157,2025-03-09,84
7819273648157,2025-03-10,131
7819273648157,2025-03-11,131
7819273648157,2025-03-12,131
7819273648157,2025-03-13,131
7819273648157,2025-03-14,131
7819273648157,2025-03-15,131
7819273648157,2025-03-16,131
7819273648157,2025-03-17,131
7819273648157,2025-03-18,107
7819273648157,2025-03-19,107
7819273648157,2025-03-20,107
7819273648157,2025-03-21,107
7819273648157,2025-03-22,107
7819273648157,2025-03-23,107
7819273648157,2025-03-24,107
7819273648157,2025-03-25,107
7819273648157,2025-03-26,85
7819273648157,2025-03-27,85
7819273648157,2025-03-28,85
7819273648157,2025-03-29,85
7819273648157,2025-03-30,85
7819273648157,2025-03-31,85
7819273648157,2025-04-01,85
7819273648157,2025-04-02,85
7819273648157,2025-04-03,131
7819273648157,2025-04-04,111
7819273648157,2025-04-05,111
7819273648157,2025-04-06,111
7819273648157,2025-04-07,111
7819273648157,2025-04-08,111
7819273648157,2025-04-09,83
7819273648157,2025-04-10,83
7819273648157,2025-04-11,83
7819273648157,2025-04-12,83
7819273648157,2025-04-13,83
7819273648157,2025-04-14,83
7819273648157,2025-04-15,83
7819273648157,2025-04-16,83
7819273648157,2025-04-17,83
7819273648157,2025-04-18,83
7819273648157,2025-04-19,131
7819273648157,2025-04-20,131
7819273648157,2025-04-21,131
7819273648157,2025-04-22,131
7819273648157,2025-04-23,131
7819273648157,2025-04-24,114
7819273648157,2025-04-25,114
7819273648157,2025-04-26,114
7819273648157,2025-04-27,114
7819273648157,2025-04-28,114
7819273648157,2025-04-29,114
7819273648157,2025-04-30,114
7819273648157,2025-05-01,114
7819273648157,2025-05-02,114
7819273648157,2025-05-03,94
7819273648157,2025-05-04,94
7819273648157,2025-05-05,94
7819273648157,2025-05-06,94
7819273648157,2025-05-07,94
7819273648157,2025-05-08,94
7819273648157,2025-05-09,94
7819273648157,2025-05-10,94
7819273648157,2025-05-11,131
7819273648157,2025-05-12,131
7819273648157,2025-05-13,131
7819273648157,2025-05-14,131
7819273648157,2025-05-15,131
7819273648157,2025-05-16,115
7819273648157,2025-05-17,115
7819273648157,2025-05-18,115
7819273648157,2025-05-19,115
7819273648157,2025-05-20,115
7819273648157,2025-05-21,115
7819273648157,2025-05-22,115
7819273648157,2025-05-23,115
7819273648157,2025-05-24,115
7819273648157,2025-05-25,115
7819273648157,2025-05-26,98
7819273648157,2025-05-27,98
7819273648157,2025-05-28,98
7819273648157,2025-05-29,98
7819273648157,2025-05-30,98
7819273648157,2025-05-31,98
7819273648157,2025-06-01,98
7819273648157,2025-06-02,98
7819273648157,2025-06-03,98
7819273648157,2025-06-04,98
7819273648157,2025-06-05,131
7819273648157,2025-06-06,131
7819273648157,2025-06-07,131
7819273648157,2025-06-08,131
7819273648157,2025-06-09,131
7819273648157,2025-06-10,131
7819273648157,2025-06-11,101
7819273648157,2025-06-12,101
7819273648157,2025-06-13,101
7819273648157,2025-06-14,101
7819273648157,2025-06-15,101
7819273648157,2025-06-16,101
7819273648157,2025-06-17,101
7819273648157,2025-06-18,101
7819273648157,2025-06-19,131
7819273648157,2025-06-20,131
7819273648157,2025-06-21,131
7819273648157,2025-06-22,131
7819273648157,2025-06-23,131
7819273648157,2025-06-24,131
7819273648157,2025-06-25,100
7819273648157,2025-06-26,100
7819273648157,2025-06-27,100
7819273648157,2025-06-28,100
7819273648157,2025-06-29,100
7819273648157,2025-06-30,100
7819273648157,2025-07-01,79
7819273648157,2025-07-02,79
7819273648157,2025-07-03,79
7819273648157,2025-07-04,79
7819273648157,2025-07-05,79
7819273648157,2025-07-06,79
7819273648157,2025-07-07,79
7819273648157,2025-07-08,131
7819273648157,2025-07-09,131
7819273648157,2025-07-10,131
7819273648157,2025-07-11,131
7819273648157,2025-07-12,131
7819273648157,2025-07-13,112
7819273648157,2025-07-14,112
7819273648157,2025-07-15,112
7819273648157,2025-07-16,112
7819273648157,2025-07-17,112
7819273648157,2025-07-18,112
7819273648157,2025-07-19,112
7819273648157,2025-07-20,112
7819273648157,2025-07-21,112
7819273648157,2025-07-22,88
7819273648157,2025-07-23,88
7819273648157,2025-07-24,88
7819273648157,2025-07-25,88
7819273648157,2025-07-26,88
7819273648157,2025-07-27,131
7819273648157,2025-07-28,131
7819273648157,2025-07-29,131
7819273648157,2025-07-30,131
7819273648157,2025-07-31,131
7819273648157,2025-08-01,131
7819273648157,2025-08-02,102
7819273648157,2025-08-03,102
7819273648157,2025-08-04,102
7819273648157,2025-08-05,102
7819273648157,2025-08-06,102
7819273648157,2025-08-07,102
7819273648157,2025-08-08,81
7819273648157,2025-08-09,81
7819273648157,2025-08-10,81
7819273648157,2025-08-11,81
7819273648157,2025-08-12,81
7819273648157,2025-08-13,81
7819273648157,2025-08-14,131
7819273648157,2025-08-15,131
7819273648157,2025-08-16,131
7819273648157,2025-08-17,131
7819273648157,2025-08-18,131
7819273648157,2025-08-19,131
7819273648157,2025-08-20,131
7819273648157,2025-08-21,131
7819273648157,2025-08-22,131
7819273648157,2025-08-23,105
7819273648157,2025-08-24,105
7819273648157,2025-08-25,105
7819273648157,2025-08-26,105
7819273648157,2025-08-27,105
7819273648157,2025-08-28,105
7819273648157,2025-08-29,105
7819273648157,2025-08-30,105
7819273648157,2025-08-31,78
7819273648157,2025-09-01,78
7819273648157,2025-09-02,78
7819273648157,2025-09-03,78
7819273648157,2025-09-04,78
7819273648157,2025-09-05,78
7819273648157,2025-09-06,78
7819273648157,2025-09-07,78
7819273648157,2025-09-08,131
7819273648157,2025-09-09,131
7819273648157,2025-09-10,131
7819273648157,2025-09-11,131
7819273648157,2025-09-12,131
7819273648157,2025-09-13,131
7819273648157,2025-09-14,131
7819273648157,2025-09-15,131
7819273648157,2025-09-16,102
7819273648157,2025-09-17,102
7819273648157,2025-09-18,102
7819273648157,2025-09-19,102
7819273648157,2025-09-20,102
7819273648157,2025-09-21,102
7819273648157,2025-09-22,102
7819273648157,2025-09-23,102
7819273648157,2025-09-24,102
7819273648157,2025-09-25,86
7819273648157,2025-09-26,86
7819273648157,2025-09-27,86
7819273648157,2025-09-28,86
7819273648157,2025-09-29,86
7819273648157,2025-09-30,86
7819273648157,2025-10-01,86
7819273648157,2025-10-02,131
7819273648157,2025-10-03,131
7819273648157,2025-10-04,131
7819273648157,2025-10-05,131
7819273648157,2025-10-06,131
7819273648157,2025-10-07,131
7819273648157,2025-10-08,131
7819273648157,2025-10-09,131
7819273648157,2025-10-10,131
7819273648157,2025-10-11,131
7819273648157,2025-10-12,113
7819273648157,2025-10-13,113
7819273648157,2025-10-14,113
7819273648157,2025-10-15,113
7819273648157,2025-10-16,113
7819273648157,2025-10-17,94
7819273648157,2025-10-18,94
7819273648157,2025-10-19,94
7819273648157,2025-10-20,94
7819273648157,2025-10-21,94
7819273648157,2025-10-22,94
7819273648157,2025-10-23,131
7819273648157,2025-10-24,131
7819273648157,2025-10-25,131
7819273648157,2025-10-26,131
7819273648157,2025-10-27,131
7819273648157,2025-10-28,131
7819273648157,2025-10-29,102
7819273648157,2025-10-30,102
7819273648157,2025-10-31,102
7819273648157,2025-11-01,102
7819273648157,2025-11-02,102
7819273648157,2025-11-03,102
7819273648157,2025-11-04,102
7819273648157,2025-11-05,102
7819273648157,2025-11-06,102
7819273648157,2025-11-07,131
7819273648157,2025-11-08,131
7819273648157,2025-11-09,131
7819273648157,2025-11-10,131
7819273648157,2025-11-11,131
7819273648157,2025-11-12,131
7819273648157,2025-11-13,110
7819273648157,2025-11-14,110
7819273648157,2025-11-15,110
7819273648157,2025-11-16,110
7819273648157,2025-11-17,110
7819273648157,2025-11-18,84
7819273648157,2025-11-19,84
7819273648157,2025-11-20,84
7819273648157,2025-11-21,84
7819273648157,2025-11-22,84
7819273648157,2025-11-23,84
7819273648157,2025-11-24,84
7819273648157,2025-11-25,84
7819273648157,2025-11-26,84
7819273648157,2025-11-27,131
7819273648157,2025-11-28,131
7819273648157,2025-11-29,131
7819273648157,2025-11-30,131
7819273648157,2025-12-01,131
7819273648157,2025-12-02,131
7819273648157,2025-12-03,131
7819273648157,2025-12-04,131
7819273648157,2025-12-05,106
7819273648157,2025-12-06,106
7819273648157,2025-12-07,106
7819273648157,2025-12-08,106
7819273648157,2025-12-09,106
7819273648157,2025-12-10,106
7819273648157,2025-12-11,106
7819273648157,2025-12-12,106
7819273648157,2025-12-13,106
7819273648157,2025-12-14,106
7819273648157,2025-12-15,79
7819273648157,2025-12-16,79
7819273648157,2025-12-17,79
7819273648157,2025-12-18,79
7819273648157,2025-12-19,79
7819273648157,2025-12-20,79
7819273648157,2025-12-21,79
7819273648157,2025-12-22,79
7819273648157,2025-12-23,131
7819273648157,2025-12-24,131
7819273648157,2025-12-25,131
7819273648157,2025-12-26,131
7819273648157,2025-12-27,131
7819273648157,2025-12-28,131
7819273648157,2025-12-29,107
7819273648157,2025-12-30,107
7819273648157,2025-12-31,107
7819273648157,2026-01-01,107
7819273648157,2026-01-02,107
7819273648157,2026-01-03,107
7819273648157,2026-01-04,107
7819273648157,2026-01-05,107
7819273648157,2026-01-06,80
7819273648157,2026-01-07,80
7819273648157,2026-01-08,80
7819273648157,2026-01-09,80
7819273648157,2026-01-10,80
7819273648157,2026-01-11,131
7819273648157,2026-01-12,131
7819273648157,2026-01-13,131
7819273648157,2026-01-14,131
7819273648157,2026-01-15,131
7819273648157,2026-01-16,131
7819273648157,2026-01-17,131
7819273648157,2026-01-18,131
7819273648157,2026-01-19,131
7819273648157,2026-01-20,131
7819273648157,2026-01-21,107
7819273648157,2026-01-22,107
7819273648157,2026-01-23,107
7819273648157,2026-01-24,107
7819273648157,2026-01-25,107
7819273648157,2026-01-26,107
7819273648157,2026-01-27,107
7819273648157,2026-01-28,107
7819273648157,2026-01-29,131
7819273648157,2026-01-30,131
7819273648157,2026-01-31,131
7819273648157,2026-02-01,131
7819273648157,2026-02-02,131
7819273648157,2026-02-03,131
7819273648157,2026-02-04,103
7819273648157,2026-02-05,103
7819273648157,2026-02-06,103
7819273648157,2026-02-07,103
7819273648157,2026-02-08,103
7819273648157,2026-02-09,103
7819273648157,2026-02-10,103
7819273648157,2026-02-11,103
7819273648157,2026-02-12,103
7819273648157,2026-02-13,103
7819273648157,2026-02-14,79
7819273648157,2026-02-15,79
7819273648157,2026-02-16,79
7819273648157,2026-02-17,79
7819273648157,2026-02-18,79
7819273648157,2026-02-19,79
7819273648157,2026-02-20,131
7819273648157,2026-02-21,131
7819273648157,2026-02-22,131
7819273648157,2026-02-23,131
7819273648157,2026-02-24,131
7819273648157,2026-02-25,131
7819273648157,2026-02-26,131
7819273648157,2026-02-27,102
7819273648157,2026-02-28,102
7819273648157,2026-03-01,102
7819273648157,2026-03-02,102
7819273648157,2026-03-03,102
7819273648157,2026-03-04,102
7819273648157,2026-03-05,102
7819273648157,2026-03-06,82
7819273648157,2026-03-07,82
7819273648157,2026-03-08,82
7819273648157,2026-03-09,82
7819273648157,2026-03-10,82
7819273648157,2026-03-11,82
7819273648157,2026-03-12,82
7819273648157,2026-03-13,82
7819273648157,2026-03-14,82
7819273648157,2026-03-15,82
7819273648157,2026-03-16,131
7819273648157,2026-03-17,131
7819273648157,2026-03-18,131
7819273648157,2026-03-19,131
7819273648157,2026-03-20,131
7819273648157,2026-03-21,131
7819273648157,2026-03-22,107
7819273648157,2026-03-23,107
7819273648157,2026-03-24,107
7819273648157,2026-03-25,107
7819273648157,2026-03-26,107
7819273648157,2026-03-27,107
7819273648157,2026-03-28,87
7819273648157,2026-03-29,87
7819273648157,2026-03-30,87
7819273648157,2026-03-31,87
7819273648157,2026-04-01,87
7819273648157,2026-04-02,87
7819273648157,2026-04-03,87
7819273648157,2026-04-04,131
7819273648157,2026-04-05,131
7819273648157,2026-04-06,131
7819273648157,2026-04-07,131
7819273648157,2026-04-08,131
7819273648157,2026-04-09,131
7819273648157,2026-04-10,131
7819273648157,2026-04-11,131
7819273648157,2026-04-12,108
7819273648157,2026-04-13,108
7819273648157,2026-04-14,108
7819273648157,2026-04-15,108
7819273648157,2026-04-16,108
7819273648157,2026-04-17,108
7819273648157,2026-04-18,108
7819273648157,2026-04-19,75
7819273648157,2026-04-20,75
7819273648157,2026-04-21,75
7819273648157,2026-04-22,75
7819273648157,2026-04-23,75
7819273648157,2026-04-24,75
7819273648157,2026-04-25,75
7819273648157,2026-04-26,75
7819273648157,2026-04-27,131
7819273648157,2026-04-28,131
7819273648157,2026-04-29,131
7819273648157,2026-04-30,131
7819273648157,2026-05-01,131
7819273648157,2026-05-02,131
7819273648157,2026-05-03,131
7819273648157,2026-05-04,131
7819273648157,2026-05-05,102
7819273648157,2026-05-06,102
7819273648157,2026-05-07,102
7819273648157,2026-05-08,102
7819273648157,2026-05-09,102
7819273648157,2026-05-10,102
7819273648157,2026-05-11,102
7819273648157,2026-05-12,102
7819273648157,2026-05-13,79
7819273648157,2026-05-14,79
7819273648157,2026-05-15,79
7819273648157,2026-05-16,79
7819273648157,2026-05-17,79
7819273648157,2026-05-18,79
7819273648157,2026-05-19,79
7819273648157,2026-05-20,79
7819273648157,2026-05-21,79
7819273648157,2026-05-22,79
7819273648157,2026-05-23,131
7819273648157,2026-05-24,131
7819273648157,2026-05-25,131
7819273648157,2026-05-26,131
7819273648157,2026-05-27,131
7819273648157,2026-05-28,131
7819273648157,2026-05-29,131
7819273648157,2026-05-30,131
7819273648157,2026-05-31,131
7819273648157,2026-06-01,106
7819273648157,2026-06-02,106
7819273648157,2026-06-03,106
7819273648157,2026-06-04,106
7819273648157,2026-06-05,106
7819273648157,2026-06-06,106
7819273648157,2026-06-07,106
7819273648157,2026-06-08,106
7819273648157,2026-06-09,106
7819273648157,2026-06-10,131
7819273648157,2026-06-11,131
7819273648157,2026-06-12,131
7819273648157,2026-06-13,131
7819273648157,2026-06-14,131
7819273648157,2026-06-15,131
7819273648157,2026-06-16,131
7819273648157,2026-06-17,131
7819273648157,2026-06-18,131
7819273648157,2026-06-19,114
7819273648157,2026-06-20,114
7819273648157,2026-06-21,114
7819273648157,2026-06-22,114
7819273648157,2026-06-23,114
7819273648157,2026-06-24,94
7819273648157,2026-06-25,94
7819273648157,2026-06-26,94
7819273648157,2026-06-27,94
7819273648157,2026-06-28,94
7819273648157,2026-06-29,131
7819273648157,2026-06-30,131
7819273648157,2026-07-01,131
7815482976313,2024-01-01,781
7815482976313,2024-01-02,780
7815482976313,2024-01-03,780
7815482976313,2024-01-04,780
7815482976313,2024-01-05,780
7815482976313,2024-01-06,779
7815482976313,2024-01-07,779
7815482976313,2024-01-08,779
7815482976313,2024-01-09,779
7815482976313,2024-01-10,777
7815482976313,2024-01-11,776
7815482976313,2024-01-12,776
7815482976313,2024-01-13,775
7815482976313,2024-01-14,773
7815482976313,2024-01-15,771
7815482976313,2024-01-16,770
7815482976313,2024-01-17,770
7815482976313,2024-01-18,767
7815482976313,2024-01-19,767
7815482976313,2024-01-20,766
7815482976313,2024-01-21,759
7815482976313,2024-01-22,758
7815482976313,2024-01-23,757
7815482976313,2024-01-24,757
7815482976313,2024-01-25,757
7815482976313,2024-01-26,757
7815482976313,2024-01-27,757
7815482976313,2024-01-28,757
7815482976313,2024-01-29,755
7815482976313,2024-01-30,755
7815482976313,2024-01-31,751
7815482976313,2024-02-01,751
7815482976313,2024-02-02,751
7815482976313,2024-02-03,751
7815482976313,2024-02-04,751
7815482976313,2024-02-05,746
7815482976313,2024-02-06,746
7815482976313,2024-02-07,746
7815482976313,2024-02-08,746
7815482976313,2024-02-09,744
7815482976313,2024-02-10,741
7815482976313,2024-02-11,738
7815482976313,2024-02-12,738
7815482976313,2024-02-13,738
7815482976313,2024-02-14,737
7815482976313,2024-02-15,735
7815482976313,2024-02-16,735
7815482976313,2024-02-17,735
7815482976313,2024-02-18,735
7815482976313,2024-02-19,729
7815482976313,2024-02-20,729
7815482976313,2024-02-21,726
7815482976313,2024-02-22,726
7815482976313,2024-02-23,726
7815482976313,2024-02-24,726
7815482976313,2024-02-25,726
7815482976313,2024-02-26,721
7815482976313,2024-02-27,719
7815482976313,2024-02-28,719
7815482976313,2024-02-29,710
7815482976313,2024-03-01,710
7815482976313,2024-03-02,708
7815482976313,2024-03-03,708
7815482976313,2024-03-04,703
7815482976313,2024-03-05,698
7815482976313,2024-03-06,698
7815482976313,2024-03-07,692
7815482976313,2024-03-08,692
7815482976313,2024-03-09,689
7815482976313,2024-03-10,689
7815482976313,2024-03-11,682
7815482976313,2024-03-12,681
7815482976313,2024-03-13,681
7815482976313,2024-03-14,676
7815482976313,2024-03-15,674
7815482976313,2024-03-16,673
7815482976313,2024-03-17,673
7815482976313,2024-03-18,670
7815482976313,2024-03-19,670
7815482976313,2024-03-20,670
7815482976313,2024-03-21,667
7815482976313,2024-03-22,659
7815482976313,2024-03-23,655
7815482976313,2024-03-24,655
7815482976313,2024-03-25,654
7815482976313,2024-03-26,654
7815482976313,2024-03-27,654
7815482976313,2024-03-28,654
7815482976313,2024-03-29,651
7815482976313,2024-03-30,651
7815482976313,2024-03-31,651
7815482976313,2024-04-01,644
7815482976313,2024-04-02,644
7815482976313,2024-04-03,637
7815482976313,2024-04-04,637
7815482976313,2024-04-05,630
7815482976313,2024-04-06,621
7815482976313,2024-04-07,615
7815482976313,2024-04-08,605
7815482976313,2024-04-09,599
7815482976313,2024-04-10,593
7815482976313,2024-04-11,586
7815482976313,2024-04-12,580
7815482976313,2024-04-13,580
7815482976313,2024-04-14,572
7815482976313,2024-04-15,565
7815482976313,2024-04-16,565
7815482976313,2024-04-17,562
7815482976313,2024-04-18,558
7815482976313,2024-04-19,546
7815482976313,2024-04-20,537
7815482976313,2024-04-21,537
7815482976313,2024-04-22,527
7815482976313,2024-04-23,527
7815482976313,2024-04-24,525
7815482976313,2024-04-25,525
7815482976313,2024-04-26,514
7815482976313,2024-04-27,514
7815482976313,2024-04-28,510
7815482976313,2024-04-29,502
7815482976313,2024-04-30,498
7815482976313,2024-05-01,491
7815482976313,2024-05-02,491
7815482976313,2024-05-03,480
7815482976313,2024-05-04,480
7815482976313,2024-05-05,465
7815482976313,2024-05-06,453
7815482976313,2024-05-07,453
7815482976313,2024-05-08,444
7815482976313,2024-05-09,432
7815482976313,2024-05-10,419
7815482976313,2024-05-11,419
7815482976313,2024-05-12,411
7815482976313,2024-05-13,397
7815482976313,2024-05-14,397
7815482976313,2024-05-15,387
7815482976313,2024-05-16,387
7815482976313,2024-05-17,382
7815482976313,2024-05-18,370
7815482976313,2024-05-19,362
7815482976313,2024-05-20,362
7815482976313,2024-05-21,349
7815482976313,2024-05-22,338
7815482976313,2024-05-23,331
7815482976313,2024-05-24,322
7815482976313,2024-05-25,322
7815482976313,2024-05-26,311
7815482976313,2024-05-27,303
7815482976313,2024-05-28,303
7815482976313,2024-05-29,295
7815482976313,2024-05-30,282
7815482976313,2024-05-31,282
7815482976313,2024-06-01,274
7815482976313,2024-06-02,274
7815482976313,2024-06-03,262
7815482976313,2024-06-04,255
7815482976313,2024-06-05,255
7815482976313,2024-06-06,241
7815482976313,2024-06-07,234
7815482976313,2024-06-08,230
7815482976313,2024-06-09,230
7815482976313,2024-06-10,221
7815482976313,2024-06-11,221
7815482976313,2024-06-12,214
7815482976313,2024-06-13,214
7815482976313,2024-06-14,205
7815482976313,2024-06-15,191
7815482976313,2024-06-16,181
7815482976313,2024-06-17,168
7815482976313,2024-06-18,208
7815482976313,2024-06-19,198
7815482976313,2024-06-20,187
7815482976313,2024-06-21,187
7815482976313,2024-06-22,179
7815482976313,2024-06-23,208
7815482976313,2024-06-24,208
7815482976313,2024-06-25,199
7815482976313,2024-06-26,185
7815482976313,2024-06-27,185
7815482976313,2024-06-28,171
7815482976313,2024-06-29,171
7815482976313,2024-06-30,158
7815482976313,2024-07-01,149
7815482976313,2024-07-02,208
7815482976313,2024-07-03,204
7815482976313,2024-07-04,204
7815482976313,2024-07-05,191
7815482976313,2024-07-06,183
7815482976313,2024-07-07,208
7815482976313,2024-07-08,208
7815482976313,2024-07-09,203
7815482976313,2024-07-10,203
7815482976313,2024-07-11,194
7815482976313,2024-07-12,183
7815482976313,2024-07-13,183
7815482976313,2024-07-14,166
7815482976313,2024-07-15,166
7815482976313,2024-07-16,208
7815482976313,2024-07-17,193
7815482976313,2024-07-18,181
7815482976313,2024-07-19,165
7815482976313,2024-07-20,165
7815482976313,2024-07-21,154
7815482976313,2024-07-22,143
7815482976313,2024-07-23,122
7815482976313,2024-07-24,122
7815482976313,2024-07-25,208
7815482976313,2024-07-26,197
7815482976313,2024-07-27,185
7815482976313,2024-07-28,185
7815482976313,2024-07-29,170
7815482976313,2024-07-30,156
7815482976313,2024-07-31,144
7815482976313,2024-08-01,208
7815482976313,2024-08-02,194
7815482976313,2024-08-03,187
7815482976313,2024-08-04,181
7815482976313,2024-08-05,172
7815482976313,2024-08-06,172
7815482976313,2024-08-07,156
7815482976313,2024-08-08,156
7815482976313,2024-08-09,208
7815482976313,2024-08-10,208
7815482976313,2024-08-11,199
7815482976313,2024-08-12,188
7815482976313,2024-08-13,176
7815482976313,2024-08-14,163
7815482976313,2024-08-15,163
7815482976313,2024-08-16,151
7815482976313,2024-08-17,151
7815482976313,2024-08-18,208
7815482976313,2024-08-19,198
7815482976313,2024-08-20,198
7815482976313,2024-08-21,187
7815482976313,2024-08-22,180
7815482976313,2024-08-23,179
7815482976313,2024-08-24,208
7815482976313,2024-08-25,201
7815482976313,2024-08-26,188
7815482976313,2024-08-27,180
7815482976313,2024-08-28,180
7815482976313,2024-08-29,171
7815482976313,2024-08-30,171
7815482976313,2024-08-31,163
7815482976313,2024-09-01,163
7815482976313,2024-09-02,208
7815482976313,2024-09-03,196
7815482976313,2024-09-04,185
7815482976313,2024-09-05,184
7815482976313,2024-09-06,184
7815482976313,2024-09-07,178
7815482976313,2024-09-08,162
7815482976313,2024-09-09,208
7815482976313,2024-09-10,201
7815482976313,2024-09-11,190
7815482976313,2024-09-12,190
7815482976313,2024-09-13,184
7815482976313,2024-09-14,184
7815482976313,2024-09-15,179
7815482976313,2024-09-16,179
7815482976313,2024-09-17,208
7815482976313,2024-09-18,194
7815482976313,2024-09-19,185
7815482976313,2024-09-20,179
7815482976313,2024-09-21,179
7815482976313,2024-09-22,169
7815482976313,2024-09-23,163
7815482976313,2024-09-24,157
7815482976313,2024-09-25,146
7815482976313,2024-09-26,208
7815482976313,2024-09-27,194
7815482976313,2024-09-28,189
7815482976313,2024-09-29,179
7815482976313,2024-09-30,179
7815482976313,2024-10-01,172
7815482976313,2024-10-02,208
7815482976313,2024-10-03,208
7815482976313,2024-10-04,202
7815482976313,2024-10-05,195
7815482976313,2024-10-06,195
7815482976313,2024-10-07,208
7815482976313,2024-10-08,208
7815482976313,2024-10-09,199
7815482976313,2024-10-10,190
7815482976313,2024-10-11,190
7815482976313,2024-10-12,180
7815482976313,2024-10-13,180
7815482976313,2024-10-14,208
7815482976313,2024-10-15,196
7815482976313,2024-10-16,196
7815482976313,2024-10-17,187
7815482976313,2024-10-18,187
7815482976313,2024-10-19,208
7815482976313,2024-10-20,208
7815482976313,2024-10-21,206
7815482976313,2024-10-22,206
7815482976313,2024-10-23,202
7815482976313,2024-10-24,201
7815482976313,2024-10-25,192
7815482976313,2024-10-26,208
7815482976313,2024-10-27,205
7815482976313,2024-10-28,205
7815482976313,2024-10-29,200
7815482976313,2024-10-30,200
7815482976313,2024-10-31,193
7815482976313,2024-11-01,190
7815482976313,2024-11-02,184
7815482976313,2024-11-03,208
7815482976313,2024-11-04,206
7815482976313,2024-11-05,201
7815482976313,2024-11-06,191
7815482976313,2024-11-07,186
7815482976313,2024-11-08,186
7815482976313,2024-11-09,186
7815482976313,2024-11-10,208
7815482976313,2024-11-11,206
7815482976313,2024-11-12,206
7815482976313,2024-11-13,204
7815482976313,2024-11-14,204
7815482976313,2024-11-15,208
7815482976313,2024-11-16,208
7815482976313,2024-11-17,205
7815482976313,2024-11-18,205
7815482976313,2024-11-19,200
7815482976313,2024-11-20,193
7815482976313,2024-11-21,192
7815482976313,2024-11-22,188
7815482976313,2024-11-23,208
7815482976313,2024-11-24,199
7815482976313,2024-11-25,199
7815482976313,2024-11-26,199
7815482976313,2024-11-27,199
7815482976313,2024-11-28,196
7815482976313,2024-11-29,195
7815482976313,2024-11-30,195
7815482976313,2024-12-01,187
7815482976313,2024-12-02,208
7815482976313,2024-12-03,205
7815482976313,2024-12-04,202
7815482976313,2024-12-05,202
7815482976313,2024-12-06,202
7815482976313,2024-12-07,200
7815482976313,2024-12-08,193
7815482976313,2024-12-09,193
7815482976313,2024-12-10,193
7815482976313,2024-12-11,208
7815482976313,2024-12-12,208
7815482976313,2024-12-13,208
7815482976313,2024-12-14,206
7815482976313,2024-12-15,206
7815482976313,2024-12-16,208
7815482976313,2024-12-17,207
7815482976313,2024-12-18,207
7815482976313,2024-12-19,207
7815482976313,2024-12-20,205
7815482976313,2024-12-21,201
7815482976313,2024-12-22,200
7815482976313,2024-12-23,208
7815482976313,2024-12-24,208
7815482976313,2024-12-25,207
7815482976313,2024-12-26,207
7815482976313,2024-12-27,207
7815482976313,2024-12-28,204
7815482976313,2024-12-29,202
7815482976313,2024-12-30,208
7815482976313,2024-12-31,208
7815482976313,2025-01-01,208
7815482976313,2025-01-02,207
7815482976313,2025-01-03,207
7815482976313,2025-01-04,208
7815482976313,2025-01-05,208
7815482976313,2025-01-06,205
7815482976313,2025-01-07,205
7815482976313,2025-01-08,205
7815482976313,2025-01-09,205
7815482976313,2025-01-10,208
7815482976313,2025-01-11,208
7815482976313,2025-01-12,208
7815482976313,2025-01-13,204
7815482976313,2025-01-14,204
7815482976313,2025-01-15,208
7815482976313,2025-01-16,208
7815482976313,2025-01-17,208
7815482976313,2025-01-18,204
7815482976313,2025-01-19,204
7815482976313,2025-01-20,204
7815482976313,2025-01-21,204
7815482976313,2025-01-22,204
7815482976313,2025-01-23,208
7815482976313,2025-01-24,208
7815482976313,2025-01-25,208
7815482976313,2025-01-26,208
7815482976313,2025-01-27,208
7815482976313,2025-01-28,208
7815482976313,2025-01-29,204
7815482976313,2025-01-30,204
7815482976313,2025-01-31,208
7815482976313,2025-02-01,208
7815482976313,2025-02-02,208
7815482976313,2025-02-03,208
7815482976313,2025-02-04,208
7815482976313,2025-02-05,208
7815482976313,2025-02-06,208
7815482976313,2025-02-07,208
7815482976313,2025-02-08,208
7815482976313,2025-02-09,208
7815482976313,2025-02-10,208
7815482976313,2025-02-11,203
7815482976313,2025-02-12,203
7815482976313,2025-02-13,208
7815482976313,2025-02-14,205
7815482976313,2025-02-15,204
7815482976313,2025-02-16,204
7815482976313,2025-02-17,204
7815482976313,2025-02-18,204
7815482976313,2025-02-19,204
7815482976313,2025-02-20,204
7815482976313,2025-02-21,199
7815482976313,2025-02-22,208
7815482976313,2025-02-23,205
7815482976313,2025-02-24,205
7815482976313,2025-02-25,205
7815482976313,2025-02-26,205
7815482976313,2025-02-27,199
7815482976313,2025-02-28,199
7815482976313,2025-03-01,197
7815482976313,2025-03-02,195
7815482976313,2025-03-03,208
7815482976313,2025-03-04,204
7815482976313,2025-03-05,204
7815482976313,2025-03-06,200
7815482976313,2025-03-07,192
7815482976313,2025-03-08,186
7815482976313,2025-03-09,186
7815482976313,2025-03-10,208
7815482976313,2025-03-11,203
7815482976313,2025-03-12,200
7815482976313,2025-03-13,200
7815482976313,2025-03-14,200
7815482976313,2025-03-15,200
7815482976313,2025-03-16,197
7815482976313,2025-03-17,197
7815482976313,2025-03-18,208
7815482976313,2025-03-19,208
7815482976313,2025-03-20,203
7815482976313,2025-03-21,203
7815482976313,2025-03-22,196
7815482976313,2025-03-23,196
7815482976313,2025-03-24,208
7815482976313,2025-03-25,205
7815482976313,2025-03-26,205
7815482976313,2025-03-27,203
7815482976313,2025-03-28,203
7815482976313,2025-03-29,208
7815482976313,2025-03-30,208
7815482976313,2025-03-31,208
7815482976313,2025-04-01,200
7815482976313,2025-04-02,200
7815482976313,2025-04-03,196
7815482976313,2025-04-04,196
7815482976313,2025-04-05,208
7815482976313,2025-04-06,208
7815482976313,2025-04-07,204
7815482976313,2025-04-08,204
7815482976313,2025-04-09,197
7815482976313,2025-04-10,197
7815482976313,2025-04-11,197
7815482976313,2025-04-12,208
7815482976313,2025-04-13,208
7815482976313,2025-04-14,197
7815482976313,2025-04-15,197
7815482976313,2025-04-16,191
7815482976313,2025-04-17,208
7815482976313,2025-04-18,201
7815482976313,2025-04-19,198
7815482976313,2025-04-20,191
7815482976313,2025-04-21,191
7815482976313,2025-04-22,188
7815482976313,2025-04-23,178
7815482976313,2025-04-24,174
7815482976313,2025-04-25,208
7815482976313,2025-04-26,203
7815482976313,2025-04-27,195
7815482976313,2025-04-28,195
7815482976313,2025-04-29,188
7815482976313,2025-04-30,179
7815482976313,2025-05-01,179
7815482976313,2025-05-02,169
7815482976313,2025-05-03,169
7815482976313,2025-05-04,208
7815482976313,2025-05-05,205
7815482976313,2025-05-06,205
7815482976313,2025-05-07,195
7815482976313,2025-05-08,188
7815482976313,2025-05-09,188
7815482976313,2025-05-10,182
7815482976313,2025-05-11,208
7815482976313,2025-05-12,208
7815482976313,2025-05-13,200
7815482976313,2025-05-14,195
7815482976313,2025-05-15,187
7815482976313,2025-05-16,178
7815482976313,2025-05-17,167
7815482976313,2025-05-18,154
7815482976313,2025-05-19,208
7815482976313,2025-05-20,196
7815482976313,2025-05-21,196
7815482976313,2025-05-22,185
7815482976313,2025-05-23,185
7815482976313,2025-05-24,171
7815482976313,2025-05-25,162
7815482976313,2025-05-26,162
7815482976313,2025-05-27,208
7815482976313,2025-05-28,192
7815482976313,2025-05-29,192
7815482976313,2025-05-30,177
7815482976313,2025-05-31,177
7815482976313,2025-06-01,168
7815482976313,2025-06-02,159
7815482976313,2025-06-03,208
7815482976313,2025-06-04,208
7815482976313,2025-06-05,193
7815482976313,2025-06-06,193
7815482976313,2025-06-07,184
7815482976313,2025-06-08,184
7815482976313,2025-06-09,173
7815482976313,2025-06-10,160
7815482976313,2025-06-11,160
7815482976313,2025-06-12,208
7815482976313,2025-06-13,199
7815482976313,2025-06-14,187
7815482976313,2025-06-15,177
7815482976313,2025-06-16,164
7815482976313,2025-06-17,164
7815482976313,2025-06-18,154
7815482976313,2025-06-19,208
7815482976313,2025-06-20,196
7815482976313,2025-06-21,181
7815482976313,2025-06-22,168
7815482976313,2025-06-23,168
7815482976313,2025-06-24,162
7815482976313,2025-06-25,162
7815482976313,2025-06-26,156
7815482976313,2025-06-27,156
7815482976313,2025-06-28,208
7815482976313,2025-06-29,208
7815482976313,2025-06-30,203
7815482976313,2025-07-01,203
7815482976313,2025-07-02,188
7815482976313,2025-07-03,178
7815482976313,2025-07-04,167
7815482976313,2025-07-05,208
7815482976313,2025-07-06,208
7815482976313,2025-07-07,196
7815482976313,2025-07-08,196
7815482976313,2025-07-09,183
7815482976313,2025-07-10,183
7815482976313,2025-07-11,208
7815482976313,2025-07-12,208
7815482976313,2025-07-13,199
7815482976313,2025-07-14,199
7815482976313,2025-07-15,187
7815482976313,2025-07-16,175
7815482976313,2025-07-17,159
7815482976313,2025-07-18,144
7815482976313,2025-07-19,129
7815482976313,2025-07-20,208
7815482976313,2025-07-21,191
7815482976313,2025-07-22,176
7815482976313,2025-07-23,176
7815482976313,2025-07-24,160
7815482976313,2025-07-25,208
7815482976313,2025-07-26,198
7815482976313,2025-07-27,181
7815482976313,2025-07-28,181
7815482976313,2025-07-29,171
7815482976313,2025-07-30,171
7815482976313,2025-07-31,157
7815482976313,2025-08-01,208
7815482976313,2025-08-02,196
7815482976313,2025-08-03,187
7815482976313,2025-08-04,169
7815482976313,2025-08-05,169
7815482976313,2025-08-06,160
7815482976313,2025-08-07,147
7815482976313,2025-08-08,208
7815482976313,2025-08-09,200
7815482976313,2025-08-10,192
7815482976313,2025-08-11,192
7815482976313,2025-08-12,182
7815482976313,2025-08-13,168
7815482976313,2025-08-14,168
7815482976313,2025-08-15,208
7815482976313,2025-08-16,208
7815482976313,2025-08-17,196
7815482976313,2025-08-18,181
7815482976313,2025-08-19,181
7815482976313,2025-08-20,175
7815482976313,2025-08-21,159
7815482976313,2025-08-22,151
7815482976313,2025-08-23,208
7815482976313,2025-08-24,208
7815482976313,2025-08-25,195
7815482976313,2025-08-26,195
7815482976313,2025-08-27,182
7815482976313,2025-08-28,172
7815482976313,2025-08-29,172
7815482976313,2025-08-30,208
7815482976313,2025-08-31,208
7815482976313,2025-09-01,195
7815482976313,2025-09-02,195
7815482976313,2025-09-03,185
7815482976313,2025-09-04,185
7815482976313,2025-09-05,182
7815482976313,2025-09-06,179
7815482976313,2025-09-07,208
7815482976313,2025-09-08,202
7815482976313,2025-09-09,202
7815482976313,2025-09-10,196
7815482976313,2025-09-11,187
7815482976313,2025-09-12,178
7815482976313,2025-09-13,168
7815482976313,2025-09-14,168
7815482976313,2025-09-15,160
7815482976313,2025-09-16,208
7815482976313,2025-09-17,198
7815482976313,2025-09-18,188
7815482976313,2025-09-19,181
7815482976313,2025-09-20,174
7815482976313,2025-09-21,174
7815482976313,2025-09-22,161
7815482976313,2025-09-23,208
7815482976313,2025-09-24,208
7815482976313,2025-09-25,201
7815482976313,2025-09-26,189
7815482976313,2025-09-27,181
7815482976313,2025-09-28,170
7815482976313,2025-09-29,156
7815482976313,2025-09-30,156
7815482976313,2025-10-01,147
7815482976313,2025-10-02,208
7815482976313,2025-10-03,201
7815482976313,2025-10-04,196
7815482976313,2025-10-05,193
7815482976313,2025-10-06,193
7815482976313,2025-10-07,188
7815482976313,2025-10-08,188
7815482976313,2025-10-09,179
7815482976313,2025-10-10,179
7815482976313,2025-10-11,208
7815482976313,2025-10-12,208
7815482976313,2025-10-13,204
7815482976313,2025-10-14,197
7815482976313,2025-10-15,192
7815482976313,2025-10-16,208
7815482976313,2025-10-17,198
7815482976313,2025-10-18,192
7815482976313,2025-10-19,183
7815482976313,2025-10-20,179
7815482976313,2025-10-21,169
7815482976313,2025-10-22,208
7815482976313,2025-10-23,208
7815482976313,2025-10-24,200
7815482976313,2025-10-25,200
7815482976313,2025-10-26,193
7815482976313,2025-10-27,185
7815482976313,2025-10-28,208
7815482976313,2025-10-29,208
7815482976313,2025-10-30,200
7815482976313,2025-10-31,200
7815482976313,2025-11-01,198
7815482976313,2025-11-02,198
7815482976313,2025-11-03,192
7815482976313,2025-11-04,208
7815482976313,2025-11-05,208
7815482976313,2025-11-06,204
7815482976313,2025-11-07,197
7815482976313,2025-11-08,195
7815482976313,2025-11-09,189
7815482976313,2025-11-10,189
7815482976313,2025-11-11,186
7815482976313,2025-11-12,186
7815482976313,2025-11-13,208
7815482976313,2025-11-14,199
7815482976313,2025-11-15,196
7815482976313,2025-11-16,190
7815482976313,2025-11-17,190
7815482976313,2025-11-18,208
7815482976313,2025-11-19,206
7815482976313,2025-11-20,206
7815482976313,2025-11-21,206
7815482976313,2025-11-22,206
7815482976313,2025-11-23,205
7815482976313,2025-11-24,208
7815482976313,2025-11-25,208
7815482976313,2025-11-26,204
7815482976313,2025-11-27,204
7815482976313,2025-11-28,200
7815482976313,2025-11-29,208
7815482976313,2025-11-30,208
7815482976313,2025-12-01,208
7815482976313,2025-12-02,207
7815482976313,2025-12-03,207
7815482976313,2025-12-04,207
7815482976313,2025-12-05,207
7815482976313,2025-12-06,207
7815482976313,2025-12-07,207
7815482976313,2025-12-08,208
7815482976313,2025-12-09,208
7815482976313,2025-12-10,208
7815482976313,2025-12-11,208
7815482976313,2025-12-12,208
7815482976313,2025-12-13,201
7815482976313,2025-12-14,199
7815482976313,2025-12-15,208
7815482976313,2025-12-16,208
7815482976313,2025-12-17,205
7815482976313,2025-12-18,204
7815482976313,2025-12-19,204
7815482976313,2025-12-20,202
7815482976313,2025-12-21,198
7815482976313,2025-12-22,198
7815482976313,2025-12-23,198
7815482976313,2025-12-24,208
7815482976313,2025-12-25,207
7815482976313,2025-12-26,207
7815482976313,2025-12-27,207
7815482976313,2025-12-28,207
7815482976313,2025-12-29,207
7815482976313,2025-12-30,204
7815482976313,2025-12-31,208
7815482976313,2026-01-01,208
7815482976313,2026-01-02,206
7815482976313,2026-01-03,206
7815482976313,2026-01-04,206
7815482976313,2026-01-05,206
7815482976313,2026-01-06,208
7815482976313,2026-01-07,208
7815482976313,2026-01-08,208
7815482976313,2026-01-09,207
7815482976313,2026-01-10,203
7815482976313,2026-01-11,203
7815482976313,2026-01-12,203
7815482976313,2026-01-13,203
7815482976313,2026-01-14,208
7815482976313,2026-01-15,208
7815482976313,2026-01-16,208
7815482976313,2026-01-17,208
7815482976313,2026-01-18,207
7815482976313,2026-01-19,207
7815482976313,2026-01-20,208
7815482976313,2026-01-21,208
7815482976313,2026-01-22,208
7815482976313,2026-01-23,208
7815482976313,2026-01-24,204
7815482976313,2026-01-25,204
7815482976313,2026-01-26,204
7815482976313,2026-01-27,202
7815482976313,2026-01-28,208
7815482976313,2026-01-29,208
7815482976313,2026-01-30,208
7815482976313,2026-01-31,207
7815482976313,2026-02-01,207
7815482976313,2026-02-02,208
7815482976313,2026-02-03,208
7815482976313,2026-02-04,208
7815482976313,2026-02-05,208
7815482976313,2026-02-06,206
7815482976313,2026-02-07,206
7815482976313,2026-02-08,208
7815482976313,2026-02-09,208
7815482976313,2026-02-10,206
7815482976313,2026-02-11,206
7815482976313,2026-02-12,203
7815482976313,2026-02-13,203
7815482976313,2026-02-14,208
7815482976313,2026-02-15,208
7815482976313,2026-02-16,207
7815482976313,2026-02-17,207
7815482976313,2026-02-18,205
7815482976313,2026-02-19,205
7815482976313,2026-02-20,200
7815482976313,2026-02-21,200
7815482976313,2026-02-22,208
7815482976313,2026-02-23,208
7815482976313,2026-02-24,208
7815482976313,2026-02-25,205
7815482976313,2026-02-26,205
7815482976313,2026-02-27,208
7815482976313,2026-02-28,208
7815482976313,2026-03-01,205
7815482976313,2026-03-02,205
7815482976313,2026-03-03,201
7815482976313,2026-03-04,201
7815482976313,2026-03-05,197
7815482976313,2026-03-06,197
7815482976313,2026-03-07,193
7815482976313,2026-03-08,208
7815482976313,2026-03-09,208
7815482976313,2026-03-10,205
7815482976313,2026-03-11,205
7815482976313,2026-03-12,199
7815482976313,2026-03-13,199
7815482976313,2026-03-14,194
7815482976313,2026-03-15,191
7815482976313,2026-03-16,191
7815482976313,2026-03-17,208
7815482976313,2026-03-18,208
7815482976313,2026-03-19,205
7815482976313,2026-03-20,205
7815482976313,2026-03-21,204
7815482976313,2026-03-22,199
7815482976313,2026-03-23,199
7815482976313,2026-03-24,208
7815482976313,2026-03-25,203
7815482976313,2026-03-26,203
7815482976313,2026-03-27,200
7815482976313,2026-03-28,196
7815482976313,2026-03-29,196
7815482976313,2026-03-30,194
7815482976313,2026-03-31,194
7815482976313,2026-04-01,208
7815482976313,2026-04-02,201
7815482976313,2026-04-03,195
7815482976313,2026-04-04,195
7815482976313,2026-04-05,191
7815482976313,2026-04-06,191
7815482976313,2026-04-07,208
7815482976313,2026-04-08,203
7815482976313,2026-04-09,203
7815482976313,2026-04-10,198
7815482976313,2026-04-11,198
7815482976313,2026-04-12,188
7815482976313,2026-04-13,181
7815482976313,2026-04-14,181
7815482976313,2026-04-15,180
7815482976313,2026-04-16,208
7815482976313,2026-04-17,203
7815482976313,2026-04-18,203
7815482976313,2026-04-19,199
7815482976313,2026-04-20,199
7815482976313,2026-04-21,192
7815482976313,2026-04-22,185
7815482976313,2026-04-23,208
7815482976313,2026-04-24,202
7815482976313,2026-04-25,194
7815482976313,2026-04-26,191
7815482976313,2026-04-27,191
7815482976313,2026-04-28,183
7815482976313,2026-04-29,183
7815482976313,2026-04-30,177
7815482976313,2026-05-01,177
7815482976313,2026-05-02,208
7815482976313,2026-05-03,201
7815482976313,2026-05-04,201
7815482976313,2026-05-05,191
7815482976313,2026-05-06,191
7815482976313,2026-05-07,180
7815482976313,2026-05-08,180
7815482976313,2026-05-09,171
7815482976313,2026-05-10,163
7815482976313,2026-05-11,208
7815482976313,2026-05-12,196
7815482976313,2026-05-13,187
7815482976313,2026-05-14,174
7815482976313,2026-05-15,169
7815482976313,2026-05-16,208
7815482976313,2026-05-17,202
7815482976313,2026-05-18,202
7815482976313,2026-05-19,195
7815482976313,2026-05-20,195
7815482976313,2026-05-21,188
7815482976313,2026-05-22,188
7815482976313,2026-05-23,179
7815482976313,2026-05-24,179
7815482976313,2026-05-25,208
7815482976313,2026-05-26,208
7815482976313,2026-05-27,198
7815482976313,2026-05-28,198
7815482976313,2026-05-29,191
7815482976313,2026-05-30,184
7815482976313,2026-05-31,184
7815482976313,2026-06-01,208
7815482976313,2026-06-02,208
7815482976313,2026-06-03,191
7815482976313,2026-06-04,179
7815482976313,2026-06-05,179
7815482976313,2026-06-06,171
7815482976313,2026-06-07,161
7815482976313,2026-06-08,161
7815482976313,2026-06-09,208
7815482976313,2026-06-10,208
7815482976313,2026-06-11,192
7815482976313,2026-06-12,179
7815482976313,2026-06-13,179
7815482976313,2026-06-14,165
7815482976313,2026-06-15,165
7815482976313,2026-06-16,158
7815482976313,2026-06-17,208
7815482976313,2026-06-18,194
7815482976313,2026-06-19,194
7815482976313,2026-06-20,180
7815482976313,2026-06-21,169
7815482976313,2026-06-22,169
7815482976313,2026-06-23,163
7815482976313,2026-06-24,156
7815482976313,2026-06-25,156
7815482976313,2026-06-26,208
7815482976313,2026-06-27,208
7815482976313,2026-06-28,188
7815482976313,2026-06-29,176
7815482976313,2026-06-30,176
7815482976313,2026-07-01,173
7817639182544,2024-01-01,460
7817639182544,2024-01-02,460
7817639182544,2024-01-03,460
7817639182544,2024-01-04,460
7817639182544,2024-01-05,460
7817639182544,2024-01-06,460
7817639182544,2024-01-07,460
7817639182544,2024-01-08,458
7817639182544,2024-01-09,458
7817639182544,2024-01-10,458
7817639182544,2024-01-11,458
7817639182544,2024-01-12,458
7817639182544,2024-01-13,458
7817639182544,2024-01-14,458
7817639182544,2024-01-15,458
7817639182544,2024-01-16,458
7817639182544,2024-01-17,458
7817639182544,2024-01-18,458
7817639182544,2024-01-19,458
7817639182544,2024-01-20,458
7817639182544,2024-01-21,458
7817639182544,2024-01-22,458
7817639182544,2024-01-23,458
7817639182544,2024-01-24,458
7817639182544,2024-01-25,451
7817639182544,2024-01-26,869
7817639182544,2024-01-27,869
7817639182544,2024-01-28,869
7817639182544,2024-01-29,869
7817639182544,2024-01-30,869
7817639182544,2024-01-31,869
7817639182544,2024-02-01,869
7817639182544,2024-02-02,869
7817639182544,2024-02-03,869
7817639182544,2024-02-04,860
7817639182544,2024-02-05,860
7817639182544,2024-02-06,860
7817639182544,2024-02-07,860
7817639182544,2024-02-08,860
7817639182544,2024-02-09,860
7817639182544,2024-02-10,860
7817639182544,2024-02-11,860
7817639182544,2024-02-12,860
7817639182544,2024-02-13,860
7817639182544,2024-02-14,860
7817639182544,2024-02-15,860
7817639182544,2024-02-16,860
7817639182544,2024-02-17,857
7817639182544,2024-02-18,857
7817639182544,2024-02-19,857
7817639182544,2024-02-20,857
7817639182544,2024-02-21,857
7817639182544,2024-02-22,857
7817639182544,2024-02-23,857
7817639182544,2024-02-24,857
7817639182544,2024-02-25,857
7817639182544,2024-02-26,857
7817639182544,2024-02-27,857
7817639182544,2024-02-28,857
7817639182544,2024-02-29,857
7817639182544,2024-03-01,857
7817639182544,2024-03-02,857
7817639182544,2024-03-03,857
7817639182544,2024-03-04,843
7817639182544,2024-03-05,843
7817639182544,2024-03-06,869
7817639182544,2024-03-07,869
7817639182544,2024-03-08,869
7817639182544,2024-03-09,869
7817639182544,2024-03-10,856
7817639182544,2024-03-11,856
7817639182544,2024-03-12,856
7817639182544,2024-03-13,856
7817639182544,2024-03-14,856
7817639182544,2024-03-15,856
7817639182544,2024-03-16,856
7817639182544,2024-03-17,842
7817639182544,2024-03-18,842
7817639182544,2024-03-19,842
7817639182544,2024-03-20,842
7817639182544,2024-03-21,842
7817639182544,2024-03-22,842
7817639182544,2024-03-23,842
7817639182544,2024-03-24,842
7817639182544,2024-03-25,832
7817639182544,2024-03-26,832
7817639182544,2024-03-27,832
7817639182544,2024-03-28,832
7817639182544,2024-03-29,832
7817639182544,2024-03-30,825
7817639182544,2024-03-31,869
7817639182544,2024-04-01,869
7817639182544,2024-04-02,869
7817639182544,2024-04-03,869
7817639182544,2024-04-04,869
7817639182544,2024-04-05,869
7817639182544,2024-04-06,869
7817639182544,2024-04-07,848
7817639182544,2024-04-08,848
7817639182544,2024-04-09,848
7817639182544,2024-04-10,848
7817639182544,2024-04-11,848
7817639182544,2024-04-12,848
7817639182544,2024-04-13,848
7817639182544,2024-04-14,848
7817639182544,2024-04-15,830
7817639182544,2024-04-16,830
7817639182544,2024-04-17,830
7817639182544,2024-04-18,830
7817639182544,2024-04-19,830
7817639182544,2024-04-20,830
7817639182544,2024-04-21,806
7817639182544,2024-04-22,806
7817639182544,2024-04-23,806
7817639182544,2024-04-24,806
7817639182544,2024-04-25,806
7817639182544,2024-04-26,806
7817639182544,2024-04-27,783
7817639182544,2024-04-28,783
7817639182544,2024-04-29,783
7817639182544,2024-04-30,783
7817639182544,2024-05-01,783
7817639182544,2024-05-02,783
7817639182544,2024-05-03,783
7817639182544,2024-05-04,783
7817639182544,2024-05-05,783
7817639182544,2024-05-06,753
7817639182544,2024-05-07,753
7817639182544,2024-05-08,869
7817639182544,2024-05-09,869
7817639182544,2024-05-10,869
7817639182544,2024-05-11,869
7817639182544,2024-05-12,869
7817639182544,2024-05-13,869
7817639182544,2024-05-14,869
7817639182544,2024-05-15,838
7817639182544,2024-05-16,838
7817639182544,2024-05-17,838
7817639182544,2024-05-18,838
7817639182544,2024-05-19,838
7817639182544,2024-05-20,838
7817639182544,2024-05-21,838
7817639182544,2024-05-22,838
7817639182544,2024-05-23,838
7817639182544,2024-05-24,838
7817639182544,2024-05-25,795
7817639182544,2024-05-26,795
7817639182544,2024-05-27,795
7817639182544,2024-05-28,795
7817639182544,2024-05-29,795
7817639182544,2024-05-30,795
7817639182544,2024-05-31,795
7817639182544,2024-06-01,795
7817639182544,2024-06-02,795
7817639182544,2024-06-03,740
7817639182544,2024-06-04,740
7817639182544,2024-06-05,740
7817639182544,2024-06-06,740
7817639182544,2024-06-07,740
7817639182544,2024-06-08,740
7817639182544,2024-06-09,682
7817639182544,2024-06-10,682
7817639182544,2024-06-11,682
7817639182544,2024-06-12,682
7817639182544,2024-06-13,682
7817639182544,2024-06-14,682
7817639182544,2024-06-15,869
7817639182544,2024-06-16,869
7817639182544,2024-06-17,869
7817639182544,2024-06-18,869
7817639182544,2024-06-19,808
7817639182544,2024-06-20,808
7817639182544,2024-06-21,808
7817639182544,2024-06-22,808
7817639182544,2024-06-23,808
7817639182544,2024-06-24,808
7817639182544,2024-06-25,808
7817639182544,2024-06-26,747
7817639182544,2024-06-27,747
7817639182544,2024-06-28,747
7817639182544,2024-06-29,747
7817639182544,2024-06-30,747
7817639182544,2024-07-01,747
7817639182544,2024-07-02,747
7817639182544,2024-07-03,747
7817639182544,2024-07-04,747
7817639182544,2024-07-05,747
7817639182544,2024-07-06,687
7817639182544,2024-07-07,869
7817639182544,2024-07-08,869
7817639182544,2024-07-09,869
7817639182544,2024-07-10,869
7817639182544,2024-07-11,869
7817639182544,2024-07-12,869
7817639182544,2024-07-13,869
7817639182544,2024-07-14,814
7817639182544,2024-07-15,814
7817639182544,2024-07-16,814
7817639182544,2024-07-17,814
7817639182544,2024-07-18,814
7817639182544,2024-07-19,814
7817639182544,2024-07-20,755
7817639182544,2024-07-21,755
7817639182544,2024-07-22,755
7817639182544,2024-07-23,755
7817639182544,2024-07-24,755
7817639182544,2024-07-25,755
7817639182544,2024-07-26,755
7817639182544,2024-07-27,755
7817639182544,2024-07-28,703
7817639182544,2024-07-29,703
7817639182544,2024-07-30,703
7817639182544,2024-07-31,703
7817639182544,2024-08-01,703
7817639182544,2024-08-02,703
7817639182544,2024-08-03,641
7817639182544,2024-08-04,641
7817639182544,2024-08-05,641
7817639182544,2024-08-06,641
7817639182544,2024-08-07,641
7817639182544,2024-08-08,641
7817639182544,2024-08-09,641
7817639182544,2024-08-10,641
7817639182544,2024-08-11,576
7817639182544,2024-08-12,576
7817639182544,2024-08-13,869
7817639182544,2024-08-14,869
7817639182544,2024-08-15,869
7817639182544,2024-08-16,869
7817639182544,2024-08-17,869
7817639182544,2024-08-18,819
7817639182544,2024-08-19,819
7817639182544,2024-08-20,819
7817639182544,2024-08-21,819
7817639182544,2024-08-22,819
7817639182544,2024-08-23,819
7817639182544,2024-08-24,819
7817639182544,2024-08-25,763
7817639182544,2024-08-26,763
7817639182544,2024-08-27,763
7817639182544,2024-08-28,763
7817639182544,2024-08-29,763
7817639182544,2024-08-30,763
7817639182544,2024-08-31,763
7817639182544,2024-09-01,763
7817639182544,2024-09-02,763
7817639182544,2024-09-03,719
7817639182544,2024-09-04,719
7817639182544,2024-09-05,719
7817639182544,2024-09-06,869
7817639182544,2024-09-07,869
7817639182544,2024-09-08,869
7817639182544,2024-09-09,869
7817639182544,2024-09-10,869
7817639182544,2024-09-11,825
7817639182544,2024-09-12,825
7817639182544,2024-09-13,825
7817639182544,2024-09-14,825
7817639182544,2024-09-15,825
7817639182544,2024-09-16,825
7817639182544,2024-09-17,774
7817639182544,2024-09-18,774
7817639182544,2024-09-19,774
7817639182544,2024-09-20,774
7817639182544,2024-09-21,774
7817639182544,2024-09-22,774
7817639182544,2024-09-23,724
7817639182544,2024-09-24,724
7817639182544,2024-09-25,724
7817639182544,2024-09-26,724
7817639182544,2024-09-27,724
7817639182544,2024-09-28,681
7817639182544,2024-09-29,681
7817639182544,2024-09-30,681
7817639182544,2024-10-01,681
7817639182544,2024-10-02,681
7817639182544,2024-10-03,681
7817639182544,2024-10-04,681
7817639182544,2024-10-05,681
7817639182544,2024-10-06,681
7817639182544,2024-10-07,647
7817639182544,2024-10-08,647
7817639182544,2024-10-09,647
7817639182544,2024-10-10,869
7817639182544,2024-10-11,869
7817639182544,2024-10-12,869
7817639182544,2024-10-13,849
7817639182544,2024-10-14,849
7817639182544,2024-10-15,849
7817639182544,2024-10-16,849
7817639182544,2024-10-17,849
7817639182544,2024-10-18,849
7817639182544,2024-10-19,849
7817639182544,2024-10-20,849
7817639182544,2024-10-21,821
7817639182544,2024-10-22,821
7817639182544,2024-10-23,821
7817639182544,2024-10-24,821
7817639182544,2024-10-25,821
7817639182544,2024-10-26,821
7817639182544,2024-10-27,821
7817639182544,2024-10-28,821
7817639182544,2024-10-29,821
7817639182544,2024-10-30,821
7817639182544,2024-10-31,794
7817639182544,2024-11-01,794
7817639182544,2024-11-02,794
7817639182544,2024-11-03,794
7817639182544,2024-11-04,794
7817639182544,2024-11-05,782
7817639182544,2024-11-06,869
7817639182544,2024-11-07,869
7817639182544,2024-11-08,869
7817639182544,2024-11-09,869
7817639182544,2024-11-10,869
7817639182544,2024-11-11,869
7817639182544,2024-11-12,869
7817639182544,2024-11-13,869
7817639182544,2024-11-14,860
7817639182544,2024-11-15,860
7817639182544,2024-11-16,860
7817639182544,2024-11-17,860
7817639182544,2024-11-18,860
7817639182544,2024-11-19,860
7817639182544,2024-11-20,860
7817639182544,2024-11-21,860
7817639182544,2024-11-22,842
7817639182544,2024-11-23,842
7817639182544,2024-11-24,842
7817639182544,2024-11-25,842
7817639182544,2024-11-26,842
7817639182544,2024-11-27,842
7817639182544,2024-11-28,842
7817639182544,2024-11-29,826
7817639182544,2024-11-30,826
7817639182544,2024-12-01,826
7817639182544,2024-12-02,826
7817639182544,2024-12-03,826
7817639182544,2024-12-04,826
7817639182544,2024-12-05,826
7817639182544,2024-12-06,826
7817639182544,2024-12-07,826
7817639182544,2024-12-08,826
7817639182544,2024-12-09,826
7817639182544,2024-12-10,826
7817639182544,2024-12-11,869
7817639182544,2024-12-12,869
7817639182544,2024-12-13,869
7817639182544,2024-12-14,869
7817639182544,2024-12-15,869
7817639182544,2024-12-16,869
7817639182544,2024-12-17,869
7817639182544,2024-12-18,868
7817639182544,2024-12-19,868
7817639182544,2024-12-20,868
7817639182544,2024-12-21,868
7817639182544,2024-12-22,868
7817639182544,2024-12-23,868
7817639182544,2024-12-24,868
7817639182544,2024-12-25,868
7817639182544,2024-12-26,868
7817639182544,2024-12-27,866
7817639182544,2024-12-28,866
7817639182544,2024-12-29,866
7817639182544,2024-12-30,866
7817639182544,2024-12-31,866
7817639182544,2025-01-01,866
7817639182544,2025-01-02,866
7817639182544,2025-01-03,866
7817639182544,2025-01-04,866
7817639182544,2025-01-05,866
7817639182544,2025-01-06,866
7817639182544,2025-01-07,866
7817639182544,2025-01-08,866
7817639182544,2025-01-09,866
7817639182544,2025-01-10,866
7817639182544,2025-01-11,866
7817639182544,2025-01-12,866
7817639182544,2025-01-13,866
7817639182544,2025-01-14,866
7817639182544,2025-01-15,866
7817639182544,2025-01-16,866
7817639182544,2025-01-17,866
7817639182544,2025-01-18,866
7817639182544,2025-01-19,866
7817639182544,2025-01-20,869
7817639182544,2025-01-21,865
7817639182544,2025-01-22,865
7817639182544,2025-01-23,865
7817639182544,2025-01-24,865
7817639182544,2025-01-25,865
7817639182544,2025-01-26,865
7817639182544,2025-01-27,865
7817639182544,2025-01-28,865
7817639182544,2025-01-29,865
7817639182544,2025-01-30,865
7817639182544,2025-01-31,865
7817639182544,2025-02-01,865
7817639182544,2025-02-02,865
7817639182544,2025-02-03,865
7817639182544,2025-02-04,865
7817639182544,2025-02-05,865
7817639182544,2025-02-06,865
7817639182544,2025-02-07,855
7817639182544,2025-02-08,855
7817639182544,2025-02-09,855
7817639182544,2025-02-10,869
7817639182544,2025-02-11,869
7817639182544,2025-02-12,869
7817639182544,2025-02-13,869
7817639182544,2025-02-14,869
7817639182544,2025-02-15,869
7817639182544,2025-02-16,869
7817639182544,2025-02-17,869
7817639182544,2025-02-18,869
7817639182544,2025-02-19,869
7817639182544,2025-02-20,869
7817639182544,2025-02-21,869
7817639182544,2025-02-22,869
7817639182544,2025-02-23,865
7817639182544,2025-02-24,865
7817639182544,2025-02-25,865
7817639182544,2025-02-26,865
7817639182544,2025-02-27,865
7817639182544,2025-02-28,865
7817639182544,2025-03-01,865
7817639182544,2025-03-02,851
7817639182544,2025-03-03,851
7817639182544,2025-03-04,851
7817639182544,2025-03-05,851
7817639182544,2025-03-06,851
7817639182544,2025-03-07,844
7817639182544,2025-03-08,844
7817639182544,2025-03-09,844
7817639182544,2025-03-10,844
7817639182544,2025-03-11,844
7817639182544,2025-03-12,844
7817639182544,2025-03-13,844
7817639182544,2025-03-14,844
7817639182544,2025-03-15,844
7817639182544,2025-03-16,869
7817639182544,2025-03-17,860
7817639182544,2025-03-18,860
7817639182544,2025-03-19,860
7817639182544,2025-03-20,860
7817639182544,2025-03-21,860
7817639182544,2025-03-22,860
7817639182544,2025-03-23,841
7817639182544,2025-03-24,841
7817639182544,2025-03-25,841
7817639182544,2025-03-26,841
7817639182544,2025-03-27,841
7817639182544,2025-03-28,841
7817639182544,2025-03-29,826
7817639182544,2025-03-30,826
7817639182544,2025-03-31,826
7817639182544,2025-04-01,826
7817639182544,2025-04-02,826
7817639182544,2025-04-03,801
7817639182544,2025-04-04,801
7817639182544,2025-04-05,801
7817639182544,2025-04-06,801
7817639182544,2025-04-07,801
7817639182544,2025-04-08,801
7817639182544,2025-04-09,801
7817639182544,2025-04-10,869
7817639182544,2025-04-11,869
7817639182544,2025-04-12,869
7817639182544,2025-04-13,869
7817639182544,2025-04-14,869
7817639182544,2025-04-15,869
7817639182544,2025-04-16,869
7817639182544,2025-04-17,869
7817639182544,2025-04-18,869
7817639182544,2025-04-19,869
7817639182544,2025-04-20,842
7817639182544,2025-04-21,842
7817639182544,2025-04-22,842
7817639182544,2025-04-23,842
7817639182544,2025-04-24,842
7817639182544,2025-04-25,842
7817639182544,2025-04-26,813
7817639182544,2025-04-27,813
7817639182544,2025-04-28,813
7817639182544,2025-04-29,813
7817639182544,2025-04-30,813
7817639182544,2025-05-01,813
7817639182544,2025-05-02,813
7817639182544,2025-05-03,813
7817639182544,2025-05-04,813
7817639182544,2025-05-05,813
7817639182544,2025-05-06,774
7817639182544,2025-05-07,774
7817639182544,2025-05-08,774
7817639182544,2025-05-09,774
7817639182544,2025-05-10,774
7817639182544,2025-05-11,774
7817639182544,2025-05-12,774
7817639182544,2025-05-13,774
7817639182544,2025-05-14,733
7817639182544,2025-05-15,869
7817639182544,2025-05-16,869
7817639182544,2025-05-17,869
7817639182544,2025-05-18,869
7817639182544,2025-05-19,869
7817639182544,2025-05-20,869
7817639182544,2025-05-21,820
7817639182544,2025-05-22,820
7817639182544,2025-05-23,820
7817639182544,2025-05-24,820
7817639182544,2025-05-25,820
7817639182544,2025-05-26,820
7817639182544,2025-05-27,820
7817639182544,2025-05-28,783
7817639182544,2025-05-29,783
7817639182544,2025-05-30,783
7817639182544,2025-05-31,783
7817639182544,2025-06-01,783
7817639182544,2025-06-02,783
7817639182544,2025-06-03,733
7817639182544,2025-06-04,733
7817639182544,2025-06-05,733
7817639182544,2025-06-06,733
7817639182544,2025-06-07,733
7817639182544,2025-06-08,733
7817639182544,2025-06-09,733
7817639182544,2025-06-10,733
7817639182544,2025-06-11,733
7817639182544,2025-06-12,679
7817639182544,2025-06-13,679
7817639182544,2025-06-14,679
7817639182544,2025-06-15,679
7817639182544,2025-06-16,679
7817639182544,2025-06-17,679
7817639182544,2025-06-18,679
7817639182544,2025-06-19,621
7817639182544,2025-06-20,621
7817639182544,2025-06-21,621
7817639182544,2025-06-22,869
7817639182544,2025-06-23,869
7817639182544,2025-06-24,869
7817639182544,2025-06-25,869
7817639182544,2025-06-26,869
7817639182544,2025-06-27,869
7817639182544,2025-06-28,815
7817639182544,2025-06-29,815
7817639182544,2025-06-30,815
7817639182544,2025-07-01,815
7817639182544,2025-07-02,815
7817639182544,2025-07-03,815
7817639182544,2025-07-04,815
7817639182544,2025-07-05,815
7817639182544,2025-07-06,815
7817639182544,2025-07-07,815
7817639182544,2025-07-08,760
7817639182544,2025-07-09,760
7817639182544,2025-07-10,760
7817639182544,2025-07-11,760
7817639182544,2025-07-12,760
7817639182544,2025-07-13,760
7817639182544,2025-07-14,705
7817639182544,2025-07-15,705
7817639182544,2025-07-16,705
7817639182544,2025-07-17,705
7817639182544,2025-07-18,705
7817639182544,2025-07-19,705
7817639182544,2025-07-20,705
7817639182544,2025-07-21,705
7817639182544,2025-07-22,705
7817639182544,2025-07-23,869
7817639182544,2025-07-24,812
7817639182544,2025-07-25,812
7817639182544,2025-07-26,812
7817639182544,2025-07-27,812
7817639182544,2025-07-28,812
7817639182544,2025-07-29,812
7817639182544,2025-07-30,812
7817639182544,2025-07-31,812
7817639182544,2025-08-01,812
7817639182544,2025-08-02,812
7817639182544,2025-08-03,760
7817639182544,2025-08-04,760
7817639182544,2025-08-05,760
7817639182544,2025-08-06,760
7817639182544,2025-08-07,760
7817639182544,2025-08-08,760
7817639182544,2025-08-09,760
7817639182544,2025-08-10,760
7817639182544,2025-08-11,760
7817639182544,2025-08-12,760
7817639182544,2025-08-13,697
7817639182544,2025-08-14,697
7817639182544,2025-08-15,697
7817639182544,2025-08-16,697
7817639182544,2025-08-17,697
7817639182544,2025-08-18,697
7817639182544,2025-08-19,640
7817639182544,2025-08-20,640
7817639182544,2025-08-21,640
7817639182544,2025-08-22,640
7817639182544,2025-08-23,640
7817639182544,2025-08-24,640
7817639182544,2025-08-25,640
7817639182544,2025-08-26,869
7817639182544,2025-08-27,811
7817639182544,2025-08-28,811
7817639182544,2025-08-29,811
7817639182544,2025-08-30,811
7817639182544,2025-08-31,811
7817639182544,2025-09-01,811
7817639182544,2025-09-02,811
7817639182544,2025-09-03,811
7817639182544,2025-09-04,811
7817639182544,2025-09-05,811
7817639182544,2025-09-06,766
7817639182544,2025-09-07,766
7817639182544,2025-09-08,766
7817639182544,2025-09-09,766
7817639182544,2025-09-10,766
7817639182544,2025-09-11,766
7817639182544,2025-09-12,766
7817639182544,2025-09-13,766
7817639182544,2025-09-14,766
7817639182544,2025-09-15,713
7817639182544,2025-09-16,713
7817639182544,2025-09-17,713
7817639182544,2025-09-18,713
7817639182544,2025-09-19,713
7817639182544,2025-09-20,713
7817639182544,2025-09-21,713
7817639182544,2025-09-22,669
7817639182544,2025-09-23,869
7817639182544,2025-09-24,869
7817639182544,2025-09-25,869
7817639182544,2025-09-26,869
7817639182544,2025-09-27,869
7817639182544,2025-09-28,869
7817639182544,2025-09-29,825
7817639182544,2025-09-30,825
7817639182544,2025-10-01,825
7817639182544,2025-10-02,825
7817639182544,2025-10-03,825
7817639182544,2025-10-04,825
7817639182544,2025-10-05,825
7817639182544,2025-10-06,825
7817639182544,2025-10-07,825
7817639182544,2025-10-08,825
7817639182544,2025-10-09,792
7817639182544,2025-10-10,792
7817639182544,2025-10-11,792
7817639182544,2025-10-12,792
7817639182544,2025-10-13,792
7817639182544,2025-10-14,792
7817639182544,2025-10-15,792
7817639182544,2025-10-16,792
7817639182544,2025-10-17,768
7817639182544,2025-10-18,768
7817639182544,2025-10-19,768
7817639182544,2025-10-20,768
7817639182544,2025-10-21,768
7817639182544,2025-10-22,768
7817639182544,2025-10-23,768
7817639182544,2025-10-24,768
7817639182544,2025-10-25,768
7817639182544,2025-10-26,728
7817639182544,2025-10-27,728
7817639182544,2025-10-28,728
7817639182544,2025-10-29,869
7817639182544,2025-10-30,869
7817639182544,2025-10-31,869
7817639182544,2025-11-01,869
7817639182544,2025-11-02,869
7817639182544,2025-11-03,869
7817639182544,2025-11-04,869
7817639182544,2025-11-05,863
7817639182544,2025-11-06,863
7817639182544,2025-11-07,863
7817639182544,2025-11-08,863
7817639182544,2025-11-09,863
7817639182544,2025-11-10,863
7817639182544,2025-11-11,863
7817639182544,2025-11-12,863
7817639182544,2025-11-13,863
7817639182544,2025-11-14,847
7817639182544,2025-11-15,847
7817639182544,2025-11-16,847
7817639182544,2025-11-17,847
7817639182544,2025-11-18,847
7817639182544,2025-11-19,847
7817639182544,2025-11-20,847
7817639182544,2025-11-21,837
7817639182544,2025-11-22,869
7817639182544,2025-11-23,869
7817639182544,2025-11-24,869
7817639182544,2025-11-25,869
7817639182544,2025-11-26,869
7817639182544,2025-11-27,869
7817639182544,2025-11-28,869
7817639182544,2025-11-29,861
7817639182544,2025-11-30,861
7817639182544,2025-12-01,861
7817639182544,2025-12-02,861
7817639182544,2025-12-03,861
7817639182544,2025-12-04,861
7817639182544,2025-12-05,861
7817639182544,2025-12-06,861
7817639182544,2025-12-07,861
7817639182544,2025-12-08,861
7817639182544,2025-12-09,861
7817639182544,2025-12-10,861
7817639182544,2025-12-11,861
7817639182544,2025-12-12,861
7817639182544,2025-12-13,861
7817639182544,2025-12-14,861
7817639182544,2025-12-15,861
7817639182544,2025-12-16,861
7817639182544,2025-12-17,861
7817639182544,2025-12-18,861
7817639182544,2025-12-19,861
7817639182544,2025-12-20,861
7817639182544,2025-12-21,861
7817639182544,2025-12-22,861
7817639182544,2025-12-23,858
7817639182544,2025-12-24,858
7817639182544,2025-12-25,858
7817639182544,2025-12-26,858
7817639182544,2025-12-27,869
7817639182544,2025-12-28,866
7817639182544,2025-12-29,866
7817639182544,2025-12-30,866
7817639182544,2025-12-31,866
7817639182544,2026-01-01,866
7817639182544,2026-01-02,866
7817639182544,2026-01-03,864
7817639182544,2026-01-04,864
7817639182544,2026-01-05,864
7817639182544,2026-01-06,864
7817639182544,2026-01-07,864
7817639182544,2026-01-08,864
7817639182544,2026-01-09,864
7817639182544,2026-01-10,864
7817639182544,2026-01-11,864
7817639182544,2026-01-12,864
7817639182544,2026-01-13,864
7817639182544,2026-01-14,864
7817639182544,2026-01-15,864
7817639182544,2026-01-16,864
7817639182544,2026-01-17,864
7817639182544,2026-01-18,864
7817639182544,2026-01-19,864
7817639182544,2026-01-20,864
7817639182544,2026-01-21,864
7817639182544,2026-01-22,864
7817639182544,2026-01-23,864
7817639182544,2026-01-24,864
7817639182544,2026-01-25,863
7817639182544,2026-01-26,869
7817639182544,2026-01-27,869
7817639182544,2026-01-28,869
7817639182544,2026-01-29,869
7817639182544,2026-01-30,869
7817639182544,2026-01-31,869
7817639182544,2026-02-01,869
7817639182544,2026-02-02,869
7817639182544,2026-02-03,861
7817639182544,2026-02-04,861
7817639182544,2026-02-05,861
7817639182544,2026-02-06,861
7817639182544,2026-02-07,861
7817639182544,2026-02-08,853
7817639182544,2026-02-09,853
7817639182544,2026-02-10,853
7817639182544,2026-02-11,853
7817639182544,2026-02-12,853
7817639182544,2026-02-13,853
7817639182544,2026-02-14,853
7817639182544,2026-02-15,853
7817639182544,2026-02-16,853
7817639182544,2026-02-17,853
7817639182544,2026-02-18,853
7817639182544,2026-02-19,853
7817639182544,2026-02-20,853
7817639182544,2026-02-21,853
7817639182544,2026-02-22,853
7817639182544,2026-02-23,850
7817639182544,2026-02-24,850
7817639182544,2026-02-25,850
7817639182544,2026-02-26,850
7817639182544,2026-02-27,850
7817639182544,2026-02-28,850
7817639182544,2026-03-01,850
7817639182544,2026-03-02,850
7817639182544,2026-03-03,850
7817639182544,2026-03-04,850
7817639182544,2026-03-05,850
7817639182544,2026-03-06,850
7817639182544,2026-03-07,869
7817639182544,2026-03-08,852
7817639182544,2026-03-09,852
7817639182544,2026-03-10,852
7817639182544,2026-03-11,852
7817639182544,2026-03-12,852
7817639182544,2026-03-13,836
7817639182544,2026-03-14,836
7817639182544,2026-03-15,836
7817639182544,2026-03-16,836
7817639182544,2026-03-17,836
7817639182544,2026-03-18,836
7817639182544,2026-03-19,836
7817639182544,2026-03-20,828
7817639182544,2026-03-21,828
7817639182544,2026-03-22,828
7817639182544,2026-03-23,828
7817639182544,2026-03-24,828
7817639182544,2026-03-25,828
7817639182544,2026-03-26,828
7817639182544,2026-03-27,828
7817639182544,2026-03-28,828
7817639182544,2026-03-29,828
7817639182544,2026-03-30,816
7817639182544,2026-03-31,816
7817639182544,2026-04-01,816
7817639182544,2026-04-02,816
7817639182544,2026-04-03,816
7817639182544,2026-04-04,816
7817639182544,2026-04-05,816
7817639182544,2026-04-06,816
7817639182544,2026-04-07,816
7817639182544,2026-04-08,778
7817639182544,2026-04-09,778
7817639182544,2026-04-10,778
7817639182544,2026-04-11,778
7817639182544,2026-04-12,778
7817639182544,2026-04-13,759
7817639182544,2026-04-14,759
7817639182544,2026-04-15,759
7817639182544,2026-04-16,869
7817639182544,2026-04-17,869
7817639182544,2026-04-18,869
7817639182544,2026-04-19,869
7817639182544,2026-04-20,869
7817639182544,2026-04-21,844
7817639182544,2026-04-22,844
7817639182544,2026-04-23,844
7817639182544,2026-04-24,844
7817639182544,2026-04-25,844
7817639182544,2026-04-26,844
7817639182544,2026-04-27,844
7817639182544,2026-04-28,844
7817639182544,2026-04-29,844
7817639182544,2026-04-30,844
7817639182544,2026-05-01,801
7817639182544,2026-05-02,801
7817639182544,2026-05-03,801
7817639182544,2026-05-04,801
7817639182544,2026-05-05,801
7817639182544,2026-05-06,801
7817639182544,2026-05-07,760
7817639182544,2026-05-08,760
7817639182544,2026-05-09,760
7817639182544,2026-05-10,760
7817639182544,2026-05-11,760
7817639182544,2026-05-12,760
7817639182544,2026-05-13,723
7817639182544,2026-05-14,723
7817639182544,2026-05-15,723
7817639182544,2026-05-16,723
7817639182544,2026-05-17,723
7817639182544,2026-05-18,723
7817639182544,2026-05-19,681
7817639182544,2026-05-20,681
7817639182544,2026-05-21,681
7817639182544,2026-05-22,681
7817639182544,2026-05-23,681
7817639182544,2026-05-24,869
7817639182544,2026-05-25,869
7817639182544,2026-05-26,869
7817639182544,2026-05-27,869
7817639182544,2026-05-28,869
7817639182544,2026-05-29,869
7817639182544,2026-05-30,869
7817639182544,2026-05-31,869
7817639182544,2026-06-01,869
7817639182544,2026-06-02,816
7817639182544,2026-06-03,816
7817639182544,2026-06-04,816
7817639182544,2026-06-05,816
7817639182544,2026-06-06,816
7817639182544,2026-06-07,816
7817639182544,2026-06-08,762
7817639182544,2026-06-09,762
7817639182544,2026-06-10,762
7817639182544,2026-06-11,762
7817639182544,2026-06-12,762
7817639182544,2026-06-13,762
7817639182544,2026-06-14,762
7817639182544,2026-06-15,762
7817639182544,2026-06-16,762
7817639182544,2026-06-17,762
7817639182544,2026-06-18,706
7817639182544,2026-06-19,706
7817639182544,2026-06-20,706
7817639182544,2026-06-21,869
7817639182544,2026-06-22,869
7817639182544,2026-06-23,869
7817639182544,2026-06-24,816
7817639182544,2026-06-25,816
7817639182544,2026-06-26,816
7817639182544,2026-06-27,816
7817639182544,2026-06-28,816
7817639182544,2026-06-29,816
7817639182544,2026-06-30,816
7817639182544,2026-07-01,754
7813958264710,2024-01-01,879
7813958264710,2024-01-02,879
7813958264710,2024-01-03,879
7813958264710,2024-01-04,879
7813958264710,2024-01-05,879
7813958264710,2024-01-06,879
7813958264710,2024-01-07,879
7813958264710,2024-01-08,879
7813958264710,2024-01-09,879
7813958264710,2024-01-10,879
7813958264710,2024-01-11,879
7813958264710,2024-01-12,879
7813958264710,2024-01-13,879
7813958264710,2024-01-14,879
7813958264710,2024-01-15,879
7813958264710,2024-01-16,879
7813958264710,2024-01-17,879
7813958264710,2024-01-18,879
7813958264710,2024-01-19,879
7813958264710,2024-01-20,879
7813958264710,2024-01-21,879
7813958264710,2024-01-22,879
7813958264710,2024-01-23,879
7813958264710,2024-01-24,879
7813958264710,2024-01-25,879
7813958264710,2024-01-26,879
7813958264710,2024-01-27,879
7813958264710,2024-01-28,879
7813958264710,2024-01-29,879
7813958264710,2024-01-30,875
7813958264710,2024-01-31,875
7813958264710,2024-02-01,875
7813958264710,2024-02-02,875
7813958264710,2024-02-03,875
7813958264710,2024-02-04,875
7813958264710,2024-02-05,875
7813958264710,2024-02-06,875
7813958264710,2024-02-07,870
7813958264710,2024-02-08,870
7813958264710,2024-02-09,870
7813958264710,2024-02-10,870
7813958264710,2024-02-11,870
7813958264710,2024-02-12,870
7813958264710,2024-02-13,870
7813958264710,2024-02-14,870
7813958264710,2024-02-15,865
7813958264710,2024-02-16,865
7813958264710,2024-02-17,865
7813958264710,2024-02-18,865
7813958264710,2024-02-19,865
7813958264710,2024-02-20,865
7813958264710,2024-02-21,856
7813958264710,2024-02-22,856
7813958264710,2024-02-23,856
7813958264710,2024-02-24,856
7813958264710,2024-02-25,856
7813958264710,2024-02-26,856
7813958264710,2024-02-27,856
7813958264710,2024-02-28,856
7813958264710,2024-02-29,856
7813958264710,2024-03-01,842
7813958264710,2024-03-02,842
7813958264710,2024-03-03,842
7813958264710,2024-03-04,842
7813958264710,2024-03-05,842
7813958264710,2024-03-06,842
7813958264710,2024-03-07,842
7813958264710,2024-03-08,842
7813958264710,2024-03-09,828
7813958264710,2024-03-10,828
7813958264710,2024-03-11,828
7813958264710,2024-03-12,828
7813958264710,2024-03-13,828
7813958264710,2024-03-14,815
7813958264710,2024-03-15,815
7813958264710,2024-03-16,815
7813958264710,2024-03-17,815
7813958264710,2024-03-18,815
7813958264710,2024-03-19,815
7813958264710,2024-03-20,815
7813958264710,2024-03-21,815
7813958264710,2024-03-22,815
7813958264710,2024-03-23,815
7813958264710,2024-03-24,807
7813958264710,2024-03-25,807
7813958264710,2024-03-26,807
7813958264710,2024-03-27,807
7813958264710,2024-03-28,807
7813958264710,2024-03-29,807
7813958264710,2024-03-30,799
7813958264710,2024-03-31,799
7813958264710,2024-04-01,799
7813958264710,2024-04-02,799
7813958264710,2024-04-03,799
7813958264710,2024-04-04,799
7813958264710,2024-04-05,799
7813958264710,2024-04-06,799
7813958264710,2024-04-07,774
7813958264710,2024-04-08,774
7813958264710,2024-04-09,774
7813958264710,2024-04-10,774
7813958264710,2024-04-11,774
7813958264710,2024-04-12,774
7813958264710,2024-04-13,774
7813958264710,2024-04-14,745
7813958264710,2024-04-15,745
7813958264710,2024-04-16,745
7813958264710,2024-04-17,745
7813958264710,2024-04-18,745
7813958264710,2024-04-19,745
7813958264710,2024-04-20,745
7813958264710,2024-04-21,745
7813958264710,2024-04-22,723
7813958264710,2024-04-23,723
7813958264710,2024-04-24,723
7813958264710,2024-04-25,723
7813958264710,2024-04-26,723
7813958264710,2024-04-27,723
7813958264710,2024-04-28,697
7813958264710,2024-04-29,697
7813958264710,2024-04-30,697
7813958264710,2024-05-01,697
7813958264710,2024-05-02,697
7813958264710,2024-05-03,697
7813958264710,2024-05-04,697
7813958264710,2024-05-05,648
7813958264710,2024-05-06,648
7813958264710,2024-05-07,648
7813958264710,2024-05-08,648
7813958264710,2024-05-09,648
7813958264710,2024-05-10,648
7813958264710,2024-05-11,648
7813958264710,2024-05-12,648
7813958264710,2024-05-13,648
7813958264710,2024-05-14,648
7813958264710,2024-05-15,607
7813958264710,2024-05-16,607
7813958264710,2024-05-17,607
7813958264710,2024-05-18,607
7813958264710,2024-05-19,607
7813958264710,2024-05-20,607
7813958264710,2024-05-21,554
7813958264710,2024-05-22,554
7813958264710,2024-05-23,554
7813958264710,2024-05-24,554
7813958264710,2024-05-25,554
7813958264710,2024-05-26,554
7813958264710,2024-05-27,554
7813958264710,2024-05-28,511
7813958264710,2024-05-29,511
7813958264710,2024-05-30,511
7813958264710,2024-05-31,695
7813958264710,2024-06-01,695
7813958264710,2024-06-02,695
7813958264710,2024-06-03,695
7813958264710,2024-06-04,634
7813958264710,2024-06-05,634
7813958264710,2024-06-06,634
7813958264710,2024-06-07,634
7813958264710,2024-06-08,634
7813958264710,2024-06-09,634
7813958264710,2024-06-10,634
7813958264710,2024-06-11,634
7813958264710,2024-06-12,573
7813958264710,2024-06-13,573
7813958264710,2024-06-14,573
7813958264710,2024-06-15,573
7813958264710,2024-06-16,573
7813958264710,2024-06-17,573
7813958264710,2024-06-18,513
7813958264710,2024-06-19,513
7813958264710,2024-06-20,513
7813958264710,2024-06-21,513
7813958264710,2024-06-22,513
7813958264710,2024-06-23,513
7813958264710,2024-06-24,513
7813958264710,2024-06-25,513
7813958264710,2024-06-26,448
7813958264710,2024-06-27,448
7813958264710,2024-06-28,448
7813958264710,2024-06-29,448
7813958264710,2024-06-30,448
7813958264710,2024-07-01,448
7813958264710,2024-07-02,448
7813958264710,2024-07-03,448
7813958264710,2024-07-04,448
7813958264710,2024-07-05,389
7813958264710,2024-07-06,389
7813958264710,2024-07-07,389
7813958264710,2024-07-08,389
7813958264710,2024-07-09,389
7813958264710,2024-07-10,695
7813958264710,2024-07-11,695
7813958264710,2024-07-12,695
7813958264710,2024-07-13,635
7813958264710,2024-07-14,635
7813958264710,2024-07-15,635
7813958264710,2024-07-16,635
7813958264710,2024-07-17,635
7813958264710,2024-07-18,635
7813958264710,2024-07-19,635
7813958264710,2024-07-20,635
7813958264710,2024-07-21,575
7813958264710,2024-07-22,575
7813958264710,2024-07-23,575
7813958264710,2024-07-24,575
7813958264710,2024-07-25,575
7813958264710,2024-07-26,575
7813958264710,2024-07-27,575
7813958264710,2024-07-28,575
7813958264710,2024-07-29,575
7813958264710,2024-07-30,575
7813958264710,2024-07-31,520
7813958264710,2024-08-01,520
7813958264710,2024-08-02,520
7813958264710,2024-08-03,520
7813958264710,2024-08-04,520
7813958264710,2024-08-05,520
7813958264710,2024-08-06,520
7813958264710,2024-08-07,520
7813958264710,2024-08-08,455
7813958264710,2024-08-09,455
7813958264710,2024-08-10,455
7813958264710,2024-08-11,455
7813958264710,2024-08-12,455
7813958264710,2024-08-13,455
7813958264710,2024-08-14,695
7813958264710,2024-08-15,644
7813958264710,2024-08-16,644
7813958264710,2024-08-17,644
7813958264710,2024-08-18,644
7813958264710,2024-08-19,644
7813958264710,2024-08-20,644
7813958264710,2024-08-21,598
7813958264710,2024-08-22,598
7813958264710,2024-08-23,598
7813958264710,2024-08-24,598
7813958264710,2024-08-25,598
7813958264710,2024-08-26,543
7813958264710,2024-08-27,543
7813958264710,2024-08-28,543
7813958264710,2024-08-29,543
7813958264710,2024-08-30,543
7813958264710,2024-08-31,543
7813958264710,2024-09-01,543
7813958264710,2024-09-02,543
7813958264710,2024-09-03,543
7813958264710,2024-09-04,503
7813958264710,2024-09-05,503
7813958264710,2024-09-06,503
7813958264710,2024-09-07,503
7813958264710,2024-09-08,503
7813958264710,2024-09-09,503
7813958264710,2024-09-10,503
7813958264710,2024-09-11,462
7813958264710,2024-09-12,462
7813958264710,2024-09-13,462
7813958264710,2024-09-14,462
7813958264710,2024-09-15,462
7813958264710,2024-09-16,413
7813958264710,2024-09-17,413
7813958264710,2024-09-18,413
7813958264710,2024-09-19,413
7813958264710,2024-09-20,413
7813958264710,2024-09-21,413
7813958264710,2024-09-22,413
7813958264710,2024-09-23,695
7813958264710,2024-09-24,695
7813958264710,2024-09-25,695
7813958264710,2024-09-26,648
7813958264710,2024-09-27,648
7813958264710,2024-09-28,648
7813958264710,2024-09-29,648
7813958264710,2024-09-30,648
7813958264710,2024-10-01,648
7813958264710,2024-10-02,648
7813958264710,2024-10-03,648
7813958264710,2024-10-04,648
7813958264710,2024-10-05,648
7813958264710,2024-10-06,621
7813958264710,2024-10-07,621
7813958264710,2024-10-08,621
7813958264710,2024-10-09,621
7813958264710,2024-10-10,621
7813958264710,2024-10-11,621
7813958264710,2024-10-12,594
7813958264710,2024-10-13,594
7813958264710,2024-10-14,594
7813958264710,2024-10-15,594
7813958264710,2024-10-16,594
7813958264710,2024-10-17,594
7813958264710,2024-10-18,594
7813958264710,2024-10-19,594
7813958264710,2024-10-20,562
7813958264710,2024-10-21,562
7813958264710,2024-10-22,695
7813958264710,2024-10-23,695
7813958264710,2024-10-24,695
7813958264710,2024-10-25,695
7813958264710,2024-10-26,669
7813958264710,2024-10-27,669
7813958264710,2024-10-28,669
7813958264710,2024-10-29,669
7813958264710,2024-10-30,669
7813958264710,2024-10-31,669
7813958264710,2024-11-01,669
7813958264710,2024-11-02,669
7813958264710,2024-11-03,669
7813958264710,2024-11-04,657
7813958264710,2024-11-05,657
7813958264710,2024-11-06,657
7813958264710,2024-11-07,657
7813958264710,2024-11-08,657
7813958264710,2024-11-09,657
7813958264710,2024-11-10,657
7813958264710,2024-11-11,657
7813958264710,2024-11-12,648
7813958264710,2024-11-13,648
7813958264710,2024-11-14,648
7813958264710,2024-11-15,648
7813958264710,2024-11-16,695
7813958264710,2024-11-17,695
7813958264710,2024-11-18,695
7813958264710,2024-11-19,695
7813958264710,2024-11-20,695
7813958264710,2024-11-21,695
7813958264710,2024-11-22,688
7813958264710,2024-11-23,688
7813958264710,2024-11-24,688
7813958264710,2024-11-25,688
7813958264710,2024-11-26,688
7813958264710,2024-11-27,688
7813958264710,2024-11-28,669
7813958264710,2024-11-29,669
7813958264710,2024-11-30,669
7813958264710,2024-12-01,669
7813958264710,2024-12-02,669
7813958264710,2024-12-03,669
7813958264710,2024-12-04,669
7813958264710,2024-12-05,669
7813958264710,2024-12-06,669
7813958264710,2024-12-07,669
7813958264710,2024-12-08,669
7813958264710,2024-12-09,669
7813958264710,2024-12-10,669
7813958264710,2024-12-11,669
7813958264710,2024-12-12,663
7813958264710,2024-12-13,663
7813958264710,2024-12-14,695
7813958264710,2024-12-15,695
7813958264710,2024-12-16,695
7813958264710,2024-12-17,695
7813958264710,2024-12-18,695
7813958264710,2024-12-19,689
7813958264710,2024-12-20,689
7813958264710,2024-12-21,689
7813958264710,2024-12-22,689
7813958264710,2024-12-23,689
7813958264710,2024-12-24,689
7813958264710,2024-12-25,689
7813958264710,2024-12-26,689
7813958264710,2024-12-27,689
7813958264710,2024-12-28,689
7813958264710,2024-12-29,689
7813958264710,2024-12-30,689
7813958264710,2024-12-31,689
7813958264710,2025-01-01,689
7813958264710,2025-01-02,689
7813958264710,2025-01-03,689
7813958264710,2025-01-04,684
7813958264710,2025-01-05,684
7813958264710,2025-01-06,684
7813958264710,2025-01-07,684
7813958264710,2025-01-08,684
7813958264710,2025-01-09,684
7813958264710,2025-01-10,684
7813958264710,2025-01-11,684
7813958264710,2025-01-12,684
7813958264710,2025-01-13,695
7813958264710,2025-01-14,695
7813958264710,2025-01-15,695
7813958264710,2025-01-16,695
7813958264710,2025-01-17,695
7813958264710,2025-01-18,695
7813958264710,2025-01-19,695
7813958264710,2025-01-20,695
7813958264710,2025-01-21,695
7813958264710,2025-01-22,695
7813958264710,2025-01-23,695
7813958264710,2025-01-24,695
7813958264710,2025-01-25,695
7813958264710,2025-01-26,695
7813958264710,2025-01-27,692
7813958264710,2025-01-28,692
7813958264710,2025-01-29,692
7813958264710,2025-01-30,692
7813958264710,2025-01-31,692
7813958264710,2025-02-01,692
7813958264710,2025-02-02,692
7813958264710,2025-02-03,692
7813958264710,2025-02-04,692
7813958264710,2025-02-05,692
7813958264710,2025-02-06,692
7813958264710,2025-02-07,692
7813958264710,2025-02-08,688
7813958264710,2025-02-09,688
7813958264710,2025-02-10,688
7813958264710,2025-02-11,688
7813958264710,2025-02-12,688
7813958264710,2025-02-13,695
7813958264710,2025-02-14,695
7813958264710,2025-02-15,695
7813958264710,2025-02-16,695
7813958264710,2025-02-17,695
7813958264710,2025-02-18,695
7813958264710,2025-02-19,695
7813958264710,2025-02-20,695
7813958264710,2025-02-21,695
7813958264710,2025-02-22,695
7813958264710,2025-02-23,695
7813958264710,2025-02-24,695
7813958264710,2025-02-25,692
7813958264710,2025-02-26,692
7813958264710,2025-02-27,692
7813958264710,2025-02-28,692
7813958264710,2025-03-01,692
7813958264710,2025-03-02,692
7813958264710,2025-03-03,692
7813958264710,2025-03-04,692
7813958264710,2025-03-05,679
7813958264710,2025-03-06,679
7813958264710,2025-03-07,679
7813958264710,2025-03-08,679
7813958264710,2025-03-09,679
7813958264710,2025-03-10,679
7813958264710,2025-03-11,679
7813958264710,2025-03-12,679
7813958264710,2025-03-13,695
7813958264710,2025-03-14,695
7813958264710,2025-03-15,695
7813958264710,2025-03-16,695
7813958264710,2025-03-17,695
7813958264710,2025-03-18,695
7813958264710,2025-03-19,676
7813958264710,2025-03-20,676
7813958264710,2025-03-21,676
7813958264710,2025-03-22,676
7813958264710,2025-03-23,676
7813958264710,2025-03-24,676
7813958264710,2025-03-25,676
7813958264710,2025-03-26,676
7813958264710,2025-03-27,676
7813958264710,2025-03-28,672
7813958264710,2025-03-29,672
7813958264710,2025-03-30,672
7813958264710,2025-03-31,672
7813958264710,2025-04-01,672
7813958264710,2025-04-02,643
7813958264710,2025-04-03,643
7813958264710,2025-04-04,643
7813958264710,2025-04-05,643
7813958264710,2025-04-06,643
7813958264710,2025-04-07,614
7813958264710,2025-04-08,695
7813958264710,2025-04-09,695
7813958264710,2025-04-10,695
7813958264710,2025-04-11,695
7813958264710,2025-04-12,695
7813958264710,2025-04-13,695
7813958264710,2025-04-14,695
7813958264710,2025-04-15,662
7813958264710,2025-04-16,662
7813958264710,2025-04-17,662
7813958264710,2025-04-18,662
7813958264710,2025-04-19,662
7813958264710,2025-04-20,662
7813958264710,2025-04-21,662
7813958264710,2025-04-22,662
7813958264710,2025-04-23,622
7813958264710,2025-04-24,622
7813958264710,2025-04-25,622
7813958264710,2025-04-26,622
7813958264710,2025-04-27,622
7813958264710,2025-04-28,622
7813958264710,2025-04-29,622
7813958264710,2025-04-30,622
7813958264710,2025-05-01,622
7813958264710,2025-05-02,622
7813958264710,2025-05-03,582
7813958264710,2025-05-04,582
7813958264710,2025-05-05,582
7813958264710,2025-05-06,582
7813958264710,2025-05-07,582
7813958264710,2025-05-08,582
7813958264710,2025-05-09,582
7813958264710,2025-05-10,582
7813958264710,2025-05-11,542
7813958264710,2025-05-12,542
7813958264710,2025-05-13,542
7813958264710,2025-05-14,542
7813958264710,2025-05-15,542
7813958264710,2025-05-16,695
7813958264710,2025-05-17,695
7813958264710,2025-05-18,695
7813958264710,2025-05-19,661
7813958264710,2025-05-20,661
7813958264710,2025-05-21,661
7813958264710,2025-05-22,661
7813958264710,2025-05-23,661
7813958264710,2025-05-24,661
7813958264710,2025-05-25,661
7813958264710,2025-05-26,611
7813958264710,2025-05-27,611
7813958264710,2025-05-28,611
7813958264710,2025-05-29,611
7813958264710,2025-05-30,611
7813958264710,2025-05-31,568
7813958264710,2025-06-01,568
7813958264710,2025-06-02,568
7813958264710,2025-06-03,568
7813958264710,2025-06-04,568
7813958264710,2025-06-05,509
7813958264710,2025-06-06,509
7813958264710,2025-06-07,509
7813958264710,2025-06-08,509
7813958264710,2025-06-09,509
7813958264710,2025-06-10,509
7813958264710,2025-06-11,509
7813958264710,2025-06-12,695
7813958264710,2025-06-13,695
7813958264710,2025-06-14,639
7813958264710,2025-06-15,639
7813958264710,2025-06-16,639
7813958264710,2025-06-17,639
7813958264710,2025-06-18,639
7813958264710,2025-06-19,639
7813958264710,2025-06-20,639
7813958264710,2025-06-21,639
7813958264710,2025-06-22,582
7813958264710,2025-06-23,582
7813958264710,2025-06-24,582
7813958264710,2025-06-25,582
7813958264710,2025-06-26,582
7813958264710,2025-06-27,582
7813958264710,2025-06-28,528
7813958264710,2025-06-29,528
7813958264710,2025-06-30,528
7813958264710,2025-07-01,528
7813958264710,2025-07-02,528
7813958264710,2025-07-03,528
7813958264710,2025-07-04,528
7813958264710,2025-07-05,528
7813958264710,2025-07-06,528
7813958264710,2025-07-07,528
7813958264710,2025-07-08,457
7813958264710,2025-07-09,457
7813958264710,2025-07-10,457
7813958264710,2025-07-11,457
7813958264710,2025-07-12,457
7813958264710,2025-07-13,695
7813958264710,2025-07-14,695
7813958264710,2025-07-15,695
7813958264710,2025-07-16,695
7813958264710,2025-07-17,695
7813958264710,2025-07-18,630
7813958264710,2025-07-19,630
7813958264710,2025-07-20,630
7813958264710,2025-07-21,630
7813958264710,2025-07-22,630
7813958264710,2025-07-23,630
7813958264710,2025-07-24,567
7813958264710,2025-07-25,567
7813958264710,2025-07-26,567
7813958264710,2025-07-27,567
7813958264710,2025-07-28,567
7813958264710,2025-07-29,567
7813958264710,2025-07-30,567
7813958264710,2025-07-31,567
7813958264710,2025-08-01,567
7813958264710,2025-08-02,517
7813958264710,2025-08-03,517
7813958264710,2025-08-04,517
7813958264710,2025-08-05,517
7813958264710,2025-08-06,517
7813958264710,2025-08-07,517
7813958264710,2025-08-08,467
7813958264710,2025-08-09,467
7813958264710,2025-08-10,467
7813958264710,2025-08-11,467
7813958264710,2025-08-12,467
7813958264710,2025-08-13,467
7813958264710,2025-08-14,467
7813958264710,2025-08-15,695
7813958264710,2025-08-16,695
7813958264710,2025-08-17,695
7813958264710,2025-08-18,695
7813958264710,2025-08-19,695
7813958264710,2025-08-20,695
7813958264710,2025-08-21,695
7813958264710,2025-08-22,695
7813958264710,2025-08-23,695
7813958264710,2025-08-24,640
7813958264710,2025-08-25,640
7813958264710,2025-08-26,640
7813958264710,2025-08-27,640
7813958264710,2025-08-28,640
7813958264710,2025-08-29,640
7813958264710,2025-08-30,640
7813958264710,2025-08-31,640
7813958264710,2025-09-01,640
7813958264710,2025-09-02,600
7813958264710,2025-09-03,600
7813958264710,2025-09-04,600
7813958264710,2025-09-05,600
7813958264710,2025-09-06,600
7813958264710,2025-09-07,600
7813958264710,2025-09-08,600
7813958264710,2025-09-09,557
7813958264710,2025-09-10,557
7813958264710,2025-09-11,557
7813958264710,2025-09-12,557
7813958264710,2025-09-13,557
7813958264710,2025-09-14,516
7813958264710,2025-09-15,516
7813958264710,2025-09-16,516
7813958264710,2025-09-17,516
7813958264710,2025-09-18,516
7813958264710,2025-09-19,516
7813958264710,2025-09-20,516
7813958264710,2025-09-21,695
7813958264710,2025-09-22,695
7813958264710,2025-09-23,695
7813958264710,2025-09-24,647
7813958264710,2025-09-25,647
7813958264710,2025-09-26,647
7813958264710,2025-09-27,647
7813958264710,2025-09-28,647
7813958264710,2025-09-29,647
7813958264710,2025-09-30,647
7813958264710,2025-10-01,647
7813958264710,2025-10-02,620
7813958264710,2025-10-03,620
7813958264710,2025-10-04,620
7813958264710,2025-10-05,620
7813958264710,2025-10-06,620
7813958264710,2025-10-07,620
7813958264710,2025-10-08,620
7813958264710,2025-10-09,620
7813958264710,2025-10-10,620
7813958264710,2025-10-11,620
7813958264710,2025-10-12,589
7813958264710,2025-10-13,589
7813958264710,2025-10-14,589
7813958264710,2025-10-15,589
7813958264710,2025-10-16,589
7813958264710,2025-10-17,589
7813958264710,2025-10-18,589
7813958264710,2025-10-19,589
7813958264710,2025-10-20,562
7813958264710,2025-10-21,695
7813958264710,2025-10-22,695
7813958264710,2025-10-23,695
7813958264710,2025-10-24,695
7813958264710,2025-10-25,695
7813958264710,2025-10-26,668
7813958264710,2025-10-27,668
7813958264710,2025-10-28,668
7813958264710,2025-10-29,668
7813958264710,2025-10-30,668
7813958264710,2025-10-31,668
7813958264710,2025-11-01,668
7813958264710,2025-11-02,668
7813958264710,2025-11-03,668
7813958264710,2025-11-04,668
7813958264710,2025-11-05,652
7813958264710,2025-11-06,652
7813958264710,2025-11-07,652
7813958264710,2025-11-08,652
7813958264710,2025-11-09,652
7813958264710,2025-11-10,652
7813958264710,2025-11-11,652
7813958264710,2025-11-12,639
7813958264710,2025-11-13,639
7813958264710,2025-11-14,639
7813958264710,2025-11-15,639
7813958264710,2025-11-16,639
7813958264710,2025-11-17,617
7813958264710,2025-11-18,617
7813958264710,2025-11-19,617
7813958264710,2025-11-20,617
7813958264710,2025-11-21,617
7813958264710,2025-11-22,617
7813958264710,2025-11-23,599
7813958264710,2025-11-24,695
7813958264710,2025-11-25,695
7813958264710,2025-11-26,695
7813958264710,2025-11-27,695
7813958264710,2025-11-28,695
7813958264710,2025-11-29,695
7813958264710,2025-11-30,695
7813958264710,2025-12-01,689
7813958264710,2025-12-02,689
7813958264710,2025-12-03,689
7813958264710,2025-12-04,689
7813958264710,2025-12-05,689
7813958264710,2025-12-06,685
7813958264710,2025-12-07,685
7813958264710,2025-12-08,685
7813958264710,2025-12-09,685
7813958264710,2025-12-10,685
7813958264710,2025-12-11,685
7813958264710,2025-12-12,685
7813958264710,2025-12-13,685
7813958264710,2025-12-14,685
7813958264710,2025-12-15,684
7813958264710,2025-12-16,684
7813958264710,2025-12-17,684
7813958264710,2025-12-18,684
7813958264710,2025-12-19,684
7813958264710,2025-12-20,684
7813958264710,2025-12-21,684
7813958264710,2025-12-22,676
7813958264710,2025-12-23,676
7813958264710,2025-12-24,676
7813958264710,2025-12-25,676
7813958264710,2025-12-26,676
7813958264710,2025-12-27,673
7813958264710,2025-12-28,673
7813958264710,2025-12-29,695
7813958264710,2025-12-30,695
7813958264710,2025-12-31,695
7813958264710,2026-01-01,695
7813958264710,2026-01-02,695
7813958264710,2026-01-03,695
7813958264710,2026-01-04,695
7813958264710,2026-01-05,695
7813958264710,2026-01-06,695
7813958264710,2026-01-07,695
7813958264710,2026-01-08,695
7813958264710,2026-01-09,695
7813958264710,2026-01-10,695
7813958264710,2026-01-11,695
7813958264710,2026-01-12,695
7813958264710,2026-01-13,695
7813958264710,2026-01-14,695
7813958264710,2026-01-15,695
7813958264710,2026-01-16,695
7813958264710,2026-01-17,695
7813958264710,2026-01-18,695
7813958264710,2026-01-19,695
7813958264710,2026-01-20,695
7813958264710,2026-01-21,695
7813958264710,2026-01-22,695
7813958264710,2026-01-23,695
7813958264710,2026-01-24,695
7813958264710,2026-01-25,695
7813958264710,2026-01-26,695
7813958264710,2026-01-27,695
7813958264710,2026-01-28,695
7813958264710,2026-01-29,695
7813958264710,2026-01-30,695
7813958264710,2026-01-31,695
7813958264710,2026-02-01,695
7813958264710,2026-02-02,695
7813958264710,2026-02-03,695
7813958264710,2026-02-04,695
7813958264710,2026-02-05,695
7813958264710,2026-02-06,695
7813958264710,2026-02-07,695
7813958264710,2026-02-08,691
7813958264710,2026-02-09,691
7813958264710,2026-02-10,691
7813958264710,2026-02-11,691
7813958264710,2026-02-12,691
7813958264710,2026-02-13,691
7813958264710,2026-02-14,691
7813958264710,2026-02-15,691
7813958264710,2026-02-16,691
7813958264710,2026-02-17,691
7813958264710,2026-02-18,691
7813958264710,2026-02-19,695
7813958264710,2026-02-20,695
7813958264710,2026-02-21,695
7813958264710,2026-02-22,686
7813958264710,2026-02-23,686
7813958264710,2026-02-24,686
7813958264710,2026-02-25,686
7813958264710,2026-02-26,686
7813958264710,2026-02-27,686
7813958264710,2026-02-28,686
7813958264710,2026-03-01,686
7813958264710,2026-03-02,686
7813958264710,2026-03-03,686
7813958264710,2026-03-04,686
7813958264710,2026-03-05,672
7813958264710,2026-03-06,672
7813958264710,2026-03-07,672
7813958264710,2026-03-08,672
7813958264710,2026-03-09,672
7813958264710,2026-03-10,672
7813958264710,2026-03-11,672
7813958264710,2026-03-12,664
7813958264710,2026-03-13,664
7813958264710,2026-03-14,664
7813958264710,2026-03-15,664
7813958264710,2026-03-16,664
7813958264710,2026-03-17,664
7813958264710,2026-03-18,664
7813958264710,2026-03-19,664
7813958264710,2026-03-20,660
7813958264710,2026-03-21,660
7813958264710,2026-03-22,660
7813958264710,2026-03-23,660
7813958264710,2026-03-24,660
7813958264710,2026-03-25,660
7813958264710,2026-03-26,660
7813958264710,2026-03-27,660
7813958264710,2026-03-28,660
7813958264710,2026-03-29,695
7813958264710,2026-03-30,678
7813958264710,2026-03-31,678
7813958264710,2026-04-01,678
7813958264710,2026-04-02,678
7813958264710,2026-04-03,678
7813958264710,2026-04-04,678
7813958264710,2026-04-05,678
7813958264710,2026-04-06,678
7813958264710,2026-04-07,678
7813958264710,2026-04-08,678
7813958264710,2026-04-09,651
7813958264710,2026-04-10,651
7813958264710,2026-04-11,651
7813958264710,2026-04-12,651
7813958264710,2026-04-13,651
7813958264710,2026-04-14,651
7813958264710,2026-04-15,651
7813958264710,2026-04-16,651
7813958264710,2026-04-17,651
7813958264710,2026-04-18,619
7813958264710,2026-04-19,619
7813958264710,2026-04-20,619
7813958264710,2026-04-21,619
7813958264710,2026-04-22,695
7813958264710,2026-04-23,695
7813958264710,2026-04-24,695
7813958264710,2026-04-25,674
7813958264710,2026-04-26,674
7813958264710,2026-04-27,674
7813958264710,2026-04-28,674
7813958264710,2026-04-29,674
7813958264710,2026-04-30,674
7813958264710,2026-05-01,674
7813958264710,2026-05-02,674
7813958264710,2026-05-03,632
7813958264710,2026-05-04,632
7813958264710,2026-05-05,632
7813958264710,2026-05-06,632
7813958264710,2026-05-07,632
7813958264710,2026-05-08,592
7813958264710,2026-05-09,592
7813958264710,2026-05-10,592
7813958264710,2026-05-11,592
7813958264710,2026-05-12,592
7813958264710,2026-05-13,592
7813958264710,2026-05-14,592
7813958264710,2026-05-15,592
7813958264710,2026-05-16,592
7813958264710,2026-05-17,546
7813958264710,2026-05-18,546
7813958264710,2026-05-19,546
7813958264710,2026-05-20,546
7813958264710,2026-05-21,546
7813958264710,2026-05-22,546
7813958264710,2026-05-23,546
7813958264710,2026-05-24,546
7813958264710,2026-05-25,499
7813958264710,2026-05-26,695
7813958264710,2026-05-27,695
7813958264710,2026-05-28,695
7813958264710,2026-05-29,695
7813958264710,2026-05-30,695
7813958264710,2026-05-31,695
7813958264710,2026-06-01,695
7813958264710,2026-06-02,640
7813958264710,2026-06-03,640
7813958264710,2026-06-04,640
7813958264710,2026-06-05,640
7813958264710,2026-06-06,640
7813958264710,2026-06-07,640
7813958264710,2026-06-08,640
7813958264710,2026-06-09,581
7813958264710,2026-06-10,581
7813958264710,2026-06-11,581
7813958264710,2026-06-12,581
7813958264710,2026-06-13,581
7813958264710,2026-06-14,581
7813958264710,2026-06-15,581
7813958264710,2026-06-16,531
7813958264710,2026-06-17,531
7813958264710,2026-06-18,531
7813958264710,2026-06-19,695
7813958264710,2026-06-20,695
7813958264710,2026-06-21,695
7813958264710,2026-06-22,695
7813958264710,2026-06-23,695
7813958264710,2026-06-24,695
7813958264710,2026-06-25,642
7813958264710,2026-06-26,642
7813958264710,2026-06-27,642
7813958264710,2026-06-28,642
7813958264710,2026-06-29,642
7813958264710,2026-06-30,642
7813958264710,2026-07-01,642
7818425176936,2024-01-01,463
7818425176936,2024-01-02,463
7818425176936,2024-01-03,463
7818425176936,2024-01-04,459
7818425176936,2024-01-05,459
7818425176936,2024-01-06,459
7818425176936,2024-01-07,459
7818425176936,2024-01-08,459
7818425176936,2024-01-09,832
7818425176936,2024-01-10,832
7818425176936,2024-01-11,832
7818425176936,2024-01-12,832
7818425176936,2024-01-13,830
7818425176936,2024-01-14,830
7818425176936,2024-01-15,832
7818425176936,2024-01-16,828
7818425176936,2024-01-17,828
7818425176936,2024-01-18,823
7818425176936,2024-01-19,822
7818425176936,2024-01-20,832
7818425176936,2024-01-21,832
7818425176936,2024-01-22,832
7818425176936,2024-01-23,829
7818425176936,2024-01-24,828
7818425176936,2024-01-25,828
7818425176936,2024-01-26,832
7818425176936,2024-01-27,832
7818425176936,2024-01-28,832
7818425176936,2024-01-29,832
7818425176936,2024-01-30,832
7818425176936,2024-01-31,832
7818425176936,2024-02-01,832
7818425176936,2024-02-02,832
7818425176936,2024-02-03,830
7818425176936,2024-02-04,830
7818425176936,2024-02-05,830
7818425176936,2024-02-06,830
7818425176936,2024-02-07,829
7818425176936,2024-02-08,832
7818425176936,2024-02-09,832
7818425176936,2024-02-10,831
7818425176936,2024-02-11,831
7818425176936,2024-02-12,831
7818425176936,2024-02-13,832
7818425176936,2024-02-14,832
7818425176936,2024-02-15,831
7818425176936,2024-02-16,831
7818425176936,2024-02-17,826
7818425176936,2024-02-18,826
7818425176936,2024-02-19,818
7818425176936,2024-02-20,832
7818425176936,2024-02-21,831
7818425176936,2024-02-22,829
7818425176936,2024-02-23,829
7818425176936,2024-02-24,829
7818425176936,2024-02-25,832
7818425176936,2024-02-26,832
7818425176936,2024-02-27,832
7818425176936,2024-02-28,832
7818425176936,2024-02-29,832
7818425176936,2024-03-01,832
7818425176936,2024-03-02,831
7818425176936,2024-03-03,827
7818425176936,2024-03-04,817
7818425176936,2024-03-05,817
7818425176936,2024-03-06,817
7818425176936,2024-03-07,813
7818425176936,2024-03-08,811
7818425176936,2024-03-09,811
7818425176936,2024-03-10,832
7818425176936,2024-03-11,829
7818425176936,2024-03-12,829
7818425176936,2024-03-13,826
7818425176936,2024-03-14,823
7818425176936,2024-03-15,823
7818425176936,2024-03-16,814
7818425176936,2024-03-17,832
7818425176936,2024-03-18,828
7818425176936,2024-03-19,828
7818425176936,2024-03-20,825
7818425176936,2024-03-21,825
7818425176936,2024-03-22,832
7818425176936,2024-03-23,828
7818425176936,2024-03-24,828
7818425176936,2024-03-25,824
7818425176936,2024-03-26,824
7818425176936,2024-03-27,832
7818425176936,2024-03-28,832
7818425176936,2024-03-29,827
7818425176936,2024-03-30,827
7818425176936,2024-03-31,826
7818425176936,2024-04-01,826
7818425176936,2024-04-02,817
7818425176936,2024-04-03,813
7818425176936,2024-04-04,832
7818425176936,2024-04-05,832
7818425176936,2024-04-06,826
7818425176936,2024-04-07,826
7818425176936,2024-04-08,820
7818425176936,2024-04-09,813
7818425176936,2024-04-10,810
7818425176936,2024-04-11,810
7818425176936,2024-04-12,832
7818425176936,2024-04-13,832
7818425176936,2024-04-14,825
7818425176936,2024-04-15,818
7818425176936,2024-04-16,818
7818425176936,2024-04-17,816
7818425176936,2024-04-18,816
7818425176936,2024-04-19,803
7818425176936,2024-04-20,799
7818425176936,2024-04-21,832
7818425176936,2024-04-22,830
7818425176936,2024-04-23,828
7818425176936,2024-04-24,822
7818425176936,2024-04-25,816
7818425176936,2024-04-26,811
7818425176936,2024-04-27,811
7818425176936,2024-04-28,805
7818425176936,2024-04-29,832
7818425176936,2024-04-30,824
7818425176936,2024-05-01,824
7818425176936,2024-05-02,810
7818425176936,2024-05-03,810
7818425176936,2024-05-04,798
7818425176936,2024-05-05,798
7818425176936,2024-05-06,832
7818425176936,2024-05-07,832
7818425176936,2024-05-08,823
7818425176936,2024-05-09,823
7818425176936,2024-05-10,819
7818425176936,2024-05-11,832
7818425176936,2024-05-12,823
7818425176936,2024-05-13,823
7818425176936,2024-05-14,809
7818425176936,2024-05-15,809
7818425176936,2024-05-16,803
7818425176936,2024-05-17,832
7818425176936,2024-05-18,827
7818425176936,2024-05-19,827
7818425176936,2024-05-20,816
7818425176936,2024-05-21,806
7818425176936,2024-05-22,790
7818425176936,2024-05-23,777
7818425176936,2024-05-24,771
7818425176936,2024-05-25,771
7818425176936,2024-05-26,832
7818425176936,2024-05-27,832
7818425176936,2024-05-28,831
7818425176936,2024-05-29,819
7818425176936,2024-05-30,816
7818425176936,2024-05-31,803
7818425176936,2024-06-01,791
7818425176936,2024-06-02,782
7818425176936,2024-06-03,832
7818425176936,2024-06-04,824
7818425176936,2024-06-05,812
7818425176936,2024-06-06,804
7818425176936,2024-06-07,794
7818425176936,2024-06-08,782
7818425176936,2024-06-09,768
7818425176936,2024-06-10,761
7818425176936,2024-06-11,761
7818425176936,2024-06-12,832
7818425176936,2024-06-13,832
7818425176936,2024-06-14,823
7818425176936,2024-06-15,823
7818425176936,2024-06-16,806
7818425176936,2024-06-17,806
7818425176936,2024-06-18,800
7818425176936,2024-06-19,832
7818425176936,2024-06-20,816
7818425176936,2024-06-21,800
7818425176936,2024-06-22,789
7818425176936,2024-06-23,789
7818425176936,2024-06-24,774
7818425176936,2024-06-25,759
7818425176936,2024-06-26,832
7818425176936,2024-06-27,819
7818425176936,2024-06-28,805
7818425176936,2024-06-29,795
7818425176936,2024-06-30,795
7818425176936,2024-07-01,782
7818425176936,2024-07-02,782
7818425176936,2024-07-03,772
7818425176936,2024-07-04,832
7818425176936,2024-07-05,821
7818425176936,2024-07-06,807
7818425176936,2024-07-07,807
7818425176936,2024-07-08,796
7818425176936,2024-07-09,832
7818425176936,2024-07-10,824
7818425176936,2024-07-11,824
7818425176936,2024-07-12,811
7818425176936,2024-07-13,811
7818425176936,2024-07-14,797
7818425176936,2024-07-15,832
7818425176936,2024-07-16,823
7818425176936,2024-07-17,823
7818425176936,2024-07-18,811
7818425176936,2024-07-19,796
7818425176936,2024-07-20,796
7818425176936,2024-07-21,781
7818425176936,2024-07-22,781
7818425176936,2024-07-23,764
7818425176936,2024-07-24,832
7818425176936,2024-07-25,825
7818425176936,2024-07-26,809
7818425176936,2024-07-27,809
7818425176936,2024-07-28,799
7818425176936,2024-07-29,832
7818425176936,2024-07-30,819
7818425176936,2024-07-31,809
7818425176936,2024-08-01,809
7818425176936,2024-08-02,798
7818425176936,2024-08-03,784
7818425176936,2024-08-04,784
7818425176936,2024-08-05,832
7818425176936,2024-08-06,832
7818425176936,2024-08-07,825
7818425176936,2024-08-08,825
7818425176936,2024-08-09,819
7818425176936,2024-08-10,832
7818425176936,2024-08-11,823
7818425176936,2024-08-12,823
7818425176936,2024-08-13,814
7818425176936,2024-08-14,814
7818425176936,2024-08-15,802
7818425176936,2024-08-16,802
7818425176936,2024-08-17,832
7818425176936,2024-08-18,825
7818425176936,2024-08-19,825
7818425176936,2024-08-20,814
7818425176936,2024-08-21,797
7818425176936,2024-08-22,797
7818425176936,2024-08-23,786
7818425176936,2024-08-24,786
7818425176936,2024-08-25,780
7818425176936,2024-08-26,832
7818425176936,2024-08-27,825
7818425176936,2024-08-28,819
7818425176936,2024-08-29,811
7818425176936,2024-08-30,796
7818425176936,2024-08-31,832
7818425176936,2024-09-01,820
7818425176936,2024-09-02,820
7818425176936,2024-09-03,809
7818425176936,2024-09-04,805
7818425176936,2024-09-05,805
7818425176936,2024-09-06,798
7818425176936,2024-09-07,798
7818425176936,2024-09-08,792
7818425176936,2024-09-09,832
7818425176936,2024-09-10,832
7818425176936,2024-09-11,825
7818425176936,2024-09-12,817
7818425176936,2024-09-13,817
7818425176936,2024-09-14,832
7818425176936,2024-09-15,819
7818425176936,2024-09-16,819
7818425176936,2024-09-17,813
7818425176936,2024-09-18,813
7818425176936,2024-09-19,807
7818425176936,2024-09-20,807
7818425176936,2024-09-21,832
7818425176936,2024-09-22,824
7818425176936,2024-09-23,824
7818425176936,2024-09-24,815
7818425176936,2024-09-25,815
7818425176936,2024-09-26,806
7818425176936,2024-09-27,806
7818425176936,2024-09-28,832
7818425176936,2024-09-29,832
7818425176936,2024-09-30,823
7818425176936,2024-10-01,823
7818425176936,2024-10-02,819
7818425176936,2024-10-03,815
7818425176936,2024-10-04,806
7818425176936,2024-10-05,832
7818425176936,2024-10-06,822
7818425176936,2024-10-07,822
7818425176936,2024-10-08,813
7818425176936,2024-10-09,813
7818425176936,2024-10-10,810
7818425176936,2024-10-11,810
7818425176936,2024-10-12,832
7818425176936,2024-10-13,824
7818425176936,2024-10-14,824
7818425176936,2024-10-15,821
7818425176936,2024-10-16,821
7818425176936,2024-10-17,811
7818425176936,2024-10-18,808
7818425176936,2024-10-19,832
7818425176936,2024-10-20,823
7818425176936,2024-10-21,823
7818425176936,2024-10-22,815
7818425176936,2024-10-23,813
7818425176936,2024-10-24,832
7818425176936,2024-10-25,828
7818425176936,2024-10-26,828
7818425176936,2024-10-27,828
7818425176936,2024-10-28,828
7818425176936,2024-10-29,832
7818425176936,2024-10-30,832
7818425176936,2024-10-31,824
7818425176936,2024-11-01,820
7818425176936,2024-11-02,820
7818425176936,2024-11-03,818
7818425176936,2024-11-04,816
7818425176936,2024-11-05,811
7818425176936,2024-11-06,832
7818425176936,2024-11-07,832
7818425176936,2024-11-08,831
7818425176936,2024-11-09,831
7818425176936,2024-11-10,828
7818425176936,2024-11-11,832
7818425176936,2024-11-12,832
7818425176936,2024-11-13,827
7818425176936,2024-11-14,826
7818425176936,2024-11-15,826
7818425176936,2024-11-16,816
7818425176936,2024-11-17,832
7818425176936,2024-11-18,832
7818425176936,2024-11-19,832
7818425176936,2024-11-20,832
7818425176936,2024-11-21,828
7818425176936,2024-11-22,828
7818425176936,2024-11-23,822
7818425176936,2024-11-24,822
7818425176936,2024-11-25,832
7818425176936,2024-11-26,832
7818425176936,2024-11-27,832
7818425176936,2024-11-28,832
7818425176936,2024-11-29,832
7818425176936,2024-11-30,825
7818425176936,2024-12-01,825
7818425176936,2024-12-02,832
7818425176936,2024-12-03,832
7818425176936,2024-12-04,830
7818425176936,2024-12-05,830
7818425176936,2024-12-06,830
7818425176936,2024-12-07,830
7818425176936,2024-12-08,830
7818425176936,2024-12-09,832
7818425176936,2024-12-10,831
7818425176936,2024-12-11,831
7818425176936,2024-12-12,831
7818425176936,2024-12-13,831
7818425176936,2024-12-14,831
7818425176936,2024-12-15,830
7818425176936,2024-12-16,828
7818425176936,2024-12-17,828
7818425176936,2024-12-18,832
7818425176936,2024-12-19,832
7818425176936,2024-12-20,831
7818425176936,2024-12-21,831
7818425176936,2024-12-22,826
7818425176936,2024-12-23,826
7818425176936,2024-12-24,824
7818425176936,2024-12-25,832
7818425176936,2024-12-26,832
7818425176936,2024-12-27,832
7818425176936,2024-12-28,832
7818425176936,2024-12-29,832
7818425176936,2024-12-30,832
7818425176936,2024-12-31,831
7818425176936,2025-01-01,831
7818425176936,2025-01-02,832
7818425176936,2025-01-03,828
7818425176936,2025-01-04,828
7818425176936,2025-01-05,828
7818425176936,2025-01-06,828
7818425176936,2025-01-07,828
7818425176936,2025-01-08,828
7818425176936,2025-01-09,828
7818425176936,2025-01-10,824
7818425176936,2025-01-11,832
7818425176936,2025-01-12,831
7818425176936,2025-01-13,829
7818425176936,2025-01-14,829
7818425176936,2025-01-15,828
7818425176936,2025-01-16,828
7818425176936,2025-01-17,828
7818425176936,2025-01-18,832
7818425176936,2025-01-19,830
7818425176936,2025-01-20,830
7818425176936,2025-01-21,830
7818425176936,2025-01-22,829
7818425176936,2025-01-23,829
7818425176936,2025-01-24,832
7818425176936,2025-01-25,832
7818425176936,2025-01-26,832
7818425176936,2025-01-27,832
7818425176936,2025-01-28,829
7818425176936,2025-01-29,829
7818425176936,2025-01-30,832
7818425176936,2025-01-31,832
7818425176936,2025-02-01,831
7818425176936,2025-02-02,829
7818425176936,2025-02-03,829
7818425176936,2025-02-04,832
7818425176936,2025-02-05,823
7818425176936,2025-02-06,822
7818425176936,2025-02-07,822
7818425176936,2025-02-08,822
7818425176936,2025-02-09,819
7818425176936,2025-02-10,832
7818425176936,2025-02-11,832
7818425176936,2025-02-12,832
7818425176936,2025-02-13,830
7818425176936,2025-02-14,830
7818425176936,2025-02-15,830
7818425176936,2025-02-16,832
7818425176936,2025-02-17,832
7818425176936,2025-02-18,830
7818425176936,2025-02-19,830
7818425176936,2025-02-20,829
7818425176936,2025-02-21,829
7818425176936,2025-02-22,829
7818425176936,2025-02-23,829
7818425176936,2025-02-24,827
7818425176936,2025-02-25,832
7818425176936,2025-02-26,832
7818425176936,2025-02-27,831
7818425176936,2025-02-28,831
7818425176936,2025-03-01,827
7818425176936,2025-03-02,827
7818425176936,2025-03-03,827
7818425176936,2025-03-04,824
7818425176936,2025-03-05,832
7818425176936,2025-03-06,828
7818425176936,2025-03-07,828
7818425176936,2025-03-08,824
7818425176936,2025-03-09,824
7818425176936,2025-03-10,821
7818425176936,2025-03-11,832
7818425176936,2025-03-12,832
7818425176936,2025-03-13,830
7818425176936,2025-03-14,830
7818425176936,2025-03-15,827
7818425176936,2025-03-16,827
7818425176936,2025-03-17,827
7818425176936,2025-03-18,827
7818425176936,2025-03-19,821
7818425176936,2025-03-20,832
7818425176936,2025-03-21,825
7818425176936,2025-03-22,825
7818425176936,2025-03-23,823
7818425176936,2025-03-24,820
7818425176936,2025-03-25,820
7818425176936,2025-03-26,814
7818425176936,2025-03-27,814
7818425176936,2025-03-28,832
7818425176936,2025-03-29,832
7818425176936,2025-03-30,824
7818425176936,2025-03-31,821
7818425176936,2025-04-01,815
7818425176936,2025-04-02,808
7818425176936,2025-04-03,808
7818425176936,2025-04-04,803
7818425176936,2025-04-05,832
7818425176936,2025-04-06,832
7818425176936,2025-04-07,823
7818425176936,2025-04-08,810
7818425176936,2025-04-09,810
7818425176936,2025-04-10,805
7818425176936,2025-04-11,803
7818425176936,2025-04-12,803
7818425176936,2025-04-13,832
7818425176936,2025-04-14,827
7818425176936,2025-04-15,827
7818425176936,2025-04-16,815
7818425176936,2025-04-17,815
7818425176936,2025-04-18,832
7818425176936,2025-04-19,830
7818425176936,2025-04-20,824
7818425176936,2025-04-21,816
7818425176936,2025-04-22,811
7818425176936,2025-04-23,811
7818425176936,2025-04-24,832
7818425176936,2025-04-25,832
7818425176936,2025-04-26,826
7818425176936,2025-04-27,826
7818425176936,2025-04-28,819
7818425176936,2025-04-29,819
7818425176936,2025-04-30,832
7818425176936,2025-05-01,822
7818425176936,2025-05-02,822
7818425176936,2025-05-03,811
7818425176936,2025-05-04,811
7818425176936,2025-05-05,804
7818425176936,2025-05-06,832
7818425176936,2025-05-07,828
7818425176936,2025-05-08,828
7818425176936,2025-05-09,820
7818425176936,2025-05-10,820
7818425176936,2025-05-11,811
7818425176936,2025-05-12,832
7818425176936,2025-05-13,822
7818425176936,2025-05-14,822
7818425176936,2025-05-15,815
7818425176936,2025-05-16,815
7818425176936,2025-05-17,810
7818425176936,2025-05-18,810
7818425176936,2025-05-19,832
7818425176936,2025-05-20,820
7818425176936,2025-05-21,808
7818425176936,2025-05-22,794
7818425176936,2025-05-23,794
7818425176936,2025-05-24,781
7818425176936,2025-05-25,771
7818425176936,2025-05-26,771
7818425176936,2025-05-27,832
7818425176936,2025-05-28,832
7818425176936,2025-05-29,826
7818425176936,2025-05-30,826
7818425176936,2025-05-31,818
7818425176936,2025-06-01,807
7818425176936,2025-06-02,799
7818425176936,2025-06-03,832
7818425176936,2025-06-04,822
7818425176936,2025-06-05,812
7818425176936,2025-06-06,801
7818425176936,2025-06-07,789
7818425176936,2025-06-08,780
7818425176936,2025-06-09,772
7818425176936,2025-06-10,760
7818425176936,2025-06-11,760
7818425176936,2025-06-12,832
7818425176936,2025-06-13,822
7818425176936,2025-06-14,822
7818425176936,2025-06-15,811
7818425176936,2025-06-16,800
7818425176936,2025-06-17,800
7818425176936,2025-06-18,832
7818425176936,2025-06-19,823
7818425176936,2025-06-20,823
7818425176936,2025-06-21,811
7818425176936,2025-06-22,811
7818425176936,2025-06-23,796
7818425176936,2025-06-24,796
7818425176936,2025-06-25,832
7818425176936,2025-06-26,819
7818425176936,2025-06-27,810
7818425176936,2025-06-28,810
7818425176936,2025-06-29,801
7818425176936,2025-06-30,789
7818425176936,2025-07-01,832
7818425176936,2025-07-02,832
7818425176936,2025-07-03,818
7818425176936,2025-07-04,818
7818425176936,2025-07-05,803
7818425176936,2025-07-06,790
7818425176936,2025-07-07,778
7818425176936,2025-07-08,767
7818425176936,2025-07-09,758
7818425176936,2025-07-10,832
7818425176936,2025-07-11,823
7818425176936,2025-07-12,816
7818425176936,2025-07-13,806
7818425176936,2025-07-14,794
7818425176936,2025-07-15,783
7818425176936,2025-07-16,775
7818425176936,2025-07-17,775
7818425176936,2025-07-18,832
7818425176936,2025-07-19,832
7818425176936,2025-07-20,825
7818425176936,2025-07-21,809
7818425176936,2025-07-22,809
7818425176936,2025-07-23,799
7818425176936,2025-07-24,799
7818425176936,2025-07-25,789
7818425176936,2025-07-26,789
7818425176936,2025-07-27,832
7818425176936,2025-07-28,832
7818425176936,2025-07-29,821
7818425176936,2025-07-30,810
7818425176936,2025-07-31,810
7818425176936,2025-08-01,794
7818425176936,2025-08-02,832
7818425176936,2025-08-03,821
7818425176936,2025-08-04,821
7818425176936,2025-08-05,810
7818425176936,2025-08-06,796
7818425176936,2025-08-07,784
7818425176936,2025-08-08,832
7818425176936,2025-08-09,820
7818425176936,2025-08-10,820
7818425176936,2025-08-11,811
7818425176936,2025-08-12,811
7818425176936,2025-08-13,798
7818425176936,2025-08-14,832
7818425176936,2025-08-15,823
7818425176936,2025-08-16,823
7818425176936,2025-08-17,815
7818425176936,2025-08-18,815
7818425176936,2025-08-19,803
7818425176936,2025-08-20,792
7818425176936,2025-08-21,783
7818425176936,2025-08-22,832
7818425176936,2025-08-23,832
7818425176936,2025-08-24,824
7818425176936,2025-08-25,824
7818425176936,2025-08-26,815
7818425176936,2025-08-27,815
7818425176936,2025-08-28,802
7818425176936,2025-08-29,795
7818425176936,2025-08-30,832
7818425176936,2025-08-31,820
7818425176936,2025-09-01,820
7818425176936,2025-09-02,809
7818425176936,2025-09-03,800
7818425176936,2025-09-04,800
7818425176936,2025-09-05,788
7818425176936,2025-09-06,832
7818425176936,2025-09-07,824
7818425176936,2025-09-08,819
7818425176936,2025-09-09,819
7818425176936,2025-09-10,807
7818425176936,2025-09-11,832
7818425176936,2025-09-12,826
7818425176936,2025-09-13,826
7818425176936,2025-09-14,818
7818425176936,2025-09-15,807
7818425176936,2025-09-16,807
7818425176936,2025-09-17,832
7818425176936,2025-09-18,817
7818425176936,2025-09-19,808
7818425176936,2025-09-20,799
7818425176936,2025-09-21,799
7818425176936,2025-09-22,832
7818425176936,2025-09-23,832
7818425176936,2025-09-24,825
7818425176936,2025-09-25,814
7818425176936,2025-09-26,806
7818425176936,2025-09-27,806
7818425176936,2025-09-28,832
7818425176936,2025-09-29,832
7818425176936,2025-09-30,825
7818425176936,2025-10-01,825
7818425176936,2025-10-02,820
7818425176936,2025-10-03,817
7818425176936,2025-10-04,810
7818425176936,2025-10-05,810
7818425176936,2025-10-06,832
7818425176936,2025-10-07,824
7818425176936,2025-10-08,824
7818425176936,2025-10-09,820
7818425176936,2025-10-10,820
7818425176936,2025-10-11,817
7818425176936,2025-10-12,817
7818425176936,2025-10-13,810
7818425176936,2025-10-14,805
7818425176936,2025-10-15,832
7818425176936,2025-10-16,832
7818425176936,2025-10-17,829
7818425176936,2025-10-18,829
7818425176936,2025-10-19,829
7818425176936,2025-10-20,828
7818425176936,2025-10-21,832
7818425176936,2025-10-22,829
7818425176936,2025-10-23,825
7818425176936,2025-10-24,825
7818425176936,2025-10-25,816
7818425176936,2025-10-26,816
7818425176936,2025-10-27,812
7818425176936,2025-10-28,805
7818425176936,2025-10-29,800
7818425176936,2025-10-30,832
7818425176936,2025-10-31,825
7818425176936,2025-11-01,823
7818425176936,2025-11-02,823
7818425176936,2025-11-03,822
7818425176936,2025-11-04,814
7818425176936,2025-11-05,814
7818425176936,2025-11-06,814
7818425176936,2025-11-07,832
7818425176936,2025-11-08,832
7818425176936,2025-11-09,831
7818425176936,2025-11-10,831
7818425176936,2025-11-11,827
7818425176936,2025-11-12,827
7818425176936,2025-11-13,832
7818425176936,2025-11-14,830
7818425176936,2025-11-15,830
7818425176936,2025-11-16,817
7818425176936,2025-11-17,816
7818425176936,2025-11-18,816
7818425176936,2025-11-19,804
7818425176936,2025-11-20,832
7818425176936,2025-11-21,829
7818425176936,2025-11-22,827
7818425176936,2025-11-23,827
7818425176936,2025-11-24,822
7818425176936,2025-11-25,822
7818425176936,2025-11-26,822
7818425176936,2025-11-27,822
7818425176936,2025-11-28,816
7818425176936,2025-11-29,832
7818425176936,2025-11-30,832
7818425176936,2025-12-01,832
7818425176936,2025-12-02,829
7818425176936,2025-12-03,829
7818425176936,2025-12-04,829
7818425176936,2025-12-05,829
7818425176936,2025-12-06,832
7818425176936,2025-12-07,832
7818425176936,2025-12-08,831
7818425176936,2025-12-09,828
7818425176936,2025-12-10,828
7818425176936,2025-12-11,826
7818425176936,2025-12-12,826
7818425176936,2025-12-13,826
7818425176936,2025-12-14,824
7818425176936,2025-12-15,832
7818425176936,2025-12-16,831
7818425176936,2025-12-17,829
7818425176936,2025-12-18,828
7818425176936,2025-12-19,828
7818425176936,2025-12-20,832
7818425176936,2025-12-21,828
7818425176936,2025-12-22,828
7818425176936,2025-12-23,826
7818425176936,2025-12-24,826
7818425176936,2025-12-25,825
7818425176936,2025-12-26,825
7818425176936,2025-12-27,825
7818425176936,2025-12-28,825
7818425176936,2025-12-29,832
7818425176936,2025-12-30,827
7818425176936,2025-12-31,825
7818425176936,2026-01-01,825
7818425176936,2026-01-02,821
7818425176936,2026-01-03,821
7818425176936,2026-01-04,821
7818425176936,2026-01-05,821
7818425176936,2026-01-06,832
7818425176936,2026-01-07,832
7818425176936,2026-01-08,832
7818425176936,2026-01-09,832
7818425176936,2026-01-10,832
7818425176936,2026-01-11,832
7818425176936,2026-01-12,832
7818425176936,2026-01-13,826
7818425176936,2026-01-14,826
7818425176936,2026-01-15,832
7818425176936,2026-01-16,832
7818425176936,2026-01-17,830
7818425176936,2026-01-18,830
7818425176936,2026-01-19,827
7818425176936,2026-01-20,827
7818425176936,2026-01-21,832
7818425176936,2026-01-22,832
7818425176936,2026-01-23,832
7818425176936,2026-01-24,832
7818425176936,2026-01-25,832
7818425176936,2026-01-26,832
7818425176936,2026-01-27,832
7818425176936,2026-01-28,832
7818425176936,2026-01-29,831
7818425176936,2026-01-30,831
7818425176936,2026-01-31,831
7818425176936,2026-02-01,831
7818425176936,2026-02-02,831
7818425176936,2026-02-03,832
7818425176936,2026-02-04,827
7818425176936,2026-02-05,827
7818425176936,2026-02-06,827
7818425176936,2026-02-07,827
7818425176936,2026-02-08,832
7818425176936,2026-02-09,832
7818425176936,2026-02-10,832
7818425176936,2026-02-11,832
7818425176936,2026-02-12,832
7818425176936,2026-02-13,832
7818425176936,2026-02-14,832
7818425176936,2026-02-15,832
7818425176936,2026-02-16,832
7818425176936,2026-02-17,832
7818425176936,2026-02-18,832
7818425176936,2026-02-19,829
7818425176936,2026-02-20,828
7818425176936,2026-02-21,828
7818425176936,2026-02-22,828
7818425176936,2026-02-23,828
7818425176936,2026-02-24,828
7818425176936,2026-02-25,822
7818425176936,2026-02-26,832
7818425176936,2026-02-27,832
7818425176936,2026-02-28,832
7818425176936,2026-03-01,831
7818425176936,2026-03-02,831
7818425176936,2026-03-03,828
7818425176936,2026-03-04,828
7818425176936,2026-03-05,819
7818425176936,2026-03-06,832
7818425176936,2026-03-07,831
7818425176936,2026-03-08,829
7818425176936,2026-03-09,826
7818425176936,2026-03-10,825
7818425176936,2026-03-11,823
7818425176936,2026-03-12,822
7818425176936,2026-03-13,822
7818425176936,2026-03-14,832
7818425176936,2026-03-15,831
7818425176936,2026-03-16,831
7818425176936,2026-03-17,828
7818425176936,2026-03-18,824
7818425176936,2026-03-19,832
7818425176936,2026-03-20,825
7818425176936,2026-03-21,825
7818425176936,2026-03-22,821
7818425176936,2026-03-23,819
7818425176936,2026-03-24,819
7818425176936,2026-03-25,815
7818425176936,2026-03-26,815
7818425176936,2026-03-27,832
7818425176936,2026-03-28,832
7818425176936,2026-03-29,830
7818425176936,2026-03-30,830
7818425176936,2026-03-31,825
7818425176936,2026-04-01,820
7818425176936,2026-04-02,820
7818425176936,2026-04-03,814
7818425176936,2026-04-04,810
7818425176936,2026-04-05,832
7818425176936,2026-04-06,824
7818425176936,2026-04-07,821
7818425176936,2026-04-08,821
7818425176936,2026-04-09,817
7818425176936,2026-04-10,817
7818425176936,2026-04-11,809
7818425176936,2026-04-12,809
7818425176936,2026-04-13,809
7818425176936,2026-04-14,832
7818425176936,2026-04-15,823
7818425176936,2026-04-16,817
7818425176936,2026-04-17,807
7818425176936,2026-04-18,807
7818425176936,2026-04-19,832
7818425176936,2026-04-20,832
7818425176936,2026-04-21,830
7818425176936,2026-04-22,830
7818425176936,2026-04-23,826
7818425176936,2026-04-24,814
7818425176936,2026-04-25,813
7818425176936,2026-04-26,832
7818425176936,2026-04-27,832
7818425176936,2026-04-28,828
7818425176936,2026-04-29,828
7818425176936,2026-04-30,824
7818425176936,2026-05-01,832
7818425176936,2026-05-02,832
7818425176936,2026-05-03,827
7818425176936,2026-05-04,827
7818425176936,2026-05-05,819
7818425176936,2026-05-06,832
7818425176936,2026-05-07,832
7818425176936,2026-05-08,822
7818425176936,2026-05-09,822
7818425176936,2026-05-10,813
7818425176936,2026-05-11,805
7818425176936,2026-05-12,832
7818425176936,2026-05-13,832
7818425176936,2026-05-14,825
7818425176936,2026-05-15,815
7818425176936,2026-05-16,815
7818425176936,2026-05-17,814
7818425176936,2026-05-18,814
7818425176936,2026-05-19,808
7818425176936,2026-05-20,802
7818425176936,2026-05-21,832
7818425176936,2026-05-22,822
7818425176936,2026-05-23,822
7818425176936,2026-05-24,813
7818425176936,2026-05-25,801
7818425176936,2026-05-26,801
7818425176936,2026-05-27,792
7818425176936,2026-05-28,782
7818425176936,2026-05-29,776
7818425176936,2026-05-30,832
7818425176936,2026-05-31,832
7818425176936,2026-06-01,820
7818425176936,2026-06-02,820
7818425176936,2026-06-03,818
7818425176936,2026-06-04,818
7818425176936,2026-06-05,811
7818425176936,2026-06-06,811
7818425176936,2026-06-07,832
7818425176936,2026-06-08,823
7818425176936,2026-06-09,823
7818425176936,2026-06-10,812
7818425176936,2026-06-11,812
7818425176936,2026-06-12,800
7818425176936,2026-06-13,788
7818425176936,2026-06-14,832
7818425176936,2026-06-15,832
7818425176936,2026-06-16,820
7818425176936,2026-06-17,811
7818425176936,2026-06-18,796
7818425176936,2026-06-19,796
7818425176936,2026-06-20,787
7818425176936,2026-06-21,832
7818425176936,2026-06-22,823
7818425176936,2026-06-23,814
7818425176936,2026-06-24,805
7818425176936,2026-06-25,795
7818425176936,2026-06-26,795
7818425176936,2026-06-27,789
7818425176936,2026-06-28,777
7818425176936,2026-06-29,767
7818425176936,2026-06-30,832
7818425176936,2026-07-01,832
7821753948265,2024-01-01,446
7821753948265,2024-01-02,446
7821753948265,2024-01-03,446
7821753948265,2024-01-04,446
7821753948265,2024-01-05,446
7821753948265,2024-01-06,446
7821753948265,2024-01-07,446
7821753948265,2024-01-08,446
7821753948265,2024-01-09,443
7821753948265,2024-01-10,443
7821753948265,2024-01-11,439
7821753948265,2024-01-12,439
7821753948265,2024-01-13,435
7821753948265,2024-01-14,435
7821753948265,2024-01-15,435
7821753948265,2024-01-16,435
7821753948265,2024-01-17,435
7821753948265,2024-01-18,433
7821753948265,2024-01-19,433
7821753948265,2024-01-20,433
7821753948265,2024-01-21,433
7821753948265,2024-01-22,433
7821753948265,2024-01-23,433
7821753948265,2024-01-24,433
7821753948265,2024-01-25,429
7821753948265,2024-01-26,428
7821753948265,2024-01-27,428
7821753948265,2024-01-28,428
7821753948265,2024-01-29,428
7821753948265,2024-01-30,428
7821753948265,2024-01-31,428
7821753948265,2024-02-01,428
7821753948265,2024-02-02,428
7821753948265,2024-02-03,428
7821753948265,2024-02-04,428
7821753948265,2024-02-05,428
7821753948265,2024-02-06,428
7821753948265,2024-02-07,425
7821753948265,2024-02-08,425
7821753948265,2024-02-09,425
7821753948265,2024-02-10,425
7821753948265,2024-02-11,422
7821753948265,2024-02-12,422
7821753948265,2024-02-13,420
7821753948265,2024-02-14,418
7821753948265,2024-02-15,418
7821753948265,2024-02-16,413
7821753948265,2024-02-17,413
7821753948265,2024-02-18,413
7821753948265,2024-02-19,412
7821753948265,2024-02-20,411
7821753948265,2024-02-21,409
7821753948265,2024-02-22,409
7821753948265,2024-02-23,405
7821753948265,2024-02-24,403
7821753948265,2024-02-25,403
7821753948265,2024-02-26,403
7821753948265,2024-02-27,403
7821753948265,2024-02-28,403
7821753948265,2024-02-29,403
7821753948265,2024-03-01,400
7821753948265,2024-03-02,396
7821753948265,2024-03-03,396
7821753948265,2024-03-04,395
7821753948265,2024-03-05,395
7821753948265,2024-03-06,388
7821753948265,2024-03-07,386
7821753948265,2024-03-08,386
7821753948265,2024-03-09,386
7821753948265,2024-03-10,383
7821753948265,2024-03-11,380
7821753948265,2024-03-12,377
7821753948265,2024-03-13,370
7821753948265,2024-03-14,370
7821753948265,2024-03-15,370
7821753948265,2024-03-16,370
7821753948265,2024-03-17,366
7821753948265,2024-03-18,361
7821753948265,2024-03-19,358
7821753948265,2024-03-20,358
7821753948265,2024-03-21,352
7821753948265,2024-03-22,348
7821753948265,2024-03-23,348
7821753948265,2024-03-24,344
7821753948265,2024-03-25,344
7821753948265,2024-03-26,344
7821753948265,2024-03-27,344
7821753948265,2024-03-28,339
7821753948265,2024-03-29,332
7821753948265,2024-03-30,332
7821753948265,2024-03-31,332
7821753948265,2024-04-01,326
7821753948265,2024-04-02,319
7821753948265,2024-04-03,319
7821753948265,2024-04-04,314
7821753948265,2024-04-05,311
7821753948265,2024-04-06,311
7821753948265,2024-04-07,301
7821753948265,2024-04-08,293
7821753948265,2024-04-09,290
7821753948265,2024-04-10,282
7821753948265,2024-04-11,282
7821753948265,2024-04-12,275
7821753948265,2024-04-13,272
7821753948265,2024-04-14,270
7821753948265,2024-04-15,270
7821753948265,2024-04-16,270
7821753948265,2024-04-17,270
7821753948265,2024-04-18,265
7821753948265,2024-04-19,265
7821753948265,2024-04-20,261
7821753948265,2024-04-21,261
7821753948265,2024-04-22,253
7821753948265,2024-04-23,253
7821753948265,2024-04-24,248
7821753948265,2024-04-25,238
7821753948265,2024-04-26,238
7821753948265,2024-04-27,236
7821753948265,2024-04-28,236
7821753948265,2024-04-29,229
7821753948265,2024-04-30,228
7821753948265,2024-05-01,228
7821753948265,2024-05-02,217
7821753948265,2024-05-03,217
7821753948265,2024-05-04,207
7821753948265,2024-05-05,203
7821753948265,2024-05-06,190
7821753948265,2024-05-07,190
7821753948265,2024-05-08,185
7821753948265,2024-05-09,185
7821753948265,2024-05-10,174
7821753948265,2024-05-11,174
7821753948265,2024-05-12,160
7821753948265,2024-05-13,183
7821753948265,2024-05-14,183
7821753948265,2024-05-15,181
7821753948265,2024-05-16,168
7821753948265,2024-05-17,168
7821753948265,2024-05-18,157
7821753948265,2024-05-19,157
7821753948265,2024-05-20,150
7821753948265,2024-05-21,150
7821753948265,2024-05-22,183
7821753948265,2024-05-23,173
7821753948265,2024-05-24,173
7821753948265,2024-05-25,170
7821753948265,2024-05-26,161
7821753948265,2024-05-27,183
7821753948265,2024-05-28,178
7821753948265,2024-05-29,173
7821753948265,2024-05-30,163
7821753948265,2024-05-31,163
7821753948265,2024-06-01,155
7821753948265,2024-06-02,140
7821753948265,2024-06-03,129
7821753948265,2024-06-04,118
7821753948265,2024-06-05,183
7821753948265,2024-06-06,175
7821753948265,2024-06-07,175
7821753948265,2024-06-08,164
7821753948265,2024-06-09,164
7821753948265,2024-06-10,159
7821753948265,2024-06-11,149
7821753948265,2024-06-12,183
7821753948265,2024-06-13,175
7821753948265,2024-06-14,172
7821753948265,2024-06-15,172
7821753948265,2024-06-16,158
7821753948265,2024-06-17,143
7821753948265,2024-06-18,126
7821753948265,2024-06-19,120
7821753948265,2024-06-20,183
7821753948265,2024-06-21,168
7821753948265,2024-06-22,168
7821753948265,2024-06-23,159
7821753948265,2024-06-24,148
7821753948265,2024-06-25,140
7821753948265,2024-06-26,183
7821753948265,2024-06-27,173
7821753948265,2024-06-28,173
7821753948265,2024-06-29,161
7821753948265,2024-06-30,149
7821753948265,2024-07-01,183
7821753948265,2024-07-02,183
7821753948265,2024-07-03,164
7821753948265,2024-07-04,164
7821753948265,2024-07-05,148
7821753948265,2024-07-06,148
7821753948265,2024-07-07,136
7821753948265,2024-07-08,183
7821753948265,2024-07-09,170
7821753948265,2024-07-10,170
7821753948265,2024-07-11,155
7821753948265,2024-07-12,147
7821753948265,2024-07-13,147
7821753948265,2024-07-14,143
7821753948265,2024-07-15,183
7821753948265,2024-07-16,167
7821753948265,2024-07-17,167
7821753948265,2024-07-18,154
7821753948265,2024-07-19,146
7821753948265,2024-07-20,146
7821753948265,2024-07-21,132
7821753948265,2024-07-22,183
7821753948265,2024-07-23,177
7821753948265,2024-07-24,160
7821753948265,2024-07-25,160
7821753948265,2024-07-26,148
7821753948265,2024-07-27,183
7821753948265,2024-07-28,173
7821753948265,2024-07-29,173
7821753948265,2024-07-30,159
7821753948265,2024-07-31,149
7821753948265,2024-08-01,149
7821753948265,2024-08-02,135
7821753948265,2024-08-03,125
7821753948265,2024-08-04,183
7821753948265,2024-08-05,175
7821753948265,2024-08-06,175
7821753948265,2024-08-07,163
7821753948265,2024-08-08,163
7821753948265,2024-08-09,153
7821753948265,2024-08-10,145
7821753948265,2024-08-11,145
7821753948265,2024-08-12,138
7821753948265,2024-08-13,183
7821753948265,2024-08-14,174
7821753948265,2024-08-15,174
7821753948265,2024-08-16,164
7821753948265,2024-08-17,164
7821753948265,2024-08-18,151
7821753948265,2024-08-19,183
7821753948265,2024-08-20,171
7821753948265,2024-08-21,159
7821753948265,2024-08-22,150
7821753948265,2024-08-23,150
7821753948265,2024-08-24,139
7821753948265,2024-08-25,128
7821753948265,2024-08-26,118
7821753948265,2024-08-27,183
7821753948265,2024-08-28,183
7821753948265,2024-08-29,168
7821753948265,2024-08-30,168
7821753948265,2024-08-31,154
7821753948265,2024-09-01,152
7821753948265,2024-09-02,183
7821753948265,2024-09-03,173
7821753948265,2024-09-04,173
7821753948265,2024-09-05,167
7821753948265,2024-09-06,155
7821753948265,2024-09-07,155
7821753948265,2024-09-08,147
7821753948265,2024-09-09,147
7821753948265,2024-09-10,183
7821753948265,2024-09-11,179
7821753948265,2024-09-12,168
7821753948265,2024-09-13,154
7821753948265,2024-09-14,154
7821753948265,2024-09-15,142
7821753948265,2024-09-16,142
7821753948265,2024-09-17,183
7821753948265,2024-09-18,170
7821753948265,2024-09-19,159
7821753948265,2024-09-20,147
7821753948265,2024-09-21,147
7821753948265,2024-09-22,183
7821753948265,2024-09-23,183
7821753948265,2024-09-24,177
7821753948265,2024-09-25,164
7821753948265,2024-09-26,164
7821753948265,2024-09-27,156
7821753948265,2024-09-28,149
7821753948265,2024-09-29,141
7821753948265,2024-09-30,183
7821753948265,2024-10-01,177
7821753948265,2024-10-02,177
7821753948265,2024-10-03,174
7821753948265,2024-10-04,169
7821753948265,2024-10-05,169
7821753948265,2024-10-06,183
7821753948265,2024-10-07,176
7821753948265,2024-10-08,171
7821753948265,2024-10-09,171
7821753948265,2024-10-10,165
7821753948265,2024-10-11,165
7821753948265,2024-10-12,161
7821753948265,2024-10-13,183
7821753948265,2024-10-14,177
7821753948265,2024-10-15,169
7821753948265,2024-10-16,166
7821753948265,2024-10-17,165
7821753948265,2024-10-18,165
7821753948265,2024-10-19,158
7821753948265,2024-10-20,152
7821753948265,2024-10-21,183
7821753948265,2024-10-22,172
7821753948265,2024-10-23,172
7821753948265,2024-10-24,170
7821753948265,2024-10-25,161
7821753948265,2024-10-26,161
7821753948265,2024-10-27,183
7821753948265,2024-10-28,183
7821753948265,2024-10-29,178
7821753948265,2024-10-30,178
7821753948265,2024-10-31,177
7821753948265,2024-11-01,177
7821753948265,2024-11-02,177
7821753948265,2024-11-03,177
7821753948265,2024-11-04,183
7821753948265,2024-11-05,183
7821753948265,2024-11-06,182
7821753948265,2024-11-07,181
7821753948265,2024-11-08,181
7821753948265,2024-11-09,181
7821753948265,2024-11-10,183
7821753948265,2024-11-11,182
7821753948265,2024-11-12,182
7821753948265,2024-11-13,177
7821753948265,2024-11-14,177
7821753948265,2024-11-15,183
7821753948265,2024-11-16,183
7821753948265,2024-11-17,177
7821753948265,2024-11-18,177
7821753948265,2024-11-19,177
7821753948265,2024-11-20,174
7821753948265,2024-11-21,174
7821753948265,2024-11-22,183
7821753948265,2024-11-23,183
7821753948265,2024-11-24,176
7821753948265,2024-11-25,173
7821753948265,2024-11-26,173
7821753948265,2024-11-27,168
7821753948265,2024-11-28,168
7821753948265,2024-11-29,167
7821753948265,2024-11-30,167
7821753948265,2024-12-01,183
7821753948265,2024-12-02,180
7821753948265,2024-12-03,172
7821753948265,2024-12-04,172
7821753948265,2024-12-05,172
7821753948265,2024-12-06,172
7821753948265,2024-12-07,172
7821753948265,2024-12-08,172
7821753948265,2024-12-09,172
7821753948265,2024-12-10,183
7821753948265,2024-12-11,183
7821753948265,2024-12-12,183
7821753948265,2024-12-13,183
7821753948265,2024-12-14,183
7821753948265,2024-12-15,181
7821753948265,2024-12-16,183
7821753948265,2024-12-17,183
7821753948265,2024-12-18,183
7821753948265,2024-12-19,183
7821753948265,2024-12-20,178
7821753948265,2024-12-21,178
7821753948265,2024-12-22,178
7821753948265,2024-12-23,183
7821753948265,2024-12-24,183
7821753948265,2024-12-25,179
7821753948265,2024-12-26,179
7821753948265,2024-12-27,176
7821753948265,2024-12-28,176
7821753948265,2024-12-29,172
7821753948265,2024-12-30,166
7821753948265,2024-12-31,166
7821753948265,2025-01-01,183
7821753948265,2025-01-02,181
7821753948265,2025-01-03,181
7821753948265,2025-01-04,175
7821753948265,2025-01-05,175
7821753948265,2025-01-06,183
7821753948265,2025-01-07,183
7821753948265,2025-01-08,183
7821753948265,2025-01-09,183
7821753948265,2025-01-10,183
7821753948265,2025-01-11,183
7821753948265,2025-01-12,182
7821753948265,2025-01-13,182
7821753948265,2025-01-14,182
7821753948265,2025-01-15,183
7821753948265,2025-01-16,183
7821753948265,2025-01-17,182
7821753948265,2025-01-18,181
7821753948265,2025-01-19,180
7821753948265,2025-01-20,180
7821753948265,2025-01-21,180
7821753948265,2025-01-22,183
7821753948265,2025-01-23,183
7821753948265,2025-01-24,183
7821753948265,2025-01-25,180
7821753948265,2025-01-26,180
7821753948265,2025-01-27,180
7821753948265,2025-01-28,183
7821753948265,2025-01-29,180
7821753948265,2025-01-30,180
7821753948265,2025-01-31,180
7821753948265,2025-02-01,180
7821753948265,2025-02-02,177
7821753948265,2025-02-03,177
7821753948265,2025-02-04,183
7821753948265,2025-02-05,183
7821753948265,2025-02-06,183
7821753948265,2025-02-07,181
7821753948265,2025-02-08,181
7821753948265,2025-02-09,179
7821753948265,2025-02-10,183
7821753948265,2025-02-11,183
7821753948265,2025-02-12,178
7821753948265,2025-02-13,174
7821753948265,2025-02-14,174
7821753948265,2025-02-15,173
7821753948265,2025-02-16,172
7821753948265,2025-02-17,172
7821753948265,2025-02-18,183
7821753948265,2025-02-19,183
7821753948265,2025-02-20,179
7821753948265,2025-02-21,179
7821753948265,2025-02-22,179
7821753948265,2025-02-23,178
7821753948265,2025-02-24,178
7821753948265,2025-02-25,172
7821753948265,2025-02-26,172
7821753948265,2025-02-27,183
7821753948265,2025-02-28,183
7821753948265,2025-03-01,179
7821753948265,2025-03-02,179
7821753948265,2025-03-03,171
7821753948265,2025-03-04,168
7821753948265,2025-03-05,168
7821753948265,2025-03-06,168
7821753948265,2025-03-07,168
7821753948265,2025-03-08,183
7821753948265,2025-03-09,183
7821753948265,2025-03-10,183
7821753948265,2025-03-11,183
7821753948265,2025-03-12,180
7821753948265,2025-03-13,183
7821753948265,2025-03-14,183
7821753948265,2025-03-15,177
7821753948265,2025-03-16,177
7821753948265,2025-03-17,174
7821753948265,2025-03-18,174
7821753948265,2025-03-19,183
7821753948265,2025-03-20,183
7821753948265,2025-03-21,182
7821753948265,2025-03-22,182
7821753948265,2025-03-23,182
7821753948265,2025-03-24,182
7821753948265,2025-03-25,183
7821753948265,2025-03-26,181
7821753948265,2025-03-27,181
7821753948265,2025-03-28,178
7821753948265,2025-03-29,178
7821753948265,2025-03-30,183
7821753948265,2025-03-31,183
7821753948265,2025-04-01,174
7821753948265,2025-04-02,174
7821753948265,2025-04-03,168
7821753948265,2025-04-04,168
7821753948265,2025-04-05,160
7821753948265,2025-04-06,153
7821753948265,2025-04-07,183
7821753948265,2025-04-08,175
7821753948265,2025-04-09,170
7821753948265,2025-04-10,163
7821753948265,2025-04-11,153
7821753948265,2025-04-12,144
7821753948265,2025-04-13,139
7821753948265,2025-04-14,183
7821753948265,2025-04-15,179
7821753948265,2025-04-16,176
7821753948265,2025-04-17,171
7821753948265,2025-04-18,171
7821753948265,2025-04-19,163
7821753948265,2025-04-20,155
7821753948265,2025-04-21,183
7821753948265,2025-04-22,176
7821753948265,2025-04-23,173
7821753948265,2025-04-24,170
7821753948265,2025-04-25,170
7821753948265,2025-04-26,170
7821753948265,2025-04-27,183
7821753948265,2025-04-28,177
7821753948265,2025-04-29,173
7821753948265,2025-04-30,167
7821753948265,2025-05-01,161
7821753948265,2025-05-02,183
7821753948265,2025-05-03,183
7821753948265,2025-05-04,178
7821753948265,2025-05-05,171
7821753948265,2025-05-06,163
7821753948265,2025-05-07,163
7821753948265,2025-05-08,183
7821753948265,2025-05-09,178
7821753948265,2025-05-10,171
7821753948265,2025-05-11,171
7821753948265,2025-05-12,161
7821753948265,2025-05-13,151
7821753948265,2025-05-14,151
7821753948265,2025-05-15,144
7821753948265,2025-05-16,144
7821753948265,2025-05-17,183
7821753948265,2025-05-18,173
7821753948265,2025-05-19,167
7821753948265,2025-05-20,162
7821753948265,2025-05-21,162
7821753948265,2025-05-22,152
7821753948265,2025-05-23,183
7821753948265,2025-05-24,172
7821753948265,2025-05-25,172
7821753948265,2025-05-26,161
7821753948265,2025-05-27,161
7821753948265,2025-05-28,154
7821753948265,2025-05-29,154
7821753948265,2025-05-30,145
7821753948265,2025-05-31,183
7821753948265,2025-06-01,176
7821753948265,2025-06-02,176
7821753948265,2025-06-03,164
7821753948265,2025-06-04,152
7821753948265,2025-06-05,152
7821753948265,2025-06-06,183
7821753948265,2025-06-07,183
7821753948265,2025-06-08,173
7821753948265,2025-06-09,173
7821753948265,2025-06-10,162
7821753948265,2025-06-11,162
7821753948265,2025-06-12,150
7821753948265,2025-06-13,139
7821753948265,2025-06-14,183
7821753948265,2025-06-15,183
7821753948265,2025-06-16,171
7821753948265,2025-06-17,171
7821753948265,2025-06-18,165
7821753948265,2025-06-19,165
7821753948265,2025-06-20,154
7821753948265,2025-06-21,143
7821753948265,2025-06-22,143
7821753948265,2025-06-23,183
7821753948265,2025-06-24,183
7821753948265,2025-06-25,169
7821753948265,2025-06-26,161
7821753948265,2025-06-27,149
7821753948265,2025-06-28,132
7821753948265,2025-06-29,123
7821753948265,2025-06-30,183
7821753948265,2025-07-01,168
7821753948265,2025-07-02,168
7821753948265,2025-07-03,155
7821753948265,2025-07-04,155
7821753948265,2025-07-05,141
7821753948265,2025-07-06,141
7821753948265,2025-07-07,183
7821753948265,2025-07-08,169
7821753948265,2025-07-09,169
7821753948265,2025-07-10,156
7821753948265,2025-07-11,143
7821753948265,2025-07-12,143
7821753948265,2025-07-13,131
7821753948265,2025-07-14,117
7821753948265,2025-07-15,183
7821753948265,2025-07-16,171
7821753948265,2025-07-17,171
7821753948265,2025-07-18,164
7821753948265,2025-07-19,164
7821753948265,2025-07-20,183
7821753948265,2025-07-21,183
7821753948265,2025-07-22,173
7821753948265,2025-07-23,159
7821753948265,2025-07-24,159
7821753948265,2025-07-25,147
7821753948265,2025-07-26,138
7821753948265,2025-07-27,125
7821753948265,2025-07-28,125
7821753948265,2025-07-29,183
7821753948265,2025-07-30,183
7821753948265,2025-07-31,172
7821753948265,2025-08-01,165
7821753948265,2025-08-02,154
7821753948265,2025-08-03,154
7821753948265,2025-08-04,145
7821753948265,2025-08-05,145
7821753948265,2025-08-06,183
7821753948265,2025-08-07,183
7821753948265,2025-08-08,172
7821753948265,2025-08-09,160
7821753948265,2025-08-10,160
7821753948265,2025-08-11,183
7821753948265,2025-08-12,174
7821753948265,2025-08-13,164
7821753948265,2025-08-14,151
7821753948265,2025-08-15,140
7821753948265,2025-08-16,140
7821753948265,2025-08-17,130
7821753948265,2025-08-18,124
7821753948265,2025-08-19,183
7821753948265,2025-08-20,169
7821753948265,2025-08-21,160
7821753948265,2025-08-22,160
7821753948265,2025-08-23,148
7821753948265,2025-08-24,148
7821753948265,2025-08-25,183
7821753948265,2025-08-26,183
7821753948265,2025-08-27,175
7821753948265,2025-08-28,175
7821753948265,2025-08-29,166
7821753948265,2025-08-30,166
7821753948265,2025-08-31,159
7821753948265,2025-09-01,183
7821753948265,2025-09-02,175
7821753948265,2025-09-03,166
7821753948265,2025-09-04,166
7821753948265,2025-09-05,157
7821753948265,2025-09-06,157
7821753948265,2025-09-07,150
7821753948265,2025-09-08,150
7821753948265,2025-09-09,138
7821753948265,2025-09-10,183
7821753948265,2025-09-11,172
7821753948265,2025-09-12,172
7821753948265,2025-09-13,164
7821753948265,2025-09-14,154
7821753948265,2025-09-15,183
7821753948265,2025-09-16,169
7821753948265,2025-09-17,169
7821753948265,2025-09-18,164
7821753948265,2025-09-19,164
7821753948265,2025-09-20,155
7821753948265,2025-09-21,155
7821753948265,2025-09-22,149
7821753948265,2025-09-23,183
7821753948265,2025-09-24,174
7821753948265,2025-09-25,161
7821753948265,2025-09-26,161
7821753948265,2025-09-27,151
7821753948265,2025-09-28,183
7821753948265,2025-09-29,175
7821753948265,2025-09-30,173
7821753948265,2025-10-01,173
7821753948265,2025-10-02,163
7821753948265,2025-10-03,163
7821753948265,2025-10-04,156
7821753948265,2025-10-05,156
7821753948265,2025-10-06,183
7821753948265,2025-10-07,183
7821753948265,2025-10-08,177
7821753948265,2025-10-09,168
7821753948265,2025-10-10,168
7821753948265,2025-10-11,162
7821753948265,2025-10-12,162
7821753948265,2025-10-13,151
7821753948265,2025-10-14,149
7821753948265,2025-10-15,183
7821753948265,2025-10-16,173
7821753948265,2025-10-17,165
7821753948265,2025-10-18,165
7821753948265,2025-10-19,161
7821753948265,2025-10-20,183
7821753948265,2025-10-21,178
7821753948265,2025-10-22,178
7821753948265,2025-10-23,172
7821753948265,2025-10-24,172
7821753948265,2025-10-25,183
7821753948265,2025-10-26,183
7821753948265,2025-10-27,183
7821753948265,2025-10-28,171
7821753948265,2025-10-29,171
7821753948265,2025-10-30,164
7821753948265,2025-10-31,154
7821753948265,2025-11-01,150
7821753948265,2025-11-02,146
7821753948265,2025-11-03,183
7821753948265,2025-11-04,183
7821753948265,2025-11-05,177
7821753948265,2025-11-06,172
7821753948265,2025-11-07,172
7821753948265,2025-11-08,167
7821753948265,2025-11-09,167
7821753948265,2025-11-10,162
7821753948265,2025-11-11,183
7821753948265,2025-11-12,183
7821753948265,2025-11-13,181
7821753948265,2025-11-14,181
7821753948265,2025-11-15,179
7821753948265,2025-11-16,178
7821753948265,2025-11-17,178
7821753948265,2025-11-18,178
7821753948265,2025-11-19,183
7821753948265,2025-11-20,183
7821753948265,2025-11-21,183
7821753948265,2025-11-22,183
7821753948265,2025-11-23,179
7821753948265,2025-11-24,179
7821753948265,2025-11-25,179
7821753948265,2025-11-26,183
7821753948265,2025-11-27,179
7821753948265,2025-11-28,171
7821753948265,2025-11-29,166
7821753948265,2025-11-30,162
7821753948265,2025-12-01,183
7821753948265,2025-12-02,183
7821753948265,2025-12-03,183
7821753948265,2025-12-04,183
7821753948265,2025-12-05,183
7821753948265,2025-12-06,183
7821753948265,2025-12-07,183
7821753948265,2025-12-08,183
7821753948265,2025-12-09,179
7821753948265,2025-12-10,179
7821753948265,2025-12-11,179
7821753948265,2025-12-12,179
7821753948265,2025-12-13,179
7821753948265,2025-12-14,183
7821753948265,2025-12-15,183
7821753948265,2025-12-16,182
7821753948265,2025-12-17,180
7821753948265,2025-12-18,180
7821753948265,2025-12-19,180
7821753948265,2025-12-20,180
7821753948265,2025-12-21,180
7821753948265,2025-12-22,183
7821753948265,2025-12-23,181
7821753948265,2025-12-24,175
7821753948265,2025-12-25,175
7821753948265,2025-12-26,174
7821753948265,2025-12-27,174
7821753948265,2025-12-28,168
7821753948265,2025-12-29,183
7821753948265,2025-12-30,179
7821753948265,2025-12-31,177
7821753948265,2026-01-01,177
7821753948265,2026-01-02,177
7821753948265,2026-01-03,177
7821753948265,2026-01-04,183
7821753948265,2026-01-05,183
7821753948265,2026-01-06,183
7821753948265,2026-01-07,183
7821753948265,2026-01-08,183
7821753948265,2026-01-09,183
7821753948265,2026-01-10,183
7821753948265,2026-01-11,179
7821753948265,2026-01-12,176
7821753948265,2026-01-13,174
7821753948265,2026-01-14,183
7821753948265,2026-01-15,180
7821753948265,2026-01-16,180
7821753948265,2026-01-17,173
7821753948265,2026-01-18,173
7821753948265,2026-01-19,173
7821753948265,2026-01-20,173
7821753948265,2026-01-21,173
7821753948265,2026-01-22,173
7821753948265,2026-01-23,183
7821753948265,2026-01-24,183
7821753948265,2026-01-25,183
7821753948265,2026-01-26,183
7821753948265,2026-01-27,181
7821753948265,2026-01-28,181
7821753948265,2026-01-29,181
7821753948265,2026-01-30,181
7821753948265,2026-01-31,181
7821753948265,2026-02-01,183
7821753948265,2026-02-02,181
7821753948265,2026-02-03,181
7821753948265,2026-02-04,181
7821753948265,2026-02-05,181
7821753948265,2026-02-06,176
7821753948265,2026-02-07,176
7821753948265,2026-02-08,183
7821753948265,2026-02-09,183
7821753948265,2026-02-10,179
7821753948265,2026-02-11,175
7821753948265,2026-02-12,175
7821753948265,2026-02-13,175
7821753948265,2026-02-14,175
7821753948265,2026-02-15,175
7821753948265,2026-02-16,183
7821753948265,2026-02-17,183
7821753948265,2026-02-18,183
7821753948265,2026-02-19,183
7821753948265,2026-02-20,183
7821753948265,2026-02-21,183
7821753948265,2026-02-22,183
7821753948265,2026-02-23,182
7821753948265,2026-02-24,179
7821753948265,2026-02-25,179
7821753948265,2026-02-26,183
7821753948265,2026-02-27,183
7821753948265,2026-02-28,183
7821753948265,2026-03-01,181
7821753948265,2026-03-02,179
7821753948265,2026-03-03,179
7821753948265,2026-03-04,174
7821753948265,2026-03-05,166
7821753948265,2026-03-06,166
7821753948265,2026-03-07,183
7821753948265,2026-03-08,182
7821753948265,2026-03-09,182
7821753948265,2026-03-10,182
7821753948265,2026-03-11,180
7821753948265,2026-03-12,180
7821753948265,2026-03-13,180
7821753948265,2026-03-14,183
7821753948265,2026-03-15,182
7821753948265,2026-03-16,182
7821753948265,2026-03-17,175
7821753948265,2026-03-18,175
7821753948265,2026-03-19,168
7821753948265,2026-03-20,168
7821753948265,2026-03-21,163
7821753948265,2026-03-22,158
7821753948265,2026-03-23,183
7821753948265,2026-03-24,183
7821753948265,2026-03-25,177
7821753948265,2026-03-26,177
7821753948265,2026-03-27,171
7821753948265,2026-03-28,169
7821753948265,2026-03-29,165
7821753948265,2026-03-30,165
7821753948265,2026-03-31,161
7821753948265,2026-04-01,183
7821753948265,2026-04-02,181
7821753948265,2026-04-03,173
7821753948265,2026-04-04,173
7821753948265,2026-04-05,167
7821753948265,2026-04-06,183
7821753948265,2026-04-07,178
7821753948265,2026-04-08,178
7821753948265,2026-04-09,166
7821753948265,2026-04-10,166
7821753948265,2026-04-11,159
7821753948265,2026-04-12,151
7821753948265,2026-04-13,151
7821753948265,2026-04-14,183
7821753948265,2026-04-15,176
7821753948265,2026-04-16,166
7821753948265,2026-04-17,157
7821753948265,2026-04-18,157
7821753948265,2026-04-19,157
7821753948265,2026-04-20,183
7821753948265,2026-04-21,179
7821753948265,2026-04-22,171
7821753948265,2026-04-23,165
7821753948265,2026-04-24,165
7821753948265,2026-04-25,159
7821753948265,2026-04-26,146
7821753948265,2026-04-27,146
7821753948265,2026-04-28,183
7821753948265,2026-04-29,183
7821753948265,2026-04-30,171
7821753948265,2026-05-01,163
7821753948265,2026-05-02,152
7821753948265,2026-05-03,183
7821753948265,2026-05-04,183
7821753948265,2026-05-05,183
7821753948265,2026-05-06,174
7821753948265,2026-05-07,166
7821753948265,2026-05-08,166
7821753948265,2026-05-09,158
7821753948265,2026-05-10,151
7821753948265,2026-05-11,183
7821753948265,2026-05-12,169
7821753948265,2026-05-13,158
7821753948265,2026-05-14,148
7821753948265,2026-05-15,148
7821753948265,2026-05-16,183
7821753948265,2026-05-17,183
7821753948265,2026-05-18,183
7821753948265,2026-05-19,183
7821753948265,2026-05-20,166
7821753948265,2026-05-21,166
7821753948265,2026-05-22,158
7821753948265,2026-05-23,183
7821753948265,2026-05-24,183
7821753948265,2026-05-25,174
7821753948265,2026-05-26,163
7821753948265,2026-05-27,155
7821753948265,2026-05-28,183
7821753948265,2026-05-29,176
7821753948265,2026-05-30,165
7821753948265,2026-05-31,165
7821753948265,2026-06-01,153
7821753948265,2026-06-02,153
7821753948265,2026-06-03,141
7821753948265,2026-06-04,183
7821753948265,2026-06-05,170
7821753948265,2026-06-06,158
7821753948265,2026-06-07,158
7821753948265,2026-06-08,143
7821753948265,2026-06-09,134
7821753948265,2026-06-10,183
7821753948265,2026-06-11,174
7821753948265,2026-06-12,157
7821753948265,2026-06-13,157
7821753948265,2026-06-14,146
7821753948265,2026-06-15,183
7821753948265,2026-06-16,166
7821753948265,2026-06-17,155
7821753948265,2026-06-18,155
7821753948265,2026-06-19,143
7821753948265,2026-06-20,135
7821753948265,2026-06-21,135
7821753948265,2026-06-22,120
7821753948265,2026-06-23,103
7821753948265,2026-06-24,183
7821753948265,2026-06-25,170
7821753948265,2026-06-26,170
7821753948265,2026-06-27,158
7821753948265,2026-06-28,142
7821753948265,2026-06-29,183
7821753948265,2026-06-30,183
7821753948265,2026-07-01,171
7826482137957,2024-01-01,604
7826482137957,2024-01-02,604
7826482137957,2024-01-03,604
7826482137957,2024-01-04,604
7826482137957,2024-01-05,604
7826482137957,2024-01-06,604
7826482137957,2024-01-07,604
7826482137957,2024-01-08,604
7826482137957,2024-01-09,604
7826482137957,2024-01-10,604
7826482137957,2024-01-11,604
7826482137957,2024-01-12,604
7826482137957,2024-01-13,602
7826482137957,2024-01-14,602
7826482137957,2024-01-15,602
7826482137957,2024-01-16,602
7826482137957,2024-01-17,602
7826482137957,2024-01-18,602
7826482137957,2024-01-19,601
7826482137957,2024-01-20,601
7826482137957,2024-01-21,601
7826482137957,2024-01-22,601
7826482137957,2024-01-23,601
7826482137957,2024-01-24,601
7826482137957,2024-01-25,601
7826482137957,2024-01-26,601
7826482137957,2024-01-27,660
7826482137957,2024-01-28,660
7826482137957,2024-01-29,660
7826482137957,2024-01-30,660
7826482137957,2024-01-31,660
7826482137957,2024-02-01,660
7826482137957,2024-02-02,660
7826482137957,2024-02-03,660
7826482137957,2024-02-04,660
7826482137957,2024-02-05,660
7826482137957,2024-02-06,660
7826482137957,2024-02-07,660
7826482137957,2024-02-08,660
7826482137957,2024-02-09,654
7826482137957,2024-02-10,654
7826482137957,2024-02-11,654
7826482137957,2024-02-12,654
7826482137957,2024-02-13,654
7826482137957,2024-02-14,654
7826482137957,2024-02-15,654
7826482137957,2024-02-16,654
7826482137957,2024-02-17,654
7826482137957,2024-02-18,654
7826482137957,2024-02-19,654
7826482137957,2024-02-20,654
7826482137957,2024-02-21,654
7826482137957,2024-02-22,654
7826482137957,2024-02-23,654
7826482137957,2024-02-24,654
7826482137957,2024-02-25,654
7826482137957,2024-02-26,654
7826482137957,2024-02-27,654
7826482137957,2024-02-28,654
7826482137957,2024-02-29,654
7826482137957,2024-03-01,654
7826482137957,2024-03-02,654
7826482137957,2024-03-03,654
7826482137957,2024-03-04,640
7826482137957,2024-03-05,660
7826482137957,2024-03-06,660
7826482137957,2024-03-07,660
7826482137957,2024-03-08,660
7826482137957,2024-03-09,639
7826482137957,2024-03-10,639
7826482137957,2024-03-11,639
7826482137957,2024-03-12,639
7826482137957,2024-03-13,639
7826482137957,2024-03-14,639
7826482137957,2024-03-15,639
7826482137957,2024-03-16,639
7826482137957,2024-03-17,632
7826482137957,2024-03-18,632
7826482137957,2024-03-19,632
7826482137957,2024-03-20,632
7826482137957,2024-03-21,632
7826482137957,2024-03-22,632
7826482137957,2024-03-23,632
7826482137957,2024-03-24,632
7826482137957,2024-03-25,632
7826482137957,2024-03-26,632
7826482137957,2024-03-27,623
7826482137957,2024-03-28,660
7826482137957,2024-03-29,660
7826482137957,2024-03-30,660
7826482137957,2024-03-31,660
7826482137957,2024-04-01,660
7826482137957,2024-04-02,628
7826482137957,2024-04-03,628
7826482137957,2024-04-04,628
7826482137957,2024-04-05,628
7826482137957,2024-04-06,628
7826482137957,2024-04-07,593
7826482137957,2024-04-08,593
7826482137957,2024-04-09,593
7826482137957,2024-04-10,593
7826482137957,2024-04-11,593
7826482137957,2024-04-12,593
7826482137957,2024-04-13,593
7826482137957,2024-04-14,593
7826482137957,2024-04-15,593
7826482137957,2024-04-16,593
7826482137957,2024-04-17,564
7826482137957,2024-04-18,564
7826482137957,2024-04-19,564
7826482137957,2024-04-20,564
7826482137957,2024-04-21,564
7826482137957,2024-04-22,564
7826482137957,2024-04-23,527
7826482137957,2024-04-24,527
7826482137957,2024-04-25,527
7826482137957,2024-04-26,527
7826482137957,2024-04-27,527
7826482137957,2024-04-28,527
7826482137957,2024-04-29,499
7826482137957,2024-04-30,499
7826482137957,2024-05-01,499
7826482137957,2024-05-02,499
7826482137957,2024-05-03,499
7826482137957,2024-05-04,499
7826482137957,2024-05-05,660
7826482137957,2024-05-06,660
7826482137957,2024-05-07,660
7826482137957,2024-05-08,660
7826482137957,2024-05-09,624
7826482137957,2024-05-10,624
7826482137957,2024-05-11,624
7826482137957,2024-05-12,624
7826482137957,2024-05-13,624
7826482137957,2024-05-14,624
7826482137957,2024-05-15,576
7826482137957,2024-05-16,576
7826482137957,2024-05-17,576
7826482137957,2024-05-18,576
7826482137957,2024-05-19,576
7826482137957,2024-05-20,533
7826482137957,2024-05-21,533
7826482137957,2024-05-22,533
7826482137957,2024-05-23,533
7826482137957,2024-05-24,533
7826482137957,2024-05-25,533
7826482137957,2024-05-26,533
7826482137957,2024-05-27,533
7826482137957,2024-05-28,533
7826482137957,2024-05-29,486
7826482137957,2024-05-30,486
7826482137957,2024-05-31,486
7826482137957,2024-06-01,486
7826482137957,2024-06-02,486
7826482137957,2024-06-03,431
7826482137957,2024-06-04,431
7826482137957,2024-06-05,431
7826482137957,2024-06-06,660
7826482137957,2024-06-07,660
7826482137957,2024-06-08,660
7826482137957,2024-06-09,660
7826482137957,2024-06-10,660
7826482137957,2024-06-11,660
7826482137957,2024-06-12,660
7826482137957,2024-06-13,609
7826482137957,2024-06-14,609
7826482137957,2024-06-15,609
7826482137957,2024-06-16,609
7826482137957,2024-06-17,609
7826482137957,2024-06-18,609
7826482137957,2024-06-19,609
7826482137957,2024-06-20,609
7826482137957,2024-06-21,552
7826482137957,2024-06-22,552
7826482137957,2024-06-23,552
7826482137957,2024-06-24,552
7826482137957,2024-06-25,552
7826482137957,2024-06-26,660
7826482137957,2024-06-27,607
7826482137957,2024-06-28,607
7826482137957,2024-06-29,607
7826482137957,2024-06-30,607
7826482137957,2024-07-01,607
7826482137957,2024-07-02,607
7826482137957,2024-07-03,607
7826482137957,2024-07-04,557
7826482137957,2024-07-05,557
7826482137957,2024-07-06,557
7826482137957,2024-07-07,557
7826482137957,2024-07-08,557
7826482137957,2024-07-09,557
7826482137957,2024-07-10,557
7826482137957,2024-07-11,493
7826482137957,2024-07-12,493
7826482137957,2024-07-13,493
7826482137957,2024-07-14,493
7826482137957,2024-07-15,493
7826482137957,2024-07-16,493
7826482137957,2024-07-17,493
7826482137957,2024-07-18,493
7826482137957,2024-07-19,493
7826482137957,2024-07-20,660
7826482137957,2024-07-21,660
7826482137957,2024-07-22,660
7826482137957,2024-07-23,660
7826482137957,2024-07-24,660
7826482137957,2024-07-25,660
7826482137957,2024-07-26,660
7826482137957,2024-07-27,660
7826482137957,2024-07-28,660
7826482137957,2024-07-29,660
7826482137957,2024-07-30,604
7826482137957,2024-07-31,604
7826482137957,2024-08-01,604
7826482137957,2024-08-02,604
7826482137957,2024-08-03,604
7826482137957,2024-08-04,604
7826482137957,2024-08-05,604
7826482137957,2024-08-06,604
7826482137957,2024-08-07,604
7826482137957,2024-08-08,604
7826482137957,2024-08-09,548
7826482137957,2024-08-10,548
7826482137957,2024-08-11,548
7826482137957,2024-08-12,548
7826482137957,2024-08-13,548
7826482137957,2024-08-14,548
7826482137957,2024-08-15,492
7826482137957,2024-08-16,492
7826482137957,2024-08-17,660
7826482137957,2024-08-18,660
7826482137957,2024-08-19,660
7826482137957,2024-08-20,660
7826482137957,2024-08-21,660
7826482137957,2024-08-22,660
7826482137957,2024-08-23,660
7826482137957,2024-08-24,660
7826482137957,2024-08-25,601
7826482137957,2024-08-26,601
7826482137957,2024-08-27,601
7826482137957,2024-08-28,601
7826482137957,2024-08-29,601
7826482137957,2024-08-30,601
7826482137957,2024-08-31,601
7826482137957,2024-09-01,601
7826482137957,2024-09-02,561
7826482137957,2024-09-03,561
7826482137957,2024-09-04,561
7826482137957,2024-09-05,561
7826482137957,2024-09-06,561
7826482137957,2024-09-07,517
7826482137957,2024-09-08,517
7826482137957,2024-09-09,517
7826482137957,2024-09-10,517
7826482137957,2024-09-11,517
7826482137957,2024-09-12,517
7826482137957,2024-09-13,660
7826482137957,2024-09-14,619
7826482137957,2024-09-15,619
7826482137957,2024-09-16,619
7826482137957,2024-09-17,619
7826482137957,2024-09-18,619
7826482137957,2024-09-19,574
7826482137957,2024-09-20,574
7826482137957,2024-09-21,574
7826482137957,2024-09-22,574
7826482137957,2024-09-23,574
7826482137957,2024-09-24,574
7826482137957,2024-09-25,574
7826482137957,2024-09-26,574
7826482137957,2024-09-27,574
7826482137957,2024-09-28,574
7826482137957,2024-09-29,534
7826482137957,2024-09-30,534
7826482137957,2024-10-01,534
7826482137957,2024-10-02,534
7826482137957,2024-10-03,660
7826482137957,2024-10-04,660
7826482137957,2024-10-05,660
7826482137957,2024-10-06,660
7826482137957,2024-10-07,630
7826482137957,2024-10-08,630
7826482137957,2024-10-09,630
7826482137957,2024-10-10,630
7826482137957,2024-10-11,630
7826482137957,2024-10-12,630
7826482137957,2024-10-13,630
7826482137957,2024-10-14,599
7826482137957,2024-10-15,599
7826482137957,2024-10-16,599
7826482137957,2024-10-17,599
7826482137957,2024-10-18,599
7826482137957,2024-10-19,599
7826482137957,2024-10-20,599
7826482137957,2024-10-21,599
7826482137957,2024-10-22,567
7826482137957,2024-10-23,567
7826482137957,2024-10-24,567
7826482137957,2024-10-25,567
7826482137957,2024-10-26,660
7826482137957,2024-10-27,630
7826482137957,2024-10-28,630
7826482137957,2024-10-29,630
7826482137957,2024-10-30,630
7826482137957,2024-10-31,630
7826482137957,2024-11-01,630
7826482137957,2024-11-02,630
7826482137957,2024-11-03,630
7826482137957,2024-11-04,630
7826482137957,2024-11-05,622
7826482137957,2024-11-06,622
7826482137957,2024-11-07,622
7826482137957,2024-11-08,622
7826482137957,2024-11-09,622
7826482137957,2024-11-10,622
7826482137957,2024-11-11,622
7826482137957,2024-11-12,622
7826482137957,2024-11-13,612
7826482137957,2024-11-14,612
7826482137957,2024-11-15,612
7826482137957,2024-11-16,612
7826482137957,2024-11-17,612
7826482137957,2024-11-18,612
7826482137957,2024-11-19,612
7826482137957,2024-11-20,612
7826482137957,2024-11-21,592
7826482137957,2024-11-22,592
7826482137957,2024-11-23,592
7826482137957,2024-11-24,592
7826482137957,2024-11-25,592
7826482137957,2024-11-26,592
7826482137957,2024-11-27,580
7826482137957,2024-11-28,580
7826482137957,2024-11-29,580
7826482137957,2024-11-30,660
7826482137957,2024-12-01,660
7826482137957,2024-12-02,660
7826482137957,2024-12-03,660
7826482137957,2024-12-04,660
7826482137957,2024-12-05,660
7826482137957,2024-12-06,660
7826482137957,2024-12-07,660
7826482137957,2024-12-08,660
7826482137957,2024-12-09,660
7826482137957,2024-12-10,660
7826482137957,2024-12-11,660
7826482137957,2024-12-12,655
7826482137957,2024-12-13,655
7826482137957,2024-12-14,655
7826482137957,2024-12-15,655
7826482137957,2024-12-16,655
7826482137957,2024-12-17,655
7826482137957,2024-12-18,649
7826482137957,2024-12-19,649
7826482137957,2024-12-20,649
7826482137957,2024-12-21,649
7826482137957,2024-12-22,649
7826482137957,2024-12-23,645
7826482137957,2024-12-24,645
7826482137957,2024-12-25,645
7826482137957,2024-12-26,645
7826482137957,2024-12-27,645
7826482137957,2024-12-28,645
7826482137957,2024-12-29,645
7826482137957,2024-12-30,645
7826482137957,2024-12-31,645
7826482137957,2025-01-01,660
7826482137957,2025-01-02,660
7826482137957,2025-01-03,660
7826482137957,2025-01-04,660
7826482137957,2025-01-05,660
7826482137957,2025-01-06,660
7826482137957,2025-01-07,660
7826482137957,2025-01-08,660
7826482137957,2025-01-09,660
7826482137957,2025-01-10,660
7826482137957,2025-01-11,660
7826482137957,2025-01-12,660
7826482137957,2025-01-13,660
7826482137957,2025-01-14,660
7826482137957,2025-01-15,660
7826482137957,2025-01-16,660
7826482137957,2025-01-17,660
7826482137957,2025-01-18,660
7826482137957,2025-01-19,660
7826482137957,2025-01-20,660
7826482137957,2025-01-21,660
7826482137957,2025-01-22,660
7826482137957,2025-01-23,660
7826482137957,2025-01-24,660
7826482137957,2025-01-25,660
7826482137957,2025-01-26,660
7826482137957,2025-01-27,660
7826482137957,2025-01-28,660
7826482137957,2025-01-29,660
7826482137957,2025-01-30,660
7826482137957,2025-01-31,660
7826482137957,2025-02-01,660
7826482137957,2025-02-02,658
7826482137957,2025-02-03,658
7826482137957,2025-02-04,658
7826482137957,2025-02-05,658
7826482137957,2025-02-06,658
7826482137957,2025-02-07,660
7826482137957,2025-02-08,660
7826482137957,2025-02-09,650
7826482137957,2025-02-10,650
7826482137957,2025-02-11,650
7826482137957,2025-02-12,650
7826482137957,2025-02-13,650
7826482137957,2025-02-14,636
7826482137957,2025-02-15,636
7826482137957,2025-02-16,636
7826482137957,2025-02-17,636
7826482137957,2025-02-18,636
7826482137957,2025-02-19,628
7826482137957,2025-02-20,628
7826482137957,2025-02-21,628
7826482137957,2025-02-22,628
7826482137957,2025-02-23,628
7826482137957,2025-02-24,628
7826482137957,2025-02-25,622
7826482137957,2025-02-26,622
7826482137957,2025-02-27,622
7826482137957,2025-02-28,622
7826482137957,2025-03-01,622
7826482137957,2025-03-02,622
7826482137957,2025-03-03,611
7826482137957,2025-03-04,611
7826482137957,2025-03-05,611
7826482137957,2025-03-06,611
7826482137957,2025-03-07,611
7826482137957,2025-03-08,611
7826482137957,2025-03-09,611
7826482137957,2025-03-10,611
7826482137957,2025-03-11,660
7826482137957,2025-03-12,660
7826482137957,2025-03-13,642
7826482137957,2025-03-14,642
7826482137957,2025-03-15,642
7826482137957,2025-03-16,642
7826482137957,2025-03-17,642
7826482137957,2025-03-18,642
7826482137957,2025-03-19,642
7826482137957,2025-03-20,642
7826482137957,2025-03-21,642
7826482137957,2025-03-22,633
7826482137957,2025-03-23,633
7826482137957,2025-03-24,633
7826482137957,2025-03-25,633
7826482137957,2025-03-26,633
7826482137957,2025-03-27,633
7826482137957,2025-03-28,629
7826482137957,2025-03-29,629
7826482137957,2025-03-30,629
7826482137957,2025-03-31,629
7826482137957,2025-04-01,629
7826482137957,2025-04-02,610
7826482137957,2025-04-03,610
7826482137957,2025-04-04,610
7826482137957,2025-04-05,610
7826482137957,2025-04-06,610
7826482137957,2025-04-07,610
7826482137957,2025-04-08,577
7826482137957,2025-04-09,577
7826482137957,2025-04-10,577
7826482137957,2025-04-11,577
7826482137957,2025-04-12,577
7826482137957,2025-04-13,577
7826482137957,2025-04-14,577
7826482137957,2025-04-15,577
7826482137957,2025-04-16,577
7826482137957,2025-04-17,660
7826482137957,2025-04-18,632
7826482137957,2025-04-19,632
7826482137957,2025-04-20,632
7826482137957,2025-04-21,632
7826482137957,2025-04-22,632
7826482137957,2025-04-23,632
7826482137957,2025-04-24,632
7826482137957,2025-04-25,632
7826482137957,2025-04-26,603
7826482137957,2025-04-27,603
7826482137957,2025-04-28,603
7826482137957,2025-04-29,603
7826482137957,2025-04-30,603
7826482137957,2025-05-01,603
7826482137957,2025-05-02,559
7826482137957,2025-05-03,559
7826482137957,2025-05-04,559
7826482137957,2025-05-05,559
7826482137957,2025-05-06,559
7826482137957,2025-05-07,559
7826482137957,2025-05-08,512
7826482137957,2025-05-09,512
7826482137957,2025-05-10,512
7826482137957,2025-05-11,512
7826482137957,2025-05-12,512
7826482137957,2025-05-13,512
7826482137957,2025-05-14,512
7826482137957,2025-05-15,512
7826482137957,2025-05-16,466
7826482137957,2025-05-17,466
7826482137957,2025-05-18,466
7826482137957,2025-05-19,466
7826482137957,2025-05-20,466
7826482137957,2025-05-21,466
7826482137957,2025-05-22,466
7826482137957,2025-05-23,424
7826482137957,2025-05-24,660
7826482137957,2025-05-25,660
7826482137957,2025-05-26,660
7826482137957,2025-05-27,660
7826482137957,2025-05-28,660
7826482137957,2025-05-29,620
7826482137957,2025-05-30,620
7826482137957,2025-05-31,620
7826482137957,2025-06-01,620
7826482137957,2025-06-02,620
7826482137957,2025-06-03,620
7826482137957,2025-06-04,620
7826482137957,2025-06-05,620
7826482137957,2025-06-06,571
7826482137957,2025-06-07,571
7826482137957,2025-06-08,571
7826482137957,2025-06-09,571
7826482137957,2025-06-10,571
7826482137957,2025-06-11,571
7826482137957,2025-06-12,571
7826482137957,2025-06-13,571
7826482137957,2025-06-14,571
7826482137957,2025-06-15,527
7826482137957,2025-06-16,527
7826482137957,2025-06-17,527
7826482137957,2025-06-18,527
7826482137957,2025-06-19,527
7826482137957,2025-06-20,527
7826482137957,2025-06-21,527
7826482137957,2025-06-22,527
7826482137957,2025-06-23,527
7826482137957,2025-06-24,475
7826482137957,2025-06-25,475
7826482137957,2025-06-26,475
7826482137957,2025-06-27,475
7826482137957,2025-06-28,475
7826482137957,2025-06-29,475
7826482137957,2025-06-30,475
7826482137957,2025-07-01,475
7826482137957,2025-07-02,475
7826482137957,2025-07-03,660
7826482137957,2025-07-04,660
7826482137957,2025-07-05,660
7826482137957,2025-07-06,660
7826482137957,2025-07-07,660
7826482137957,2025-07-08,660
7826482137957,2025-07-09,606
7826482137957,2025-07-10,606
7826482137957,2025-07-11,606
7826482137957,2025-07-12,606
7826482137957,2025-07-13,606
7826482137957,2025-07-14,606
7826482137957,2025-07-15,606
7826482137957,2025-07-16,538
7826482137957,2025-07-17,538
7826482137957,2025-07-18,538
7826482137957,2025-07-19,538
7826482137957,2025-07-20,538
7826482137957,2025-07-21,538
7826482137957,2025-07-22,538
7826482137957,2025-07-23,538
7826482137957,2025-07-24,479
7826482137957,2025-07-25,479
7826482137957,2025-07-26,479
7826482137957,2025-07-27,479
7826482137957,2025-07-28,479
7826482137957,2025-07-29,479
7826482137957,2025-07-30,660
7826482137957,2025-07-31,660
7826482137957,2025-08-01,611
7826482137957,2025-08-02,611
7826482137957,2025-08-03,611
7826482137957,2025-08-04,611
7826482137957,2025-08-05,611
7826482137957,2025-08-06,611
7826482137957,2025-08-07,611
7826482137957,2025-08-08,611
7826482137957,2025-08-09,555
7826482137957,2025-08-10,555
7826482137957,2025-08-11,555
7826482137957,2025-08-12,555
7826482137957,2025-08-13,555
7826482137957,2025-08-14,501
7826482137957,2025-08-15,501
7826482137957,2025-08-16,501
7826482137957,2025-08-17,501
7826482137957,2025-08-18,501
7826482137957,2025-08-19,449
7826482137957,2025-08-20,449
7826482137957,2025-08-21,449
7826482137957,2025-08-22,449
7826482137957,2025-08-23,449
7826482137957,2025-08-24,449
7826482137957,2025-08-25,449
7826482137957,2025-08-26,660
7826482137957,2025-08-27,606
7826482137957,2025-08-28,606
7826482137957,2025-08-29,606
7826482137957,2025-08-30,606
7826482137957,2025-08-31,606
7826482137957,2025-09-01,606
7826482137957,2025-09-02,568
7826482137957,2025-09-03,568
7826482137957,2025-09-04,568
7826482137957,2025-09-05,568
7826482137957,2025-09-06,568
7826482137957,2025-09-07,568
7826482137957,2025-09-08,568
7826482137957,2025-09-09,568
7826482137957,2025-09-10,568
7826482137957,2025-09-11,568
7826482137957,2025-09-12,523
7826482137957,2025-09-13,523
7826482137957,2025-09-14,523
7826482137957,2025-09-15,523
7826482137957,2025-09-16,660
7826482137957,2025-09-17,622
7826482137957,2025-09-18,622
7826482137957,2025-09-19,622
7826482137957,2025-09-20,622
7826482137957,2025-09-21,622
7826482137957,2025-09-22,622
7826482137957,2025-09-23,622
7826482137957,2025-09-24,622
7826482137957,2025-09-25,591
7826482137957,2025-09-26,591
7826482137957,2025-09-27,591
7826482137957,2025-09-28,591
7826482137957,2025-09-29,591
7826482137957,2025-09-30,591
7826482137957,2025-10-01,591
7826482137957,2025-10-02,591
7826482137957,2025-10-03,591
7826482137957,2025-10-04,591
7826482137957,2025-10-05,557
7826482137957,2025-10-06,557
7826482137957,2025-10-07,557
7826482137957,2025-10-08,557
7826482137957,2025-10-09,660
7826482137957,2025-10-10,660
7826482137957,2025-10-11,625
7826482137957,2025-10-12,625
7826482137957,2025-10-13,625
7826482137957,2025-10-14,625
7826482137957,2025-10-15,625
7826482137957,2025-10-16,596
7826482137957,2025-10-17,596
7826482137957,2025-10-18,596
7826482137957,2025-10-19,596
7826482137957,2025-10-20,596
7826482137957,2025-10-21,596
7826482137957,2025-10-22,596
7826482137957,2025-10-23,596
7826482137957,2025-10-24,596
7826482137957,2025-10-25,567
7826482137957,2025-10-26,567
7826482137957,2025-10-27,567
7826482137957,2025-10-28,567
7826482137957,2025-10-29,567
7826482137957,2025-10-30,567
7826482137957,2025-10-31,567
7826482137957,2025-11-01,567
7826482137957,2025-11-02,550
7826482137957,2025-11-03,550
7826482137957,2025-11-04,550
7826482137957,2025-11-05,550
7826482137957,2025-11-06,550
7826482137957,2025-11-07,550
7826482137957,2025-11-08,550
7826482137957,2025-11-09,660
7826482137957,2025-11-10,660
7826482137957,2025-11-11,643
7826482137957,2025-11-12,643
7826482137957,2025-11-13,643
7826482137957,2025-11-14,643
7826482137957,2025-11-15,643
7826482137957,2025-11-16,643
7826482137957,2025-11-17,620
7826482137957,2025-11-18,620
7826482137957,2025-11-19,620
7826482137957,2025-11-20,620
7826482137957,2025-11-21,620
7826482137957,2025-11-22,620
7826482137957,2025-11-23,620
7826482137957,2025-11-24,620
7826482137957,2025-11-25,620
7826482137957,2025-11-26,600
7826482137957,2025-11-27,600
7826482137957,2025-11-28,600
7826482137957,2025-11-29,600
7826482137957,2025-11-30,600
7826482137957,2025-12-01,594
7826482137957,2025-12-02,594
7826482137957,2025-12-03,594
7826482137957,2025-12-04,594
7826482137957,2025-12-05,594
7826482137957,2025-12-06,594
7826482137957,2025-12-07,594
7826482137957,2025-12-08,594
7826482137957,2025-12-09,594
7826482137957,2025-12-10,589
7826482137957,2025-12-11,589
7826482137957,2025-12-12,589
7826482137957,2025-12-13,660
7826482137957,2025-12-14,660
7826482137957,2025-12-15,660
7826482137957,2025-12-16,660
7826482137957,2025-12-17,660
7826482137957,2025-12-18,660
7826482137957,2025-12-19,654
7826482137957,2025-12-20,654
7826482137957,2025-12-21,654
7826482137957,2025-12-22,654
7826482137957,2025-12-23,654
7826482137957,2025-12-24,654
7826482137957,2025-12-25,654
7826482137957,2025-12-26,654
7826482137957,2025-12-27,653
7826482137957,2025-12-28,653
7826482137957,2025-12-29,653
7826482137957,2025-12-30,653
7826482137957,2025-12-31,653
7826482137957,2026-01-01,653
7826482137957,2026-01-02,653
7826482137957,2026-01-03,653
7826482137957,2026-01-04,653
7826482137957,2026-01-05,653
7826482137957,2026-01-06,653
7826482137957,2026-01-07,653
7826482137957,2026-01-08,653
7826482137957,2026-01-09,653
7826482137957,2026-01-10,653
7826482137957,2026-01-11,653
7826482137957,2026-01-12,653
7826482137957,2026-01-13,653
7826482137957,2026-01-14,653
7826482137957,2026-01-15,653
7826482137957,2026-01-16,651
7826482137957,2026-01-17,651
7826482137957,2026-01-18,651
7826482137957,2026-01-19,651
7826482137957,2026-01-20,651
7826482137957,2026-01-21,651
7826482137957,2026-01-22,660
7826482137957,2026-01-23,660
7826482137957,2026-01-24,660
7826482137957,2026-01-25,660
7826482137957,2026-01-26,656
7826482137957,2026-01-27,656
7826482137957,2026-01-28,656
7826482137957,2026-01-29,656
7826482137957,2026-01-30,656
7826482137957,2026-01-31,656
7826482137957,2026-02-01,656
7826482137957,2026-02-02,656
7826482137957,2026-02-03,656
7826482137957,2026-02-04,656
7826482137957,2026-02-05,656
7826482137957,2026-02-06,656
7826482137957,2026-02-07,656
7826482137957,2026-02-08,656
7826482137957,2026-02-09,651
7826482137957,2026-02-10,651
7826482137957,2026-02-11,660
7826482137957,2026-02-12,660
7826482137957,2026-02-13,660
7826482137957,2026-02-14,660
7826482137957,2026-02-15,660
7826482137957,2026-02-16,660
7826482137957,2026-02-17,660
7826482137957,2026-02-18,659
7826482137957,2026-02-19,659
7826482137957,2026-02-20,659
7826482137957,2026-02-21,659
7826482137957,2026-02-22,659
7826482137957,2026-02-23,659
7826482137957,2026-02-24,653
7826482137957,2026-02-25,653
7826482137957,2026-02-26,653
7826482137957,2026-02-27,653
7826482137957,2026-02-28,653
7826482137957,2026-03-01,653
7826482137957,2026-03-02,653
7826482137957,2026-03-03,653
7826482137957,2026-03-04,641
7826482137957,2026-03-05,641
7826482137957,2026-03-06,641
7826482137957,2026-03-07,641
7826482137957,2026-03-08,641
7826482137957,2026-03-09,641
7826482137957,2026-03-10,641
7826482137957,2026-03-11,641
7826482137957,2026-03-12,641
7826482137957,2026-03-13,641
7826482137957,2026-03-14,630
7826482137957,2026-03-15,630
7826482137957,2026-03-16,630
7826482137957,2026-03-17,630
7826482137957,2026-03-18,630
7826482137957,2026-03-19,630
7826482137957,2026-03-20,630
7826482137957,2026-03-21,660
7826482137957,2026-03-22,642
7826482137957,2026-03-23,642
7826482137957,2026-03-24,642
7826482137957,2026-03-25,642
7826482137957,2026-03-26,642
7826482137957,2026-03-27,642
7826482137957,2026-03-28,642
7826482137957,2026-03-29,642
7826482137957,2026-03-30,642
7826482137957,2026-03-31,642
7826482137957,2026-04-01,609
7826482137957,2026-04-02,609
7826482137957,2026-04-03,609
7826482137957,2026-04-04,609
7826482137957,2026-04-05,609
7826482137957,2026-04-06,609
7826482137957,2026-04-07,609
7826482137957,2026-04-08,609
7826482137957,2026-04-09,609
7826482137957,2026-04-10,609
7826482137957,2026-04-11,573
7826482137957,2026-04-12,573
7826482137957,2026-04-13,573
7826482137957,2026-04-14,573
7826482137957,2026-04-15,573
7826482137957,2026-04-16,573
7826482137957,2026-04-17,573
7826482137957,2026-04-18,573
7826482137957,2026-04-19,573
7826482137957,2026-04-20,540
7826482137957,2026-04-21,540
7826482137957,2026-04-22,540
7826482137957,2026-04-23,540
7826482137957,2026-04-24,540
7826482137957,2026-04-25,540
7826482137957,2026-04-26,511
7826482137957,2026-04-27,660
7826482137957,2026-04-28,660
7826482137957,2026-04-29,660
7826482137957,2026-04-30,660
7826482137957,2026-05-01,660
7826482137957,2026-05-02,617
7826482137957,2026-05-03,617
7826482137957,2026-05-04,617
7826482137957,2026-05-05,617
7826482137957,2026-05-06,617
7826482137957,2026-05-07,617
7826482137957,2026-05-08,581
7826482137957,2026-05-09,581
7826482137957,2026-05-10,581
7826482137957,2026-05-11,581
7826482137957,2026-05-12,581
7826482137957,2026-05-13,581
7826482137957,2026-05-14,536
7826482137957,2026-05-15,536
7826482137957,2026-05-16,536
7826482137957,2026-05-17,536
7826482137957,2026-05-18,536
7826482137957,2026-05-19,488
7826482137957,2026-05-20,488
7826482137957,2026-05-21,488
7826482137957,2026-05-22,488
7826482137957,2026-05-23,488
7826482137957,2026-05-24,660
7826482137957,2026-05-25,660
7826482137957,2026-05-26,660
7826482137957,2026-05-27,660
7826482137957,2026-05-28,660
7826482137957,2026-05-29,616
7826482137957,2026-05-30,616
7826482137957,2026-05-31,616
7826482137957,2026-06-01,616
7826482137957,2026-06-02,616
7826482137957,2026-06-03,559
7826482137957,2026-06-04,559
7826482137957,2026-06-05,559
7826482137957,2026-06-06,559
7826482137957,2026-06-07,559
7826482137957,2026-06-08,559
7826482137957,2026-06-09,559
7826482137957,2026-06-10,559
7826482137957,2026-06-11,559
7826482137957,2026-06-12,559
7826482137957,2026-06-13,501
7826482137957,2026-06-14,501
7826482137957,2026-06-15,501
7826482137957,2026-06-16,501
7826482137957,2026-06-17,501
7826482137957,2026-06-18,501
7826482137957,2026-06-19,501
7826482137957,2026-06-20,501
7826482137957,2026-06-21,501
7826482137957,2026-06-22,501
7826482137957,2026-06-23,448
7826482137957,2026-06-24,448
7826482137957,2026-06-25,448
7826482137957,2026-06-26,448
7826482137957,2026-06-27,660
7826482137957,2026-06-28,660
7826482137957,2026-06-29,660
7826482137957,2026-06-30,604
7826482137957,2026-07-01,604
7829314756284,2024-01-01,584
7829314756284,2024-01-02,584
7829314756284,2024-01-03,582
7829314756284,2024-01-04,582
7829314756284,2024-01-05,582
7829314756284,2024-01-06,582
7829314756284,2024-01-07,582
7829314756284,2024-01-08,582
7829314756284,2024-01-09,581
7829314756284,2024-01-10,580
7829314756284,2024-01-11,580
7829314756284,2024-01-12,580
7829314756284,2024-01-13,580
7829314756284,2024-01-14,580
7829314756284,2024-01-15,580
7829314756284,2024-01-16,575
7829314756284,2024-01-17,567
7829314756284,2024-01-18,567
7829314756284,2024-01-19,567
7829314756284,2024-01-20,567
7829314756284,2024-01-21,565
7829314756284,2024-01-22,565
7829314756284,2024-01-23,565
7829314756284,2024-01-24,563
7829314756284,2024-01-25,563
7829314756284,2024-01-26,563
7829314756284,2024-01-27,562
7829314756284,2024-01-28,562
7829314756284,2024-01-29,562
7829314756284,2024-01-30,562
7829314756284,2024-01-31,562
7829314756284,2024-02-01,562
7829314756284,2024-02-02,558
7829314756284,2024-02-03,558
7829314756284,2024-02-04,558
7829314756284,2024-02-05,558
7829314756284,2024-02-06,557
7829314756284,2024-02-07,555
7829314756284,2024-02-08,555
7829314756284,2024-02-09,555
7829314756284,2024-02-10,555
7829314756284,2024-02-11,555
7829314756284,2024-02-12,553
7829314756284,2024-02-13,553
7829314756284,2024-02-14,550
7829314756284,2024-02-15,549
7829314756284,2024-02-16,549
7829314756284,2024-02-17,549
7829314756284,2024-02-18,549
7829314756284,2024-02-19,549
7829314756284,2024-02-20,549
7829314756284,2024-02-21,549
7829314756284,2024-02-22,547
7829314756284,2024-02-23,546
7829314756284,2024-02-24,545
7829314756284,2024-02-25,543
7829314756284,2024-02-26,542
7829314756284,2024-02-27,542
7829314756284,2024-02-28,542
7829314756284,2024-02-29,542
7829314756284,2024-03-01,540
7829314756284,2024-03-02,538
7829314756284,2024-03-03,533
7829314756284,2024-03-04,530
7829314756284,2024-03-05,530
7829314756284,2024-03-06,527
7829314756284,2024-03-07,527
7829314756284,2024-03-08,527
7829314756284,2024-03-09,527
7829314756284,2024-03-10,527
7829314756284,2024-03-11,527
7829314756284,2024-03-12,527
7829314756284,2024-03-13,525
7829314756284,2024-03-14,521
7829314756284,2024-03-15,520
7829314756284,2024-03-16,520
7829314756284,2024-03-17,520
7829314756284,2024-03-18,520
7829314756284,2024-03-19,517
7829314756284,2024-03-20,513
7829314756284,2024-03-21,513
7829314756284,2024-03-22,510
7829314756284,2024-03-23,510
7829314756284,2024-03-24,504
7829314756284,2024-03-25,504
7829314756284,2024-03-26,502
7829314756284,2024-03-27,502
7829314756284,2024-03-28,498
7829314756284,2024-03-29,495
7829314756284,2024-03-30,495
7829314756284,2024-03-31,491
7829314756284,2024-04-01,482
7829314756284,2024-04-02,487
7829314756284,2024-04-03,487
7829314756284,2024-04-04,479
7829314756284,2024-04-05,479
7829314756284,2024-04-06,478
7829314756284,2024-04-07,473
7829314756284,2024-04-08,473
7829314756284,2024-04-09,487
7829314756284,2024-04-10,480
7829314756284,2024-04-11,480
7829314756284,2024-04-12,471
7829314756284,2024-04-13,471
7829314756284,2024-04-14,465
7829314756284,2024-04-15,460
7829314756284,2024-04-16,452
7829314756284,2024-04-17,487
7829314756284,2024-04-18,481
7829314756284,2024-04-19,472
7829314756284,2024-04-20,472
7829314756284,2024-04-21,468
7829314756284,2024-04-22,464
7829314756284,2024-04-23,464
7829314756284,2024-04-24,464
7829314756284,2024-04-25,487
7829314756284,2024-04-26,487
7829314756284,2024-04-27,482
7829314756284,2024-04-28,482
7829314756284,2024-04-29,476
7829314756284,2024-04-30,470
7829314756284,2024-05-01,487
7829314756284,2024-05-02,477
7829314756284,2024-05-03,477
7829314756284,2024-05-04,469
7829314756284,2024-05-05,469
7829314756284,2024-05-06,464
7829314756284,2024-05-07,464
7829314756284,2024-05-08,455
7829314756284,2024-05-09,455
7829314756284,2024-05-10,487
7829314756284,2024-05-11,479
7829314756284,2024-05-12,479
7829314756284,2024-05-13,476
7829314756284,2024-05-14,461
7829314756284,2024-05-15,461
7829314756284,2024-05-16,448
7829314756284,2024-05-17,487
7829314756284,2024-05-18,487
7829314756284,2024-05-19,478
7829314756284,2024-05-20,478
7829314756284,2024-05-21,465
7829314756284,2024-05-22,465
7829314756284,2024-05-23,450
7829314756284,2024-05-24,487
7829314756284,2024-05-25,476
7829314756284,2024-05-26,476
7829314756284,2024-05-27,462
7829314756284,2024-05-28,462
7829314756284,2024-05-29,487
7829314756284,2024-05-30,479
7829314756284,2024-05-31,473
7829314756284,2024-06-01,473
7829314756284,2024-06-02,462
7829314756284,2024-06-03,487
7829314756284,2024-06-04,481
7829314756284,2024-06-05,473
7829314756284,2024-06-06,462
7829314756284,2024-06-07,454
7829314756284,2024-06-08,454
7829314756284,2024-06-09,447
7829314756284,2024-06-10,447
7829314756284,2024-06-11,429
7829314756284,2024-06-12,487
7829314756284,2024-06-13,487
7829314756284,2024-06-14,478
7829314756284,2024-06-15,478
7829314756284,2024-06-16,467
7829314756284,2024-06-17,487
7829314756284,2024-06-18,487
7829314756284,2024-06-19,475
7829314756284,2024-06-20,475
7829314756284,2024-06-21,466
7829314756284,2024-06-22,457
7829314756284,2024-06-23,487
7829314756284,2024-06-24,473
7829314756284,2024-06-25,473
7829314756284,2024-06-26,460
7829314756284,2024-06-27,453
7829314756284,2024-06-28,487
7829314756284,2024-06-29,472
7829314756284,2024-06-30,472
7829314756284,2024-07-01,458
7829314756284,2024-07-02,443
7829314756284,2024-07-03,428
7829314756284,2024-07-04,412
7829314756284,2024-07-05,404
7829314756284,2024-07-06,389
7829314756284,2024-07-07,487
7829314756284,2024-07-08,477
7829314756284,2024-07-09,477
7829314756284,2024-07-10,459
7829314756284,2024-07-11,459
7829314756284,2024-07-12,443
7829314756284,2024-07-13,429
7829314756284,2024-07-14,487
7829314756284,2024-07-15,471
7829314756284,2024-07-16,456
7829314756284,2024-07-17,442
7829314756284,2024-07-18,433
7829314756284,2024-07-19,422
7829314756284,2024-07-20,422
7829314756284,2024-07-21,413
7829314756284,2024-07-22,413
7829314756284,2024-07-23,487
7829314756284,2024-07-24,481
7829314756284,2024-07-25,466
7829314756284,2024-07-26,466
7829314756284,2024-07-27,457
7829314756284,2024-07-28,457
7829314756284,2024-07-29,447
7829314756284,2024-07-30,437
7829314756284,2024-07-31,487
7829314756284,2024-08-01,475
7829314756284,2024-08-02,475
7829314756284,2024-08-03,462
7829314756284,2024-08-04,449
7829314756284,2024-08-05,449
7829314756284,2024-08-06,441
7829314756284,2024-08-07,431
7829314756284,2024-08-08,420
7829314756284,2024-08-09,487
7829314756284,2024-08-10,479
7829314756284,2024-08-11,470
7829314756284,2024-08-12,462
7829314756284,2024-08-13,462
7829314756284,2024-08-14,450
7829314756284,2024-08-15,487
7829314756284,2024-08-16,487
7829314756284,2024-08-17,472
7829314756284,2024-08-18,472
7829314756284,2024-08-19,460
7829314756284,2024-08-20,460
7829314756284,2024-08-21,487
7829314756284,2024-08-22,476
7829314756284,2024-08-23,476
7829314756284,2024-08-24,458
7829314756284,2024-08-25,458
7829314756284,2024-08-26,442
7829314756284,2024-08-27,432
7829314756284,2024-08-28,487
7829314756284,2024-08-29,479
7829314756284,2024-08-30,467
7829314756284,2024-08-31,457
7829314756284,2024-09-01,457
7829314756284,2024-09-02,487
7829314756284,2024-09-03,474
7829314756284,2024-09-04,474
7829314756284,2024-09-05,463
7829314756284,2024-09-06,463
7829314756284,2024-09-07,487
7829314756284,2024-09-08,473
7829314756284,2024-09-09,473
7829314756284,2024-09-10,466
7829314756284,2024-09-11,466
7829314756284,2024-09-12,487
7829314756284,2024-09-13,474
7829314756284,2024-09-14,471
7829314756284,2024-09-15,471
7829314756284,2024-09-16,462
7829314756284,2024-09-17,459
7829314756284,2024-09-18,459
7829314756284,2024-09-19,456
7829314756284,2024-09-20,487
7829314756284,2024-09-21,476
7829314756284,2024-09-22,466
7829314756284,2024-09-23,466
7829314756284,2024-09-24,457
7829314756284,2024-09-25,487
7829314756284,2024-09-26,487
7829314756284,2024-09-27,479
7829314756284,2024-09-28,479
7829314756284,2024-09-29,474
7829314756284,2024-09-30,464
7829314756284,2024-10-01,454
7829314756284,2024-10-02,446
7829314756284,2024-10-03,439
7829314756284,2024-10-04,487
7829314756284,2024-10-05,482
7829314756284,2024-10-06,482
7829314756284,2024-10-07,482
7829314756284,2024-10-08,482
7829314756284,2024-10-09,479
7829314756284,2024-10-10,479
7829314756284,2024-10-11,487
7829314756284,2024-10-12,487
7829314756284,2024-10-13,482
7829314756284,2024-10-14,482
7829314756284,2024-10-15,473
7829314756284,2024-10-16,473
7829314756284,2024-10-17,470
7829314756284,2024-10-18,462
7829314756284,2024-10-19,462
7829314756284,2024-10-20,487
7829314756284,2024-10-21,487
7829314756284,2024-10-22,481
7829314756284,2024-10-23,473
7829314756284,2024-10-24,473
7829314756284,2024-10-25,464
7829314756284,2024-10-26,464
7829314756284,2024-10-27,458
7829314756284,2024-10-28,446
7829314756284,2024-10-29,487
7829314756284,2024-10-30,482
7829314756284,2024-10-31,482
7829314756284,2024-11-01,478
7829314756284,2024-11-02,478
7829314756284,2024-11-03,478
7829314756284,2024-11-04,487
7829314756284,2024-11-05,487
7829314756284,2024-11-06,487
7829314756284,2024-11-07,487
7829314756284,2024-11-08,487
7829314756284,2024-11-09,485
7829314756284,2024-11-10,485
7829314756284,2024-11-11,481
7829314756284,2024-11-12,479
7829314756284,2024-11-13,487
7829314756284,2024-11-14,487
7829314756284,2024-11-15,480
7829314756284,2024-11-16,479
7829314756284,2024-11-17,479
7829314756284,2024-11-18,478
7829314756284,2024-11-19,478
7829314756284,2024-11-20,478
7829314756284,2024-11-21,472
7829314756284,2024-11-22,487
7829314756284,2024-11-23,487
7829314756284,2024-11-24,478
7829314756284,2024-11-25,478
7829314756284,2024-11-26,472
7829314756284,2024-11-27,487
7829314756284,2024-11-28,486
7829314756284,2024-11-29,486
7829314756284,2024-11-30,485
7829314756284,2024-12-01,485
7829314756284,2024-12-02,485
7829314756284,2024-12-03,485
7829314756284,2024-12-04,487
7829314756284,2024-12-05,483
7829314756284,2024-12-06,483
7829314756284,2024-12-07,480
7829314756284,2024-12-08,480
7829314756284,2024-12-09,480
7829314756284,2024-12-10,479
7829314756284,2024-12-11,487
7829314756284,2024-12-12,487
7829314756284,2024-12-13,486
7829314756284,2024-12-14,486
7829314756284,2024-12-15,486
7829314756284,2024-12-16,485
7829314756284,2024-12-17,487
7829314756284,2024-12-18,484
7829314756284,2024-12-19,483
7829314756284,2024-12-20,483
7829314756284,2024-12-21,477
7829314756284,2024-12-22,477
7829314756284,2024-12-23,477
7829314756284,2024-12-24,477
7829314756284,2024-12-25,487
7829314756284,2024-12-26,486
7829314756284,2024-12-27,486
7829314756284,2024-12-28,486
7829314756284,2024-12-29,486
7829314756284,2024-12-30,486
7829314756284,2024-12-31,484
7829314756284,2025-01-01,484
7829314756284,2025-01-02,484
7829314756284,2025-01-03,487
7829314756284,2025-01-04,487
7829314756284,2025-01-05,485
7829314756284,2025-01-06,483
7829314756284,2025-01-07,483
7829314756284,2025-01-08,487
7829314756284,2025-01-09,487
7829314756284,2025-01-10,487
7829314756284,2025-01-11,483
7829314756284,2025-01-12,483
7829314756284,2025-01-13,487
7829314756284,2025-01-14,487
7829314756284,2025-01-15,487
7829314756284,2025-01-16,487
7829314756284,2025-01-17,487
7829314756284,2025-01-18,487
7829314756284,2025-01-19,487
7829314756284,2025-01-20,487
7829314756284,2025-01-21,487
7829314756284,2025-01-22,487
7829314756284,2025-01-23,487
7829314756284,2025-01-24,487
7829314756284,2025-01-25,484
7829314756284,2025-01-26,484
7829314756284,2025-01-27,484
7829314756284,2025-01-28,484
7829314756284,2025-01-29,487
7829314756284,2025-01-30,487
7829314756284,2025-01-31,481
7829314756284,2025-02-01,481
7829314756284,2025-02-02,480
7829314756284,2025-02-03,480
7829314756284,2025-02-04,480
7829314756284,2025-02-05,480
7829314756284,2025-02-06,487
7829314756284,2025-02-07,486
7829314756284,2025-02-08,484
7829314756284,2025-02-09,484
7829314756284,2025-02-10,483
7829314756284,2025-02-11,483
7829314756284,2025-02-12,483
7829314756284,2025-02-13,483
7829314756284,2025-02-14,487
7829314756284,2025-02-15,487
7829314756284,2025-02-16,487
7829314756284,2025-02-17,487
7829314756284,2025-02-18,485
7829314756284,2025-02-19,487
7829314756284,2025-02-20,477
7829314756284,2025-02-21,477
7829314756284,2025-02-22,477
7829314756284,2025-02-23,476
7829314756284,2025-02-24,487
7829314756284,2025-02-25,487
7829314756284,2025-02-26,487
7829314756284,2025-02-27,487
7829314756284,2025-02-28,487
7829314756284,2025-03-01,484
7829314756284,2025-03-02,487
7829314756284,2025-03-03,483
7829314756284,2025-03-04,483
7829314756284,2025-03-05,477
7829314756284,2025-03-06,477
7829314756284,2025-03-07,487
7829314756284,2025-03-08,483
7829314756284,2025-03-09,483
7829314756284,2025-03-10,475
7829314756284,2025-03-11,475
7829314756284,2025-03-12,470
7829314756284,2025-03-13,466
7829314756284,2025-03-14,466
7829314756284,2025-03-15,463
7829314756284,2025-03-16,487
7829314756284,2025-03-17,484
7829314756284,2025-03-18,484
7829314756284,2025-03-19,479
7829314756284,2025-03-20,479
7829314756284,2025-03-21,487
7829314756284,2025-03-22,487
7829314756284,2025-03-23,485
7829314756284,2025-03-24,484
7829314756284,2025-03-25,479
7829314756284,2025-03-26,476
7829314756284,2025-03-27,476
7829314756284,2025-03-28,470
7829314756284,2025-03-29,487
7829314756284,2025-03-30,485
7829314756284,2025-03-31,485
7829314756284,2025-04-01,472
7829314756284,2025-04-02,469
7829314756284,2025-04-03,469
7829314756284,2025-04-04,487
7829314756284,2025-04-05,487
7829314756284,2025-04-06,481
7829314756284,2025-04-07,481
7829314756284,2025-04-08,471
7829314756284,2025-04-09,469
7829314756284,2025-04-10,487
7829314756284,2025-04-11,479
7829314756284,2025-04-12,479
7829314756284,2025-04-13,473
7829314756284,2025-04-14,472
7829314756284,2025-04-15,472
7829314756284,2025-04-16,466
7829314756284,2025-04-17,466
7829314756284,2025-04-18,487
7829314756284,2025-04-19,487
7829314756284,2025-04-20,487
7829314756284,2025-04-21,487
7829314756284,2025-04-22,477
7829314756284,2025-04-23,477
7829314756284,2025-04-24,477
7829314756284,2025-04-25,472
7829314756284,2025-04-26,487
7829314756284,2025-04-27,482
7829314756284,2025-04-28,475
7829314756284,2025-04-29,469
7829314756284,2025-04-30,461
7829314756284,2025-05-01,487
7829314756284,2025-05-02,487
7829314756284,2025-05-03,478
7829314756284,2025-05-04,478
7829314756284,2025-05-05,472
7829314756284,2025-05-06,487
7829314756284,2025-05-07,487
7829314756284,2025-05-08,483
7829314756284,2025-05-09,476
7829314756284,2025-05-10,466
7829314756284,2025-05-11,466
7829314756284,2025-05-12,457
7829314756284,2025-05-13,457
7829314756284,2025-05-14,487
7829314756284,2025-05-15,487
7829314756284,2025-05-16,486
7829314756284,2025-05-17,486
7829314756284,2025-05-18,480
7829314756284,2025-05-19,474
7829314756284,2025-05-20,487
7829314756284,2025-05-21,487
7829314756284,2025-05-22,473
7829314756284,2025-05-23,466
7829314756284,2025-05-24,466
7829314756284,2025-05-25,487
7829314756284,2025-05-26,487
7829314756284,2025-05-27,479
7829314756284,2025-05-28,466
7829314756284,2025-05-29,458
7829314756284,2025-05-30,458
7829314756284,2025-05-31,487
7829314756284,2025-06-01,470
7829314756284,2025-06-02,455
7829314756284,2025-06-03,455
7829314756284,2025-06-04,447
7829314756284,2025-06-05,435
7829314756284,2025-06-06,421
7829314756284,2025-06-07,421
7829314756284,2025-06-08,487
7829314756284,2025-06-09,472
7829314756284,2025-06-10,472
7829314756284,2025-06-11,459
7829314756284,2025-06-12,459
7829314756284,2025-06-13,451
7829314756284,2025-06-14,442
7829314756284,2025-06-15,442
7829314756284,2025-06-16,436
7829314756284,2025-06-17,487
7829314756284,2025-06-18,478
7829314756284,2025-06-19,467
7829314756284,2025-06-20,467
7829314756284,2025-06-21,456
7829314756284,2025-06-22,445
7829314756284,2025-06-23,437
7829314756284,2025-06-24,487
7829314756284,2025-06-25,487
7829314756284,2025-06-26,479
7829314756284,2025-06-27,479
7829314756284,2025-06-28,465
7829314756284,2025-06-29,453
7829314756284,2025-06-30,453
7829314756284,2025-07-01,441
7829314756284,2025-07-02,487
7829314756284,2025-07-03,487
7829314756284,2025-07-04,478
7829314756284,2025-07-05,478
7829314756284,2025-07-06,465
7829314756284,2025-07-07,465
7829314756284,2025-07-08,450
7829314756284,2025-07-09,487
7829314756284,2025-07-10,472
7829314756284,2025-07-11,472
7829314756284,2025-07-12,456
7829314756284,2025-07-13,447
7829314756284,2025-07-14,438
7829314756284,2025-07-15,487
7829314756284,2025-07-16,474
7829314756284,2025-07-17,464
7829314756284,2025-07-18,453
7829314756284,2025-07-19,440
7829314756284,2025-07-20,440
7829314756284,2025-07-21,426
7829314756284,2025-07-22,426
7829314756284,2025-07-23,487
7829314756284,2025-07-24,481
7829314756284,2025-07-25,464
7829314756284,2025-07-26,464
7829314756284,2025-07-27,450
7829314756284,2025-07-28,439
7829314756284,2025-07-29,439
7829314756284,2025-07-30,487
7829314756284,2025-07-31,487
7829314756284,2025-08-01,477
7829314756284,2025-08-02,462
7829314756284,2025-08-03,457
7829314756284,2025-08-04,487
7829314756284,2025-08-05,481
7829314756284,2025-08-06,481
7829314756284,2025-08-07,465
7829314756284,2025-08-08,465
7829314756284,2025-08-09,447
7829314756284,2025-08-10,447
7829314756284,2025-08-11,487
7829314756284,2025-08-12,478
7829314756284,2025-08-13,478
7829314756284,2025-08-14,464
7829314756284,2025-08-15,464
7829314756284,2025-08-16,453
7829314756284,2025-08-17,440
7829314756284,2025-08-18,428
7829314756284,2025-08-19,428
7829314756284,2025-08-20,487
7829314756284,2025-08-21,487
7829314756284,2025-08-22,473
7829314756284,2025-08-23,473
7829314756284,2025-08-24,461
7829314756284,2025-08-25,450
7829314756284,2025-08-26,487
7829314756284,2025-08-27,475
7829314756284,2025-08-28,475
7829314756284,2025-08-29,465
7829314756284,2025-08-30,465
7829314756284,2025-08-31,452
7829314756284,2025-09-01,487
7829314756284,2025-09-02,476
7829314756284,2025-09-03,471
7829314756284,2025-09-04,471
7829314756284,2025-09-05,458
7829314756284,2025-09-06,458
7829314756284,2025-09-07,487
7829314756284,2025-09-08,486
7829314756284,2025-09-09,486
7829314756284,2025-09-10,480
7829314756284,2025-09-11,470
7829314756284,2025-09-12,470
7829314756284,2025-09-13,487
7829314756284,2025-09-14,479
7829314756284,2025-09-15,468
7829314756284,2025-09-16,468
7829314756284,2025-09-17,459
7829314756284,2025-09-18,459
7829314756284,2025-09-19,456
7829314756284,2025-09-20,487
7829314756284,2025-09-21,487
7829314756284,2025-09-22,474
7829314756284,2025-09-23,463
7829314756284,2025-09-24,463
7829314756284,2025-09-25,451
7829314756284,2025-09-26,442
7829314756284,2025-09-27,442
7829314756284,2025-09-28,438
7829314756284,2025-09-29,487
7829314756284,2025-09-30,475
7829314756284,2025-10-01,475
7829314756284,2025-10-02,475
7829314756284,2025-10-03,475
7829314756284,2025-10-04,465
7829314756284,2025-10-05,465
7829314756284,2025-10-06,462
7829314756284,2025-10-07,457
7829314756284,2025-10-08,487
7829314756284,2025-10-09,487
7829314756284,2025-10-10,481
7829314756284,2025-10-11,481
7829314756284,2025-10-12,476
7829314756284,2025-10-13,476
7829314756284,2025-10-14,473
7829314756284,2025-10-15,487
7829314756284,2025-10-16,482
7829314756284,2025-10-17,482
7829314756284,2025-10-18,473
7829314756284,2025-10-19,462
7829314756284,2025-10-20,462
7829314756284,2025-10-21,457
7829314756284,2025-10-22,457
7829314756284,2025-10-23,444
7829314756284,2025-10-24,487
7829314756284,2025-10-25,480
7829314756284,2025-10-26,472
7829314756284,2025-10-27,464
7829314756284,2025-10-28,457
7829314756284,2025-10-29,487
7829314756284,2025-10-30,481
7829314756284,2025-10-31,481
7829314756284,2025-11-01,478
7829314756284,2025-11-02,478
7829314756284,2025-11-03,473
7829314756284,2025-11-04,473
7829314756284,2025-11-05,487
7829314756284,2025-11-06,485
7829314756284,2025-11-07,485
7829314756284,2025-11-08,480
7829314756284,2025-11-09,480
7829314756284,2025-11-10,487
7829314756284,2025-11-11,487
7829314756284,2025-11-12,487
7829314756284,2025-11-13,487
7829314756284,2025-11-14,480
7829314756284,2025-11-15,478
7829314756284,2025-11-16,487
7829314756284,2025-11-17,480
7829314756284,2025-11-18,480
7829314756284,2025-11-19,480
7829314756284,2025-11-20,480
7829314756284,2025-11-21,477
7829314756284,2025-11-22,477
7829314756284,2025-11-23,474
7829314756284,2025-11-24,487
7829314756284,2025-11-25,485
7829314756284,2025-11-26,482
7829314756284,2025-11-27,481
7829314756284,2025-11-28,478
7829314756284,2025-11-29,474
7829314756284,2025-11-30,468
7829314756284,2025-12-01,468
7829314756284,2025-12-02,468
7829314756284,2025-12-03,487
7829314756284,2025-12-04,485
7829314756284,2025-12-05,485
7829314756284,2025-12-06,483
7829314756284,2025-12-07,483
7829314756284,2025-12-08,483
7829314756284,2025-12-09,483
7829314756284,2025-12-10,479
7829314756284,2025-12-11,479
7829314756284,2025-12-12,487
7829314756284,2025-12-13,487
7829314756284,2025-12-14,487
7829314756284,2025-12-15,484
7829314756284,2025-12-16,484
7829314756284,2025-12-17,484
7829314756284,2025-12-18,487
7829314756284,2025-12-19,487
7829314756284,2025-12-20,487
7829314756284,2025-12-21,487
7829314756284,2025-12-22,484
7829314756284,2025-12-23,480
7829314756284,2025-12-24,480
7829314756284,2025-12-25,487
7829314756284,2025-12-26,487
7829314756284,2025-12-27,485
7829314756284,2025-12-28,485
7829314756284,2025-12-29,485
7829314756284,2025-12-30,485
7829314756284,2025-12-31,480
7829314756284,2026-01-01,480
7829314756284,2026-01-02,487
7829314756284,2026-01-03,487
7829314756284,2026-01-04,487
7829314756284,2026-01-05,481
7829314756284,2026-01-06,481
7829314756284,2026-01-07,481
7829314756284,2026-01-08,487
7829314756284,2026-01-09,484
7829314756284,2026-01-10,480
7829314756284,2026-01-11,480
7829314756284,2026-01-12,480
7829314756284,2026-01-13,480
7829314756284,2026-01-14,480
7829314756284,2026-01-15,478
7829314756284,2026-01-16,487
7829314756284,2026-01-17,487
7829314756284,2026-01-18,487
7829314756284,2026-01-19,487
7829314756284,2026-01-20,481
7829314756284,2026-01-21,481
7829314756284,2026-01-22,487
7829314756284,2026-01-23,487
7829314756284,2026-01-24,484
7829314756284,2026-01-25,483
7829314756284,2026-01-26,481
7829314756284,2026-01-27,481
7829314756284,2026-01-28,481
7829314756284,2026-01-29,481
7829314756284,2026-01-30,487
7829314756284,2026-01-31,487
7829314756284,2026-02-01,487
7829314756284,2026-02-02,487
7829314756284,2026-02-03,487
7829314756284,2026-02-04,483
7829314756284,2026-02-05,483
7829314756284,2026-02-06,482
7829314756284,2026-02-07,480
7829314756284,2026-02-08,487
7829314756284,2026-02-09,484
7829314756284,2026-02-10,484
7829314756284,2026-02-11,484
7829314756284,2026-02-12,484
7829314756284,2026-02-13,484
7829314756284,2026-02-14,484
7829314756284,2026-02-15,484
7829314756284,2026-02-16,480
7829314756284,2026-02-17,487
7829314756284,2026-02-18,487
7829314756284,2026-02-19,483
7829314756284,2026-02-20,480
7829314756284,2026-02-21,480
7829314756284,2026-02-22,474
7829314756284,2026-02-23,474
7829314756284,2026-02-24,487
7829314756284,2026-02-25,487
7829314756284,2026-02-26,487
7829314756284,2026-02-27,487
7829314756284,2026-02-28,487
7829314756284,2026-03-01,487
7829314756284,2026-03-02,483
7829314756284,2026-03-03,483
7829314756284,2026-03-04,479
7829314756284,2026-03-05,487
7829314756284,2026-03-06,480
7829314756284,2026-03-07,477
7829314756284,2026-03-08,477
7829314756284,2026-03-09,472
7829314756284,2026-03-10,487
7829314756284,2026-03-11,487
7829314756284,2026-03-12,486
7829314756284,2026-03-13,486
7829314756284,2026-03-14,478
7829314756284,2026-03-15,487
7829314756284,2026-03-16,479
7829314756284,2026-03-17,479
7829314756284,2026-03-18,477
7829314756284,2026-03-19,477
7829314756284,2026-03-20,476
7829314756284,2026-03-21,472
7829314756284,2026-03-22,472
7829314756284,2026-03-23,468
7829314756284,2026-03-24,487
7829314756284,2026-03-25,482
7829314756284,2026-03-26,482
7829314756284,2026-03-27,478
7829314756284,2026-03-28,478
7829314756284,2026-03-29,475
7829314756284,2026-03-30,473
7829314756284,2026-03-31,473
7829314756284,2026-04-01,468
7829314756284,2026-04-02,487
7829314756284,2026-04-03,485
7829314756284,2026-04-04,476
7829314756284,2026-04-05,476
7829314756284,2026-04-06,467
7829314756284,2026-04-07,467
7829314756284,2026-04-08,487
7829314756284,2026-04-09,480
7829314756284,2026-04-10,472
7829314756284,2026-04-11,464
7829314756284,2026-04-12,457
7829314756284,2026-04-13,487
7829314756284,2026-04-14,487
7829314756284,2026-04-15,482
7829314756284,2026-04-16,482
7829314756284,2026-04-17,481
7829314756284,2026-04-18,474
7829314756284,2026-04-19,487
7829314756284,2026-04-20,484
7829314756284,2026-04-21,484
7829314756284,2026-04-22,480
7829314756284,2026-04-23,479
7829314756284,2026-04-24,479
7829314756284,2026-04-25,474
7829314756284,2026-04-26,487
7829314756284,2026-04-27,477
7829314756284,2026-04-28,477
7829314756284,2026-04-29,468
7829314756284,2026-04-30,460
7829314756284,2026-05-01,460
7829314756284,2026-05-02,450
7829314756284,2026-05-03,436
7829314756284,2026-05-04,436
7829314756284,2026-05-05,487
7829314756284,2026-05-06,481
7829314756284,2026-05-07,474
7829314756284,2026-05-08,466
7829314756284,2026-05-09,466
7829314756284,2026-05-10,460
7829314756284,2026-05-11,487
7829314756284,2026-05-12,476
7829314756284,2026-05-13,472
7829314756284,2026-05-14,464
7829314756284,2026-05-15,464
7829314756284,2026-05-16,487
7829314756284,2026-05-17,479
7829314756284,2026-05-18,470
7829314756284,2026-05-19,460
7829314756284,2026-05-20,460
7829314756284,2026-05-21,452
7829314756284,2026-05-22,446
7829314756284,2026-05-23,446
7829314756284,2026-05-24,436
7829314756284,2026-05-25,487
7829314756284,2026-05-26,481
7829314756284,2026-05-27,466
7829314756284,2026-05-28,457
7829314756284,2026-05-29,447
7829314756284,2026-05-30,436
7829314756284,2026-05-31,425
7829314756284,2026-06-01,425
7829314756284,2026-06-02,487
7829314756284,2026-06-03,487
7829314756284,2026-06-04,473
7829314756284,2026-06-05,473
7829314756284,2026-06-06,462
7829314756284,2026-06-07,449
7829314756284,2026-06-08,487
7829314756284,2026-06-09,481
7829314756284,2026-06-10,468
7829314756284,2026-06-11,468
7829314756284,2026-06-12,457
7829314756284,2026-06-13,487
7829314756284,2026-06-14,475
7829314756284,2026-06-15,465
7829314756284,2026-06-16,452
7829314756284,2026-06-17,440
7829314756284,2026-06-18,440
7829314756284,2026-06-19,424
7829314756284,2026-06-20,413
7829314756284,2026-06-21,413
7829314756284,2026-06-22,487
7829314756284,2026-06-23,487
7829314756284,2026-06-24,481
7829314756284,2026-06-25,481
7829314756284,2026-06-26,472
7829314756284,2026-06-27,472
7829314756284,2026-06-28,466
7829314756284,2026-06-29,453
7829314756284,2026-06-30,487
7829314756284,2026-07-01,480
7825148963720,2024-01-01,480
7825148963720,2024-01-02,480
7825148963720,2024-01-03,480
7825148963720,2024-01-04,480
7825148963720,2024-01-05,480
7825148963720,2024-01-06,472
7825148963720,2024-01-07,472
7825148963720,2024-01-08,472
7825148963720,2024-01-09,472
7825148963720,2024-01-10,472
7825148963720,2024-01-11,472
7825148963720,2024-01-12,459
7825148963720,2024-01-13,459
7825148963720,2024-01-14,459
7825148963720,2024-01-15,459
7825148963720,2024-01-16,459
7825148963720,2024-01-17,459
7825148963720,2024-01-18,436
7825148963720,2024-01-19,436
7825148963720,2024-01-20,436
7825148963720,2024-01-21,436
7825148963720,2024-01-22,436
7825148963720,2024-01-23,436
7825148963720,2024-01-24,436
7825148963720,2024-01-25,423
7825148963720,2024-01-26,423
7825148963720,2024-01-27,423
7825148963720,2024-01-28,423
7825148963720,2024-01-29,423
7825148963720,2024-01-30,409
7825148963720,2024-01-31,409
7825148963720,2024-02-01,409
7825148963720,2024-02-02,412
7825148963720,2024-02-03,412
7825148963720,2024-02-04,412
7825148963720,2024-02-05,412
7825148963720,2024-02-06,412
7825148963720,2024-02-07,412
7825148963720,2024-02-08,397
7825148963720,2024-02-09,397
7825148963720,2024-02-10,397
7825148963720,2024-02-11,397
7825148963720,2024-02-12,397
7825148963720,2024-02-13,397
7825148963720,2024-02-14,397
7825148963720,2024-02-15,397
7825148963720,2024-02-16,397
7825148963720,2024-02-17,391
7825148963720,2024-02-18,391
7825148963720,2024-02-19,391
7825148963720,2024-02-20,391
7825148963720,2024-02-21,391
7825148963720,2024-02-22,375
7825148963720,2024-02-23,425
7825148963720,2024-02-24,425
7825148963720,2024-02-25,425
7825148963720,2024-02-26,425
7825148963720,2024-02-27,425
7825148963720,2024-02-28,425
7825148963720,2024-02-29,425
7825148963720,2024-03-01,425
7825148963720,2024-03-02,425
7825148963720,2024-03-03,410
7825148963720,2024-03-04,410
7825148963720,2024-03-05,410
7825148963720,2024-03-06,410
7825148963720,2024-03-07,410
7825148963720,2024-03-08,410
7825148963720,2024-03-09,410
7825148963720,2024-03-10,410
7825148963720,2024-03-11,410
7825148963720,2024-03-12,394
7825148963720,2024-03-13,394
7825148963720,2024-03-14,394
7825148963720,2024-03-15,394
7825148963720,2024-03-16,394
7825148963720,2024-03-17,394
7825148963720,2024-03-18,394
7825148963720,2024-03-19,373
7825148963720,2024-03-20,373
7825148963720,2024-03-21,373
7825148963720,2024-03-22,373
7825148963720,2024-03-23,373
7825148963720,2024-03-24,362
7825148963720,2024-03-25,362
7825148963720,2024-03-26,362
7825148963720,2024-03-27,446
7825148963720,2024-03-28,446
7825148963720,2024-03-29,430
7825148963720,2024-03-30,430
7825148963720,2024-03-31,430
7825148963720,2024-04-01,430
7825148963720,2024-04-02,430
7825148963720,2024-04-03,423
7825148963720,2024-04-04,423
7825148963720,2024-04-05,423
7825148963720,2024-04-06,423
7825148963720,2024-04-07,423
7825148963720,2024-04-08,423
7825148963720,2024-04-09,423
7825148963720,2024-04-10,423
7825148963720,2024-04-11,423
7825148963720,2024-04-12,423
7825148963720,2024-04-13,407
7825148963720,2024-04-14,407
7825148963720,2024-04-15,407
7825148963720,2024-04-16,407
7825148963720,2024-04-17,407
7825148963720,2024-04-18,407
7825148963720,2024-04-19,407
7825148963720,2024-04-20,393
7825148963720,2024-04-21,393
7825148963720,2024-04-22,393
7825148963720,2024-04-23,393
7825148963720,2024-04-24,393
7825148963720,2024-04-25,375
7825148963720,2024-04-26,375
7825148963720,2024-04-27,375
7825148963720,2024-04-28,375
7825148963720,2024-04-29,375
7825148963720,2024-04-30,375
7825148963720,2024-05-01,375
7825148963720,2024-05-02,375
7825148963720,2024-05-03,470
7825148963720,2024-05-04,470
7825148963720,2024-05-05,445
7825148963720,2024-05-06,445
7825148963720,2024-05-07,445
7825148963720,2024-05-08,445
7825148963720,2024-05-09,445
7825148963720,2024-05-10,445
7825148963720,2024-05-11,445
7825148963720,2024-05-12,445
7825148963720,2024-05-13,428
7825148963720,2024-05-14,428
7825148963720,2024-05-15,428
7825148963720,2024-05-16,428
7825148963720,2024-05-17,428
7825148963720,2024-05-18,409
7825148963720,2024-05-19,409
7825148963720,2024-05-20,409
7825148963720,2024-05-21,409
7825148963720,2024-05-22,409
7825148963720,2024-05-23,409
7825148963720,2024-05-24,409
7825148963720,2024-05-25,409
7825148963720,2024-05-26,485
7825148963720,2024-05-27,485
7825148963720,2024-05-28,485
7825148963720,2024-05-29,485
7825148963720,2024-05-30,485
7825148963720,2024-05-31,459
7825148963720,2024-06-01,459
7825148963720,2024-06-02,459
7825148963720,2024-06-03,459
7825148963720,2024-06-04,459
7825148963720,2024-06-05,459
7825148963720,2024-06-06,459
7825148963720,2024-06-07,437
7825148963720,2024-06-08,437
7825148963720,2024-06-09,437
7825148963720,2024-06-10,437
7825148963720,2024-06-11,437
7825148963720,2024-06-12,409
7825148963720,2024-06-13,409
7825148963720,2024-06-14,409
7825148963720,2024-06-15,409
7825148963720,2024-06-16,409
7825148963720,2024-06-17,409
7825148963720,2024-06-18,409
7825148963720,2024-06-19,391
7825148963720,2024-06-20,391
7825148963720,2024-06-21,391
7825148963720,2024-06-22,502
7825148963720,2024-06-23,502
7825148963720,2024-06-24,502
7825148963720,2024-06-25,502
7825148963720,2024-06-26,477
7825148963720,2024-06-27,477
7825148963720,2024-06-28,477
7825148963720,2024-06-29,477
7825148963720,2024-06-30,477
7825148963720,2024-07-01,477
7825148963720,2024-07-02,459
7825148963720,2024-07-03,459
7825148963720,2024-07-04,459
7825148963720,2024-07-05,459
7825148963720,2024-07-06,459
7825148963720,2024-07-07,459
7825148963720,2024-07-08,459
7825148963720,2024-07-09,459
7825148963720,2024-07-10,435
7825148963720,2024-07-11,435
7825148963720,2024-07-12,435
7825148963720,2024-07-13,435
7825148963720,2024-07-14,435
7825148963720,2024-07-15,407
7825148963720,2024-07-16,407
7825148963720,2024-07-17,407
7825148963720,2024-07-18,407
7825148963720,2024-07-19,407
7825148963720,2024-07-20,389
7825148963720,2024-07-21,389
7825148963720,2024-07-22,389
7825148963720,2024-07-23,389
7825148963720,2024-07-24,389
7825148963720,2024-07-25,389
7825148963720,2024-07-26,389
7825148963720,2024-07-27,389
7825148963720,2024-07-28,525
7825148963720,2024-07-29,505
7825148963720,2024-07-30,505
7825148963720,2024-07-31,505
7825148963720,2024-08-01,505
7825148963720,2024-08-02,505
7825148963720,2024-08-03,505
7825148963720,2024-08-04,505
7825148963720,2024-08-05,505
7825148963720,2024-08-06,505
7825148963720,2024-08-07,505
7825148963720,2024-08-08,487
7825148963720,2024-08-09,487
7825148963720,2024-08-10,487
7825148963720,2024-08-11,487
7825148963720,2024-08-12,487
7825148963720,2024-08-13,487
7825148963720,2024-08-14,487
7825148963720,2024-08-15,487
7825148963720,2024-08-16,461
7825148963720,2024-08-17,461
7825148963720,2024-08-18,461
7825148963720,2024-08-19,461
7825148963720,2024-08-20,461
7825148963720,2024-08-21,461
7825148963720,2024-08-22,461
7825148963720,2024-08-23,461
7825148963720,2024-08-24,461
7825148963720,2024-08-25,439
7825148963720,2024-08-26,439
7825148963720,2024-08-27,439
7825148963720,2024-08-28,439
7825148963720,2024-08-29,439
7825148963720,2024-08-30,415
7825148963720,2024-08-31,415
7825148963720,2024-09-01,415
7825148963720,2024-09-02,548
7825148963720,2024-09-03,548
7825148963720,2024-09-04,548
7825148963720,2024-09-05,548
7825148963720,2024-09-06,548
7825148963720,2024-09-07,548
7825148963720,2024-09-08,535
7825148963720,2024-09-09,535
7825148963720,2024-09-10,535
7825148963720,2024-09-11,535
7825148963720,2024-09-12,535
7825148963720,2024-09-13,535
7825148963720,2024-09-14,494
7825148963720,2024-09-15,494
7825148963720,2024-09-16,494
7825148963720,2024-09-17,494
7825148963720,2024-09-18,494
7825148963720,2024-09-19,494
7825148963720,2024-09-20,494
7825148963720,2024-09-21,494
7825148963720,2024-09-22,561
7825148963720,2024-09-23,533
7825148963720,2024-09-24,533
7825148963720,2024-09-25,533
7825148963720,2024-09-26,533
7825148963720,2024-09-27,533
7825148963720,2024-09-28,533
7825148963720,2024-09-29,533
7825148963720,2024-09-30,533
7825148963720,2024-10-01,502
7825148963720,2024-10-02,502
7825148963720,2024-10-03,502
7825148963720,2024-10-04,502
7825148963720,2024-10-05,502
7825148963720,2024-10-06,502
7825148963720,2024-10-07,502
7825148963720,2024-10-08,472
7825148963720,2024-10-09,472
7825148963720,2024-10-10,472
7825148963720,2024-10-11,472
7825148963720,2024-10-12,472
7825148963720,2024-10-13,472
7825148963720,2024-10-14,472
7825148963720,2024-10-15,472
7825148963720,2024-10-16,457
7825148963720,2024-10-17,457
7825148963720,2024-10-18,457
7825148963720,2024-10-19,457
7825148963720,2024-10-20,457
7825148963720,2024-10-21,457
7825148963720,2024-10-22,427
7825148963720,2024-10-23,427
7825148963720,2024-10-24,582
7825148963720,2024-10-25,582
7825148963720,2024-10-26,582
7825148963720,2024-10-27,582
7825148963720,2024-10-28,582
7825148963720,2024-10-29,582
7825148963720,2024-10-30,582
7825148963720,2024-10-31,554
7825148963720,2024-11-01,554
7825148963720,2024-11-02,554
7825148963720,2024-11-03,554
7825148963720,2024-11-04,554
7825148963720,2024-11-05,554
7825148963720,2024-11-06,531
7825148963720,2024-11-07,531
7825148963720,2024-11-08,531
7825148963720,2024-11-09,531
7825148963720,2024-11-10,531
7825148963720,2024-11-11,511
7825148963720,2024-11-12,511
7825148963720,2024-11-13,511
7825148963720,2024-11-14,511
7825148963720,2024-11-15,511
7825148963720,2024-11-16,480
7825148963720,2024-11-17,480
7825148963720,2024-11-18,480
7825148963720,2024-11-19,480
7825148963720,2024-11-20,599
7825148963720,2024-11-21,599
7825148963720,2024-11-22,599
7825148963720,2024-11-23,599
7825148963720,2024-11-24,574
7825148963720,2024-11-25,574
7825148963720,2024-11-26,574
7825148963720,2024-11-27,574
7825148963720,2024-11-28,574
7825148963720,2024-11-29,574
7825148963720,2024-11-30,574
7825148963720,2024-12-01,541
7825148963720,2024-12-02,541
7825148963720,2024-12-03,541
7825148963720,2024-12-04,541
7825148963720,2024-12-05,541
7825148963720,2024-12-06,516
7825148963720,2024-12-07,516
7825148963720,2024-12-08,516
7825148963720,2024-12-09,516
7825148963720,2024-12-10,516
7825148963720,2024-12-11,489
7825148963720,2024-12-12,489
7825148963720,2024-12-13,614
7825148963720,2024-12-14,614
7825148963720,2024-12-15,614
7825148963720,2024-12-16,614
7825148963720,2024-12-17,614
7825148963720,2024-12-18,614
7825148963720,2024-12-19,614
7825148963720,2024-12-20,588
7825148963720,2024-12-21,588
7825148963720,2024-12-22,588
7825148963720,2024-12-23,588
7825148963720,2024-12-24,588
7825148963720,2024-12-25,588
7825148963720,2024-12-26,588
7825148963720,2024-12-27,588
7825148963720,2024-12-28,588
7825148963720,2024-12-29,588
7825148963720,2024-12-30,571
7825148963720,2024-12-31,571
7825148963720,2025-01-01,571
7825148963720,2025-01-02,571
7825148963720,2025-01-03,571
7825148963720,2025-01-04,541
7825148963720,2025-01-05,541
7825148963720,2025-01-06,541
7825148963720,2025-01-07,541
7825148963720,2025-01-08,541
7825148963720,2025-01-09,513
7825148963720,2025-01-10,513
7825148963720,2025-01-11,513
7825148963720,2025-01-12,513
7825148963720,2025-01-13,513
7825148963720,2025-01-14,513
7825148963720,2025-01-15,489
7825148963720,2025-01-16,489
7825148963720,2025-01-17,636
7825148963720,2025-01-18,636
7825148963720,2025-01-19,636
7825148963720,2025-01-20,636
7825148963720,2025-01-21,636
7825148963720,2025-01-22,636
7825148963720,2025-01-23,636
7825148963720,2025-01-24,600
7825148963720,2025-01-25,600
7825148963720,2025-01-26,600
7825148963720,2025-01-27,600
7825148963720,2025-01-28,600
7825148963720,2025-01-29,600
7825148963720,2025-01-30,600
7825148963720,2025-01-31,600
7825148963720,2025-02-01,600
7825148963720,2025-02-02,600
7825148963720,2025-02-03,568
7825148963720,2025-02-04,568
7825148963720,2025-02-05,568
7825148963720,2025-02-06,568
7825148963720,2025-02-07,568
7825148963720,2025-02-08,568
7825148963720,2025-02-09,568
7825148963720,2025-02-10,568
7825148963720,2025-02-11,568
7825148963720,2025-02-12,568
7825148963720,2025-02-13,541
7825148963720,2025-02-14,541
7825148963720,2025-02-15,541
7825148963720,2025-02-16,541
7825148963720,2025-02-17,541
7825148963720,2025-02-18,514
7825148963720,2025-02-19,514
7825148963720,2025-02-20,514
7825148963720,2025-02-21,514
7825148963720,2025-02-22,514
7825148963720,2025-02-23,660
7825148963720,2025-02-24,660
7825148963720,2025-02-25,634
7825148963720,2025-02-26,634
7825148963720,2025-02-27,634
7825148963720,2025-02-28,634
7825148963720,2025-03-01,634
7825148963720,2025-03-02,634
7825148963720,2025-03-03,634
7825148963720,2025-03-04,611
7825148963720,2025-03-05,611
7825148963720,2025-03-06,611
7825148963720,2025-03-07,611
7825148963720,2025-03-08,611
7825148963720,2025-03-09,611
7825148963720,2025-03-10,574
7825148963720,2025-03-11,574
7825148963720,2025-03-12,574
7825148963720,2025-03-13,574
7825148963720,2025-03-14,574
7825148963720,2025-03-15,574
7825148963720,2025-03-16,574
7825148963720,2025-03-17,574
7825148963720,2025-03-18,574
7825148963720,2025-03-19,541
7825148963720,2025-03-20,541
7825148963720,2025-03-21,541
7825148963720,2025-03-22,678
7825148963720,2025-03-23,678
7825148963720,2025-03-24,650
7825148963720,2025-03-25,650
7825148963720,2025-03-26,650
7825148963720,2025-03-27,650
7825148963720,2025-03-28,650
7825148963720,2025-03-29,650
7825148963720,2025-03-30,650
7825148963720,2025-03-31,650
7825148963720,2025-04-01,610
7825148963720,2025-04-02,610
7825148963720,2025-04-03,610
7825148963720,2025-04-04,610
7825148963720,2025-04-05,610
7825148963720,2025-04-06,610
7825148963720,2025-04-07,610
7825148963720,2025-04-08,610
7825148963720,2025-04-09,577
7825148963720,2025-04-10,577
7825148963720,2025-04-11,577
7825148963720,2025-04-12,577
7825148963720,2025-04-13,577
7825148963720,2025-04-14,577
7825148963720,2025-04-15,577
7825148963720,2025-04-16,577
7825148963720,2025-04-17,551
7825148963720,2025-04-18,551
7825148963720,2025-04-19,551
7825148963720,2025-04-20,551
7825148963720,2025-04-21,551
7825148963720,2025-04-22,551
7825148963720,2025-04-23,551
7825148963720,2025-04-24,551
7825148963720,2025-04-25,551
7825148963720,2025-04-26,551
7825148963720,2025-04-27,518
7825148963720,2025-04-28,518
7825148963720,2025-04-29,702
7825148963720,2025-04-30,702
7825148963720,2025-05-01,702
7825148963720,2025-05-02,702
7825148963720,2025-05-03,702
7825148963720,2025-05-04,702
7825148963720,2025-05-05,668
7825148963720,2025-05-06,668
7825148963720,2025-05-07,668
7825148963720,2025-05-08,668
7825148963720,2025-05-09,668
7825148963720,2025-05-10,668
7825148963720,2025-05-11,668
7825148963720,2025-05-12,668
7825148963720,2025-05-13,639
7825148963720,2025-05-14,639
7825148963720,2025-05-15,639
7825148963720,2025-05-16,639
7825148963720,2025-05-17,639
7825148963720,2025-05-18,639
7825148963720,2025-05-19,639
7825148963720,2025-05-20,639
7825148963720,2025-05-21,614
7825148963720,2025-05-22,614
7825148963720,2025-05-23,614
7825148963720,2025-05-24,614
7825148963720,2025-05-25,614
7825148963720,2025-05-26,614
7825148963720,2025-05-27,614
7825148963720,2025-05-28,614
7825148963720,2025-05-29,614
7825148963720,2025-05-30,584
7825148963720,2025-05-31,584
7825148963720,2025-06-01,584
7825148963720,2025-06-02,584
7825148963720,2025-06-03,584
7825148963720,2025-06-04,584
7825148963720,2025-06-05,584
7825148963720,2025-06-06,726
7825148963720,2025-06-07,693
7825148963720,2025-06-08,693
7825148963720,2025-06-09,693
7825148963720,2025-06-10,693
7825148963720,2025-06-11,693
7825148963720,2025-06-12,655
7825148963720,2025-06-13,655
7825148963720,2025-06-14,655
7825148963720,2025-06-15,655
7825148963720,2025-06-16,655
7825148963720,2025-06-17,616
7825148963720,2025-06-18,616
7825148963720,2025-06-19,616
7825148963720,2025-06-20,616
7825148963720,2025-06-21,616
7825148963720,2025-06-22,616
7825148963720,2025-06-23,616
7825148963720,2025-06-24,616
7825148963720,2025-06-25,585
7825148963720,2025-06-26,585
7825148963720,2025-06-27,585
7825148963720,2025-06-28,585
7825148963720,2025-06-29,585
7825148963720,2025-06-30,585
7825148963720,2025-07-01,550
7825148963720,2025-07-02,550
7825148963720,2025-07-03,550
7825148963720,2025-07-04,550
7825148963720,2025-07-05,550
7825148963720,2025-07-06,550
7825148963720,2025-07-07,514
7825148963720,2025-07-08,747
7825148963720,2025-07-09,747
7825148963720,2025-07-10,747
7825148963720,2025-07-11,747
7825148963720,2025-07-12,747
7825148963720,2025-07-13,717
7825148963720,2025-07-14,717
7825148963720,2025-07-15,717
7825148963720,2025-07-16,717
7825148963720,2025-07-17,717
7825148963720,2025-07-18,717
7825148963720,2025-07-19,717
7825148963720,2025-07-20,717
7825148963720,2025-07-21,717
7825148963720,2025-07-22,717
7825148963720,2025-07-23,685
7825148963720,2025-07-24,685
7825148963720,2025-07-25,685
7825148963720,2025-07-26,685
7825148963720,2025-07-27,685
7825148963720,2025-07-28,685
7825148963720,2025-07-29,685
7825148963720,2025-07-30,685
7825148963720,2025-07-31,685
7825148963720,2025-08-01,651
7825148963720,2025-08-02,651
7825148963720,2025-08-03,651
7825148963720,2025-08-04,651
7825148963720,2025-08-05,651
7825148963720,2025-08-06,609
7825148963720,2025-08-07,609
7825148963720,2025-08-08,609
7825148963720,2025-08-09,609
7825148963720,2025-08-10,609
7825148963720,2025-08-11,572
7825148963720,2025-08-12,572
7825148963720,2025-08-13,770
7825148963720,2025-08-14,770
7825148963720,2025-08-15,770
7825148963720,2025-08-16,730
7825148963720,2025-08-17,730
7825148963720,2025-08-18,730
7825148963720,2025-08-19,730
7825148963720,2025-08-20,730
7825148963720,2025-08-21,730
7825148963720,2025-08-22,730
7825148963720,2025-08-23,730
7825148963720,2025-08-24,730
7825148963720,2025-08-25,730
7825148963720,2025-08-26,688
7825148963720,2025-08-27,688
7825148963720,2025-08-28,688
7825148963720,2025-08-29,688
7825148963720,2025-08-30,688
7825148963720,2025-08-31,688
7825148963720,2025-09-01,645
7825148963720,2025-09-02,645
7825148963720,2025-09-03,645
7825148963720,2025-09-04,645
7825148963720,2025-09-05,645
7825148963720,2025-09-06,645
7825148963720,2025-09-07,645
7825148963720,2025-09-08,645
7825148963720,2025-09-09,645
7825148963720,2025-09-10,788
7825148963720,2025-09-11,788
7825148963720,2025-09-12,788
7825148963720,2025-09-13,788
7825148963720,2025-09-14,788
7825148963720,2025-09-15,788
7825148963720,2025-09-16,788
7825148963720,2025-09-17,788
7825148963720,2025-09-18,748
7825148963720,2025-09-19,748
7825148963720,2025-09-20,748
7825148963720,2025-09-21,748
7825148963720,2025-09-22,748
7825148963720,2025-09-23,748
7825148963720,2025-09-24,748
7825148963720,2025-09-25,748
7825148963720,2025-09-26,711
7825148963720,2025-09-27,711
7825148963720,2025-09-28,711
7825148963720,2025-09-29,711
7825148963720,2025-09-30,711
7825148963720,2025-10-01,668
7825148963720,2025-10-02,668
7825148963720,2025-10-03,668
7825148963720,2025-10-04,668
7825148963720,2025-10-05,668
7825148963720,2025-10-06,668
7825148963720,2025-10-07,668
7825148963720,2025-10-08,668
7825148963720,2025-10-09,668
7825148963720,2025-10-10,668
7825148963720,2025-10-11,635
7825148963720,2025-10-12,635
7825148963720,2025-10-13,635
7825148963720,2025-10-14,635
7825148963720,2025-10-15,635
7825148963720,2025-10-16,601
7825148963720,2025-10-17,812
7825148963720,2025-10-18,812
7825148963720,2025-10-19,812
7825148963720,2025-10-20,812
7825148963720,2025-10-21,812
7825148963720,2025-10-22,812
7825148963720,2025-10-23,778
7825148963720,2025-10-24,778
7825148963720,2025-10-25,778
7825148963720,2025-10-26,778
7825148963720,2025-10-27,778
7825148963720,2025-10-28,778
7825148963720,2025-10-29,778
7825148963720,2025-10-30,778
7825148963720,2025-10-31,778
7825148963720,2025-11-01,730
7825148963720,2025-11-02,730
7825148963720,2025-11-03,730
7825148963720,2025-11-04,730
7825148963720,2025-11-05,730
7825148963720,2025-11-06,730
7825148963720,2025-11-07,693
7825148963720,2025-11-08,693
7825148963720,2025-11-09,827
7825148963720,2025-11-10,827
7825148963720,2025-11-11,827
7825148963720,2025-11-12,827
7825148963720,2025-11-13,827
7825148963720,2025-11-14,792
7825148963720,2025-11-15,792
7825148963720,2025-11-16,792
7825148963720,2025-11-17,792
7825148963720,2025-11-18,792
7825148963720,2025-11-19,792
7825148963720,2025-11-20,792
7825148963720,2025-11-21,792
7825148963720,2025-11-22,792
7825148963720,2025-11-23,754
7825148963720,2025-11-24,754
7825148963720,2025-11-25,754
7825148963720,2025-11-26,754
7825148963720,2025-11-27,754
7825148963720,2025-11-28,754
7825148963720,2025-11-29,754
7825148963720,2025-11-30,754
7825148963720,2025-12-01,704
7825148963720,2025-12-02,704
7825148963720,2025-12-03,704
7825148963720,2025-12-04,704
7825148963720,2025-12-05,704
7825148963720,2025-12-06,669
7825148963720,2025-12-07,669
7825148963720,2025-12-08,669
7825148963720,2025-12-09,669
7825148963720,2025-12-10,669
7825148963720,2025-12-11,669
7825148963720,2025-12-12,669
7825148963720,2025-12-13,669
7825148963720,2025-12-14,619
7825148963720,2025-12-15,619
7825148963720,2025-12-16,619
7825148963720,2025-12-17,619
7825148963720,2025-12-18,852
7825148963720,2025-12-19,852
7825148963720,2025-12-20,852
7825148963720,2025-12-21,852
7825148963720,2025-12-22,852
7825148963720,2025-12-23,812
7825148963720,2025-12-24,812
7825148963720,2025-12-25,812
7825148963720,2025-12-26,812
7825148963720,2025-12-27,812
7825148963720,2025-12-28,812
7825148963720,2025-12-29,812
7825148963720,2025-12-30,812
7825148963720,2025-12-31,812
7825148963720,2026-01-01,812
7825148963720,2026-01-02,773
7825148963720,2026-01-03,773
7825148963720,2026-01-04,773
7825148963720,2026-01-05,773
7825148963720,2026-01-06,773
7825148963720,2026-01-07,773
7825148963720,2026-01-08,773
7825148963720,2026-01-09,773
7825148963720,2026-01-10,773
7825148963720,2026-01-11,773
7825148963720,2026-01-12,732
7825148963720,2026-01-13,732
7825148963720,2026-01-14,732
7825148963720,2026-01-15,732
7825148963720,2026-01-16,732
7825148963720,2026-01-17,732
7825148963720,2026-01-18,732
7825148963720,2026-01-19,732
7825148963720,2026-01-20,732
7825148963720,2026-01-21,680
7825148963720,2026-01-22,680
7825148963720,2026-01-23,875
7825148963720,2026-01-24,875
7825148963720,2026-01-25,875
7825148963720,2026-01-26,830
7825148963720,2026-01-27,830
7825148963720,2026-01-28,830
7825148963720,2026-01-29,830
7825148963720,2026-01-30,830
7825148963720,2026-01-31,830
7825148963720,2026-02-01,830
7825148963720,2026-02-02,830
7825148963720,2026-02-03,783
7825148963720,2026-02-04,783
7825148963720,2026-02-05,783
7825148963720,2026-02-06,783
7825148963720,2026-02-07,783
7825148963720,2026-02-08,783
7825148963720,2026-02-09,741
7825148963720,2026-02-10,741
7825148963720,2026-02-11,741
7825148963720,2026-02-12,741
7825148963720,2026-02-13,741
7825148963720,2026-02-14,741
7825148963720,2026-02-15,696
7825148963720,2026-02-16,696
7825148963720,2026-02-17,696
7825148963720,2026-02-18,696
7825148963720,2026-02-19,696
7825148963720,2026-02-20,696
7825148963720,2026-02-21,696
7825148963720,2026-02-22,657
7825148963720,2026-02-23,657
7825148963720,2026-02-24,657
7825148963720,2026-02-25,657
7825148963720,2026-02-26,657
7825148963720,2026-02-27,657
7825148963720,2026-02-28,657
7825148963720,2026-03-01,898
7825148963720,2026-03-02,898
7825148963720,2026-03-03,853
7825148963720,2026-03-04,853
7825148963720,2026-03-05,853
7825148963720,2026-03-06,853
7825148963720,2026-03-07,853
7825148963720,2026-03-08,853
7825148963720,2026-03-09,853
7825148963720,2026-03-10,853
7825148963720,2026-03-11,811
7825148963720,2026-03-12,811
7825148963720,2026-03-13,811
7825148963720,2026-03-14,811
7825148963720,2026-03-15,811
7825148963720,2026-03-16,811
7825148963720,2026-03-17,811
7825148963720,2026-03-18,811
7825148963720,2026-03-19,811
7825148963720,2026-03-20,773
7825148963720,2026-03-21,773
7825148963720,2026-03-22,773
7825148963720,2026-03-23,773
7825148963720,2026-03-24,773
7825148963720,2026-03-25,773
7825148963720,2026-03-26,773
7825148963720,2026-03-27,773
7825148963720,2026-03-28,773
7825148963720,2026-03-29,719
7825148963720,2026-03-30,719
7825148963720,2026-03-31,719
7825148963720,2026-04-01,719
7825148963720,2026-04-02,719
7825148963720,2026-04-03,719
7825148963720,2026-04-04,672
7825148963720,2026-04-05,672
7825148963720,2026-04-06,922
7825148963720,2026-04-07,922
7825148963720,2026-04-08,922
7825148963720,2026-04-09,922
7825148963720,2026-04-10,922
7825148963720,2026-04-11,922
7825148963720,2026-04-12,922
7825148963720,2026-04-13,875
7825148963720,2026-04-14,875
7825148963720,2026-04-15,875
7825148963720,2026-04-16,875
7825148963720,2026-04-17,875
7825148963720,2026-04-18,875
7825148963720,2026-04-19,875
7825148963720,2026-04-20,875
7825148963720,2026-04-21,834
7825148963720,2026-04-22,834
7825148963720,2026-04-23,834
7825148963720,2026-04-24,834
7825148963720,2026-04-25,834
7825148963720,2026-04-26,786
7825148963720,2026-04-27,935
7825148963720,2026-04-28,935
7825148963720,2026-04-29,935
7825148963720,2026-04-30,935
7825148963720,2026-05-01,935
7825148963720,2026-05-02,889
7825148963720,2026-05-03,889
7825148963720,2026-05-04,889
7825148963720,2026-05-05,889
7825148963720,2026-05-06,889
7825148963720,2026-05-07,889
7825148963720,2026-05-08,889
7825148963720,2026-05-09,889
7825148963720,2026-05-10,889
7825148963720,2026-05-11,840
7825148963720,2026-05-12,840
7825148963720,2026-05-13,840
7825148963720,2026-05-14,840
7825148963720,2026-05-15,840
7825148963720,2026-05-16,840
7825148963720,2026-05-17,840
7825148963720,2026-05-18,840
7825148963720,2026-05-19,786
7825148963720,2026-05-20,786
7825148963720,2026-05-21,786
7825148963720,2026-05-22,786
7825148963720,2026-05-23,952
7825148963720,2026-05-24,900
7825148963720,2026-05-25,900
7825148963720,2026-05-26,900
7825148963720,2026-05-27,900
7825148963720,2026-05-28,900
7825148963720,2026-05-29,900
7825148963720,2026-05-30,900
7825148963720,2026-05-31,900
7825148963720,2026-06-01,900
7825148963720,2026-06-02,845
7825148963720,2026-06-03,845
7825148963720,2026-06-04,845
7825148963720,2026-06-05,845
7825148963720,2026-06-06,845
7825148963720,2026-06-07,845
7825148963720,2026-06-08,845
7825148963720,2026-06-09,845
7825148963720,2026-06-10,845
7825148963720,2026-06-11,801
7825148963720,2026-06-12,801
7825148963720,2026-06-13,801
7825148963720,2026-06-14,801
7825148963720,2026-06-15,801
7825148963720,2026-06-16,801
7825148963720,2026-06-17,968
7825148963720,2026-06-18,923
7825148963720,2026-06-19,923
7825148963720,2026-06-20,923
7825148963720,2026-06-21,923
7825148963720,2026-06-22,923
7825148963720,2026-06-23,923
7825148963720,2026-06-24,923
7825148963720,2026-06-25,923
7825148963720,2026-06-26,923
7825148963720,2026-06-27,876
7825148963720,2026-06-28,876
7825148963720,2026-06-29,876
7825148963720,2026-06-30,876
7825148963720,2026-07-01,876
7823871649526,2024-01-01,574
7823871649526,2024-01-02,574
7823871649526,2024-01-03,574
7823871649526,2024-01-04,574
7823871649526,2024-01-05,574
7823871649526,2024-01-06,574
7823871649526,2024-01-07,574
7823871649526,2024-01-08,574
7823871649526,2024-01-09,554
7823871649526,2024-01-10,554
7823871649526,2024-01-11,554
7823871649526,2024-01-12,554
7823871649526,2024-01-13,554
7823871649526,2024-01-14,554
7823871649526,2024-01-15,554
7823871649526,2024-01-16,554
7823871649526,2024-01-17,543
7823871649526,2024-01-18,543
7823871649526,2024-01-19,543
7823871649526,2024-01-20,543
7823871649526,2024-01-21,543
7823871649526,2024-01-22,543
7823871649526,2024-01-23,543
7823871649526,2024-01-24,543
7823871649526,2024-01-25,543
7823871649526,2024-01-26,543
7823871649526,2024-01-27,532
7823871649526,2024-01-28,532
7823871649526,2024-01-29,532
7823871649526,2024-01-30,532
7823871649526,2024-01-31,532
7823871649526,2024-02-01,886
7823871649526,2024-02-02,886
7823871649526,2024-02-03,886
7823871649526,2024-02-04,886
7823871649526,2024-02-05,875
7823871649526,2024-02-06,875
7823871649526,2024-02-07,875
7823871649526,2024-02-08,875
7823871649526,2024-02-09,875
7823871649526,2024-02-10,875
7823871649526,2024-02-11,862
7823871649526,2024-02-12,862
7823871649526,2024-02-13,862
7823871649526,2024-02-14,862
7823871649526,2024-02-15,862
7823871649526,2024-02-16,851
7823871649526,2024-02-17,851
7823871649526,2024-02-18,851
7823871649526,2024-02-19,851
7823871649526,2024-02-20,851
7823871649526,2024-02-21,851
7823871649526,2024-02-22,851
7823871649526,2024-02-23,851
7823871649526,2024-02-24,851
7823871649526,2024-02-25,840
7823871649526,2024-02-26,840
7823871649526,2024-02-27,840
7823871649526,2024-02-28,840
7823871649526,2024-02-29,840
7823871649526,2024-03-01,823
7823871649526,2024-03-02,823
7823871649526,2024-03-03,929
7823871649526,2024-03-04,929
7823871649526,2024-03-05,929
7823871649526,2024-03-06,929
7823871649526,2024-03-07,929
7823871649526,2024-03-08,929
7823871649526,2024-03-09,916
7823871649526,2024-03-10,916
7823871649526,2024-03-11,916
7823871649526,2024-03-12,916
7823871649526,2024-03-13,916
7823871649526,2024-03-14,916
7823871649526,2024-03-15,916
7823871649526,2024-03-16,903
7823871649526,2024-03-17,903
7823871649526,2024-03-18,903
7823871649526,2024-03-19,903
7823871649526,2024-03-20,903
7823871649526,2024-03-21,903
7823871649526,2024-03-22,903
7823871649526,2024-03-23,903
7823871649526,2024-03-24,903
7823871649526,2024-03-25,903
7823871649526,2024-03-26,881
7823871649526,2024-03-27,881
7823871649526,2024-03-28,881
7823871649526,2024-03-29,881
7823871649526,2024-03-30,881
7823871649526,2024-03-31,881
7823871649526,2024-04-01,881
7823871649526,2024-04-02,881
7823871649526,2024-04-03,881
7823871649526,2024-04-04,869
7823871649526,2024-04-05,869
7823871649526,2024-04-06,869
7823871649526,2024-04-07,869
7823871649526,2024-04-08,869
7823871649526,2024-04-09,980
7823871649526,2024-04-10,964
7823871649526,2024-04-11,964
7823871649526,2024-04-12,964
7823871649526,2024-04-13,964
7823871649526,2024-04-14,964
7823871649526,2024-04-15,964
7823871649526,2024-04-16,964
7823871649526,2024-04-17,964
7823871649526,2024-04-18,952
7823871649526,2024-04-19,952
7823871649526,2024-04-20,952
7823871649526,2024-04-21,952
7823871649526,2024-04-22,952
7823871649526,2024-04-23,952
7823871649526,2024-04-24,952
7823871649526,2024-04-25,952
7823871649526,2024-04-26,952
7823871649526,2024-04-27,932
7823871649526,2024-04-28,932
7823871649526,2024-04-29,932
7823871649526,2024-04-30,932
7823871649526,2024-05-01,932
7823871649526,2024-05-02,932
7823871649526,2024-05-03,932
7823871649526,2024-05-04,932
7823871649526,2024-05-05,932
7823871649526,2024-05-06,932
7823871649526,2024-05-07,923
7823871649526,2024-05-08,923
7823871649526,2024-05-09,1022
7823871649526,2024-05-10,1022
7823871649526,2024-05-11,1022
7823871649526,2024-05-12,1022
7823871649526,2024-05-13,1022
7823871649526,2024-05-14,1022
7823871649526,2024-05-15,1022
7823871649526,2024-05-16,1022
7823871649526,2024-05-17,1001
7823871649526,2024-05-18,1001
7823871649526,2024-05-19,1001
7823871649526,2024-05-20,1001
7823871649526,2024-05-21,1001
7823871649526,2024-05-22,1001
7823871649526,2024-05-23,1001
7823871649526,2024-05-24,1001
7823871649526,2024-05-25,1001
7823871649526,2024-05-26,976
7823871649526,2024-05-27,976
7823871649526,2024-05-28,976
7823871649526,2024-05-29,976
7823871649526,2024-05-30,976
7823871649526,2024-05-31,976
7823871649526,2024-06-01,976
7823871649526,2024-06-02,976
7823871649526,2024-06-03,958
7823871649526,2024-06-04,958
7823871649526,2024-06-05,958
7823871649526,2024-06-06,958
7823871649526,2024-06-07,958
7823871649526,2024-06-08,958
7823871649526,2024-06-09,958
7823871649526,2024-06-10,1066
7823871649526,2024-06-11,1066
7823871649526,2024-06-12,1051
7823871649526,2024-06-13,1051
7823871649526,2024-06-14,1051
7823871649526,2024-06-15,1051
7823871649526,2024-06-16,1051
7823871649526,2024-06-17,1051
7823871649526,2024-06-18,1051
7823871649526,2024-06-19,1051
7823871649526,2024-06-20,1039
7823871649526,2024-06-21,1039
7823871649526,2024-06-22,1039
7823871649526,2024-06-23,1039
7823871649526,2024-06-24,1039
7823871649526,2024-06-25,1039
7823871649526,2024-06-26,1039
7823871649526,2024-06-27,1039
7823871649526,2024-06-28,1039
7823871649526,2024-06-29,1021
7823871649526,2024-06-30,1021
7823871649526,2024-07-01,1021
7823871649526,2024-07-02,1021
7823871649526,2024-07-03,1021
7823871649526,2024-07-04,1021
7823871649526,2024-07-05,1021
7823871649526,2024-07-06,1021
7823871649526,2024-07-07,995
7823871649526,2024-07-08,995
7823871649526,2024-07-09,995
7823871649526,2024-07-10,995
7823871649526,2024-07-11,995
7823871649526,2024-07-12,1110
7823871649526,2024-07-13,1110
7823871649526,2024-07-14,1089
7823871649526,2024-07-15,1089
7823871649526,2024-07-16,1089
7823871649526,2024-07-17,1089
7823871649526,2024-07-18,1089
7823871649526,2024-07-19,1071
7823871649526,2024-07-20,1071
7823871649526,2024-07-21,1071
7823871649526,2024-07-22,1071
7823871649526,2024-07-23,1071
7823871649526,2024-07-24,1071
7823871649526,2024-07-25,1071
7823871649526,2024-07-26,1049
7823871649526,2024-07-27,1049
7823871649526,2024-07-28,1049
7823871649526,2024-07-29,1049
7823871649526,2024-07-30,1049
7823871649526,2024-07-31,1030
7823871649526,2024-08-01,1030
7823871649526,2024-08-02,1030
7823871649526,2024-08-03,1030
7823871649526,2024-08-04,1030
7823871649526,2024-08-05,1144
7823871649526,2024-08-06,1144
7823871649526,2024-08-07,1121
7823871649526,2024-08-08,1121
7823871649526,2024-08-09,1121
7823871649526,2024-08-10,1121
7823871649526,2024-08-11,1121
7823871649526,2024-08-12,1121
7823871649526,2024-08-13,1097
7823871649526,2024-08-14,1097
7823871649526,2024-08-15,1097
7823871649526,2024-08-16,1097
7823871649526,2024-08-17,1097
7823871649526,2024-08-18,1097
7823871649526,2024-08-19,1097
7823871649526,2024-08-20,1097
7823871649526,2024-08-21,1097
7823871649526,2024-08-22,1079
7823871649526,2024-08-23,1079
7823871649526,2024-08-24,1079
7823871649526,2024-08-25,1079
7823871649526,2024-08-26,1079
7823871649526,2024-08-27,1079
7823871649526,2024-08-28,1079
7823871649526,2024-08-29,1079
7823871649526,2024-08-30,1079
7823871649526,2024-08-31,1052
7823871649526,2024-09-01,1052
7823871649526,2024-09-02,1052
7823871649526,2024-09-03,1052
7823871649526,2024-09-04,1052
7823871649526,2024-09-05,1052
7823871649526,2024-09-06,1052
7823871649526,2024-09-07,1052
7823871649526,2024-09-08,1052
7823871649526,2024-09-09,1025
7823871649526,2024-09-10,1025
7823871649526,2024-09-11,1025
7823871649526,2024-09-12,1196
7823871649526,2024-09-13,1196
7823871649526,2024-09-14,1196
7823871649526,2024-09-15,1179
7823871649526,2024-09-16,1179
7823871649526,2024-09-17,1179
7823871649526,2024-09-18,1179
7823871649526,2024-09-19,1179
7823871649526,2024-09-20,1179
7823871649526,2024-09-21,1179
7823871649526,2024-09-22,1179
7823871649526,2024-09-23,1179
7823871649526,2024-09-24,1157
7823871649526,2024-09-25,1157
7823871649526,2024-09-26,1157
7823871649526,2024-09-27,1157
7823871649526,2024-09-28,1157
7823871649526,2024-09-29,1157
7823871649526,2024-09-30,1141
7823871649526,2024-10-01,1141
7823871649526,2024-10-02,1141
7823871649526,2024-10-03,1141
7823871649526,2024-10-04,1141
7823871649526,2024-10-05,1141
7823871649526,2024-10-06,1124
7823871649526,2024-10-07,1124
7823871649526,2024-10-08,1124
7823871649526,2024-10-09,1124
7823871649526,2024-10-10,1235
7823871649526,2024-10-11,1235
7823871649526,2024-10-12,1235
7823871649526,2024-10-13,1226
7823871649526,2024-10-14,1226
7823871649526,2024-10-15,1226
7823871649526,2024-10-16,1226
7823871649526,2024-10-17,1226
7823871649526,2024-10-18,1226
7823871649526,2024-10-19,1226
7823871649526,2024-10-20,1226
7823871649526,2024-10-21,1226
7823871649526,2024-10-22,1199
7823871649526,2024-10-23,1199
7823871649526,2024-10-24,1199
7823871649526,2024-10-25,1199
7823871649526,2024-10-26,1199
7823871649526,2024-10-27,1199
7823871649526,2024-10-28,1199
7823871649526,2024-10-29,1199
7823871649526,2024-10-30,1176
7823871649526,2024-10-31,1176
7823871649526,2024-11-01,1176
7823871649526,2024-11-02,1176
7823871649526,2024-11-03,1176
7823871649526,2024-11-04,1152
7823871649526,2024-11-05,1152
7823871649526,2024-11-06,1152
7823871649526,2024-11-07,1152
7823871649526,2024-11-08,1152
7823871649526,2024-11-09,1152
7823871649526,2024-11-10,1152
7823871649526,2024-11-11,1279
7823871649526,2024-11-12,1279
7823871649526,2024-11-13,1252
7823871649526,2024-11-14,1252
7823871649526,2024-11-15,1252
7823871649526,2024-11-16,1252
7823871649526,2024-11-17,1252
7823871649526,2024-11-18,1225
7823871649526,2024-11-19,1225
7823871649526,2024-11-20,1225
7823871649526,2024-11-21,1225
7823871649526,2024-11-22,1225
7823871649526,2024-11-23,1225
7823871649526,2024-11-24,1225
7823871649526,2024-11-25,1225
7823871649526,2024-11-26,1225
7823871649526,2024-11-27,1186
7823871649526,2024-11-28,1186
7823871649526,2024-11-29,1186
7823871649526,2024-11-30,1186
7823871649526,2024-12-01,1186
7823871649526,2024-12-02,1186
7823871649526,2024-12-03,1310
7823871649526,2024-12-04,1310
7823871649526,2024-12-05,1310
7823871649526,2024-12-06,1310
7823871649526,2024-12-07,1310
7823871649526,2024-12-08,1310
7823871649526,2024-12-09,1310
7823871649526,2024-12-10,1285
7823871649526,2024-12-11,1285
7823871649526,2024-12-12,1285
7823871649526,2024-12-13,1285
7823871649526,2024-12-14,1285
7823871649526,2024-12-15,1285
7823871649526,2024-12-16,1260
7823871649526,2024-12-17,1260
7823871649526,2024-12-18,1260
7823871649526,2024-12-19,1260
7823871649526,2024-12-20,1260
7823871649526,2024-12-21,1260
7823871649526,2024-12-22,1260
7823871649526,2024-12-23,1260
7823871649526,2024-12-24,1260
7823871649526,2024-12-25,1260
7823871649526,2024-12-26,1236
7823871649526,2024-12-27,1236
7823871649526,2024-12-28,1236
7823871649526,2024-12-29,1236
7823871649526,2024-12-30,1236
7823871649526,2024-12-31,1236
7823871649526,2025-01-01,1236
7823871649526,2025-01-02,1236
7823871649526,2025-01-03,1206
7823871649526,2025-01-04,1206
7823871649526,2025-01-05,1206
7823871649526,2025-01-06,1206
7823871649526,2025-01-07,1206
7823871649526,2025-01-08,1206
7823871649526,2025-01-09,1206
7823871649526,2025-01-10,1206
7823871649526,2025-01-11,1364
7823871649526,2025-01-12,1364
7823871649526,2025-01-13,1332
7823871649526,2025-01-14,1332
7823871649526,2025-01-15,1332
7823871649526,2025-01-16,1332
7823871649526,2025-01-17,1332
7823871649526,2025-01-18,1332
7823871649526,2025-01-19,1307
7823871649526,2025-01-20,1307
7823871649526,2025-01-21,1307
7823871649526,2025-01-22,1307
7823871649526,2025-01-23,1307
7823871649526,2025-01-24,1275
7823871649526,2025-01-25,1275
7823871649526,2025-01-26,1275
7823871649526,2025-01-27,1275
7823871649526,2025-01-28,1275
7823871649526,2025-01-29,1275
7823871649526,2025-01-30,1275
7823871649526,2025-01-31,1275
7823871649526,2025-02-01,1275
7823871649526,2025-02-02,1248
7823871649526,2025-02-03,1248
7823871649526,2025-02-04,1248
7823871649526,2025-02-05,1248
7823871649526,2025-02-06,1248
7823871649526,2025-02-07,1226
7823871649526,2025-02-08,1226
7823871649526,2025-02-09,1226
7823871649526,2025-02-10,1226
7823871649526,2025-02-11,1226
7823871649526,2025-02-12,1226
7823871649526,2025-02-13,1409
7823871649526,2025-02-14,1409
7823871649526,2025-02-15,1409
7823871649526,2025-02-16,1409
7823871649526,2025-02-17,1374
7823871649526,2025-02-18,1374
7823871649526,2025-02-19,1374
7823871649526,2025-02-20,1374
7823871649526,2025-02-21,1374
7823871649526,2025-02-22,1374
7823871649526,2025-02-23,1352
7823871649526,2025-02-24,1352
7823871649526,2025-02-25,1352
7823871649526,2025-02-26,1352
7823871649526,2025-02-27,1352
7823871649526,2025-02-28,1352
7823871649526,2025-03-01,1352
7823871649526,2025-03-02,1312
7823871649526,2025-03-03,1312
7823871649526,2025-03-04,1312
7823871649526,2025-03-05,1437
7823871649526,2025-03-06,1437
7823871649526,2025-03-07,1437
7823871649526,2025-03-08,1437
7823871649526,2025-03-09,1437
7823871649526,2025-03-10,1407
7823871649526,2025-03-11,1407
7823871649526,2025-03-12,1407
7823871649526,2025-03-13,1407
7823871649526,2025-03-14,1407
7823871649526,2025-03-15,1407
7823871649526,2025-03-16,1407
7823871649526,2025-03-17,1407
7823871649526,2025-03-18,1369
7823871649526,2025-03-19,1369
7823871649526,2025-03-20,1369
7823871649526,2025-03-21,1369
7823871649526,2025-03-22,1369
7823871649526,2025-03-23,1369
7823871649526,2025-03-24,1369
7823871649526,2025-03-25,1344
7823871649526,2025-03-26,1344
7823871649526,2025-03-27,1344
7823871649526,2025-03-28,1344
7823871649526,2025-03-29,1470
7823871649526,2025-03-30,1470
7823871649526,2025-03-31,1470
7823871649526,2025-04-01,1470
7823871649526,2025-04-02,1470
7823871649526,2025-04-03,1470
7823871649526,2025-04-04,1447
7823871649526,2025-04-05,1447
7823871649526,2025-04-06,1447
7823871649526,2025-04-07,1447
7823871649526,2025-04-08,1447
7823871649526,2025-04-09,1447
7823871649526,2025-04-10,1447
7823871649526,2025-04-11,1409
7823871649526,2025-04-12,1409
7823871649526,2025-04-13,1409
7823871649526,2025-04-14,1409
7823871649526,2025-04-15,1409
7823871649526,2025-04-16,1409
7823871649526,2025-04-17,1409
7823871649526,2025-04-18,1409
7823871649526,2025-04-19,1376
7823871649526,2025-04-20,1376
7823871649526,2025-04-21,1376
7823871649526,2025-04-22,1376
7823871649526,2025-04-23,1376
7823871649526,2025-04-24,1352
7823871649526,2025-04-25,1352
7823871649526,2025-04-26,1352
7823871649526,2025-04-27,1511
7823871649526,2025-04-28,1511
7823871649526,2025-04-29,1511
7823871649526,2025-04-30,1511
7823871649526,2025-05-01,1511
7823871649526,2025-05-02,1511
7823871649526,2025-05-03,1511
7823871649526,2025-05-04,1477
7823871649526,2025-05-05,1477
7823871649526,2025-05-06,1477
7823871649526,2025-05-07,1477
7823871649526,2025-05-08,1477
7823871649526,2025-05-09,1477
7823871649526,2025-05-10,1477
7823871649526,2025-05-11,1477
7823871649526,2025-05-12,1477
7823871649526,2025-05-13,1441
7823871649526,2025-05-14,1441
7823871649526,2025-05-15,1441
7823871649526,2025-05-16,1441
7823871649526,2025-05-17,1441
7823871649526,2025-05-18,1441
7823871649526,2025-05-19,1541
7823871649526,2025-05-20,1541
7823871649526,2025-05-21,1541
7823871649526,2025-05-22,1505
7823871649526,2025-05-23,1505
7823871649526,2025-05-24,1505
7823871649526,2025-05-25,1505
7823871649526,2025-05-26,1505
7823871649526,2025-05-27,1505
7823871649526,2025-05-28,1505
7823871649526,2025-05-29,1505
7823871649526,2025-05-30,1505
7823871649526,2025-05-31,1476
7823871649526,2025-06-01,1476
7823871649526,2025-06-02,1476
7823871649526,2025-06-03,1476
7823871649526,2025-06-04,1476
7823871649526,2025-06-05,1476
7823871649526,2025-06-06,1476
7823871649526,2025-06-07,1476
7823871649526,2025-06-08,1476
7823871649526,2025-06-09,1476
7823871649526,2025-06-10,1446
7823871649526,2025-06-11,1446
7823871649526,2025-06-12,1446
7823871649526,2025-06-13,1446
7823871649526,2025-06-14,1446
7823871649526,2025-06-15,1408
7823871649526,2025-06-16,1408
7823871649526,2025-06-17,1408
7823871649526,2025-06-18,1408
7823871649526,2025-06-19,1408
7823871649526,2025-06-20,1408
7823871649526,2025-06-21,1408
7823871649526,2025-06-22,1408
7823871649526,2025-06-23,1408
7823871649526,2025-06-24,1377
7823871649526,2025-06-25,1377
7823871649526,2025-06-26,1594
7823871649526,2025-06-27,1594
7823871649526,2025-06-28,1594
7823871649526,2025-06-29,1594
7823871649526,2025-06-30,1560
7823871649526,2025-07-01,1560
7823871649526,2025-07-02,1560
7823871649526,2025-07-03,1560
7823871649526,2025-07-04,1560
7823871649526,2025-07-05,1560
7823871649526,2025-07-06,1560
7823871649526,2025-07-07,1560
7823871649526,2025-07-08,1519
7823871649526,2025-07-09,1519
7823871649526,2025-07-10,1519
7823871649526,2025-07-11,1519
7823871649526,2025-07-12,1519
7823871649526,2025-07-13,1519
7823871649526,2025-07-14,1519
7823871649526,2025-07-15,1519
7823871649526,2025-07-16,1519
7823871649526,2025-07-17,1482
7823871649526,2025-07-18,1482
7823871649526,2025-07-19,1626
7823871649526,2025-07-20,1626
7823871649526,2025-07-21,1626
7823871649526,2025-07-22,1626
7823871649526,2025-07-23,1592
7823871649526,2025-07-24,1592
7823871649526,2025-07-25,1592
7823871649526,2025-07-26,1592
7823871649526,2025-07-27,1592
7823871649526,2025-07-28,1592
7823871649526,2025-07-29,1592
7823871649526,2025-07-30,1592
7823871649526,2025-07-31,1592
7823871649526,2025-08-01,1554
7823871649526,2025-08-02,1554
7823871649526,2025-08-03,1554
7823871649526,2025-08-04,1554
7823871649526,2025-08-05,1554
7823871649526,2025-08-06,1554
7823871649526,2025-08-07,1554
7823871649526,2025-08-08,1554
7823871649526,2025-08-09,1513
7823871649526,2025-08-10,1513
7823871649526,2025-08-11,1513
7823871649526,2025-08-12,1513
7823871649526,2025-08-13,1513
7823871649526,2025-08-14,1513
7823871649526,2025-08-15,1513
7823871649526,2025-08-16,1483
7823871649526,2025-08-17,1483
7823871649526,2025-08-18,1667
7823871649526,2025-08-19,1667
7823871649526,2025-08-20,1667
7823871649526,2025-08-21,1667
7823871649526,2025-08-22,1667
7823871649526,2025-08-23,1667
7823871649526,2025-08-24,1667
7823871649526,2025-08-25,1632
7823871649526,2025-08-26,1632
7823871649526,2025-08-27,1632
7823871649526,2025-08-28,1632
7823871649526,2025-08-29,1632
7823871649526,2025-08-30,1632
7823871649526,2025-08-31,1597
7823871649526,2025-09-01,1597
7823871649526,2025-09-02,1597
7823871649526,2025-09-03,1597
7823871649526,2025-09-04,1597
7823871649526,2025-09-05,1597
7823871649526,2025-09-06,1597
7823871649526,2025-09-07,1597
7823871649526,2025-09-08,1597
7823871649526,2025-09-09,1597
7823871649526,2025-09-10,1565
7823871649526,2025-09-11,1565
7823871649526,2025-09-12,1565
7823871649526,2025-09-13,1565
7823871649526,2025-09-14,1565
7823871649526,2025-09-15,1565
7823871649526,2025-09-16,1565
7823871649526,2025-09-17,1565
7823871649526,2025-09-18,1565
7823871649526,2025-09-19,1531
7823871649526,2025-09-20,1531
7823871649526,2025-09-21,1531
7823871649526,2025-09-22,1531
7823871649526,2025-09-23,1531
7823871649526,2025-09-24,1531
7823871649526,2025-09-25,1531
7823871649526,2025-09-26,1721
7823871649526,2025-09-27,1721
7823871649526,2025-09-28,1684
7823871649526,2025-09-29,1684
7823871649526,2025-09-30,1684
7823871649526,2025-10-01,1684
7823871649526,2025-10-02,1684
7823871649526,2025-10-03,1684
7823871649526,2025-10-04,1684
7823871649526,2025-10-05,1684
7823871649526,2025-10-06,1684
7823871649526,2025-10-07,1649
7823871649526,2025-10-08,1649
7823871649526,2025-10-09,1649
7823871649526,2025-10-10,1649
7823871649526,2025-10-11,1649
7823871649526,2025-10-12,1600
7823871649526,2025-10-13,1600
7823871649526,2025-10-14,1600
7823871649526,2025-10-15,1600
7823871649526,2025-10-16,1600
7823871649526,2025-10-17,1600
7823871649526,2025-10-18,1600
7823871649526,2025-10-19,1563
7823871649526,2025-10-20,1563
7823871649526,2025-10-21,1563
7823871649526,2025-10-22,1563
7823871649526,2025-10-23,1563
7823871649526,2025-10-24,1563
7823871649526,2025-10-25,1563
7823871649526,2025-10-26,1520
7823871649526,2025-10-27,1520
7823871649526,2025-10-28,1765
7823871649526,2025-10-29,1765
7823871649526,2025-10-30,1765
7823871649526,2025-10-31,1765
7823871649526,2025-11-01,1765
7823871649526,2025-11-02,1765
7823871649526,2025-11-03,1765
7823871649526,2025-11-04,1765
7823871649526,2025-11-05,1719
7823871649526,2025-11-06,1719
7823871649526,2025-11-07,1719
7823871649526,2025-11-08,1719
7823871649526,2025-11-09,1719
7823871649526,2025-11-10,1719
7823871649526,2025-11-11,1719
7823871649526,2025-11-12,1719
7823871649526,2025-11-13,1719
7823871649526,2025-11-14,1719
7823871649526,2025-11-15,1674
7823871649526,2025-11-16,1674
7823871649526,2025-11-17,1674
7823871649526,2025-11-18,1794
7823871649526,2025-11-19,1794
7823871649526,2025-11-20,1794
7823871649526,2025-11-21,1794
7823871649526,2025-11-22,1794
7823871649526,2025-11-23,1794
7823871649526,2025-11-24,1746
7823871649526,2025-11-25,1746
7823871649526,2025-11-26,1746
7823871649526,2025-11-27,1746
7823871649526,2025-11-28,1746
7823871649526,2025-11-29,1746
7823871649526,2025-11-30,1746
7823871649526,2025-12-01,1746
7823871649526,2025-12-02,1702
7823871649526,2025-12-03,1702
7823871649526,2025-12-04,1702
7823871649526,2025-12-05,1702
7823871649526,2025-12-06,1702
7823871649526,2025-12-07,1702
7823871649526,2025-12-08,1702
7823871649526,2025-12-09,1660
7823871649526,2025-12-10,1660
7823871649526,2025-12-11,1660
7823871649526,2025-12-12,1660
7823871649526,2025-12-13,1829
7823871649526,2025-12-14,1829
7823871649526,2025-12-15,1829
7823871649526,2025-12-16,1829
7823871649526,2025-12-17,1829
7823871649526,2025-12-18,1829
7823871649526,2025-12-19,1775
7823871649526,2025-12-20,1775
7823871649526,2025-12-21,1775
7823871649526,2025-12-22,1775
7823871649526,2025-12-23,1775
7823871649526,2025-12-24,1775
7823871649526,2025-12-25,1775
7823871649526,2025-12-26,1728
7823871649526,2025-12-27,1728
7823871649526,2025-12-28,1728
7823871649526,2025-12-29,1728
7823871649526,2025-12-30,1728
7823871649526,2025-12-31,1728
7823871649526,2026-01-01,1728
7823871649526,2026-01-02,1728
7823871649526,2026-01-03,1858
7823871649526,2026-01-04,1858
7823871649526,2026-01-05,1858
7823871649526,2026-01-06,1858
7823871649526,2026-01-07,1858
7823871649526,2026-01-08,1858
7823871649526,2026-01-09,1858
7823871649526,2026-01-10,1858
7823871649526,2026-01-11,1858
7823871649526,2026-01-12,1858
7823871649526,2026-01-13,1814
7823871649526,2026-01-14,1814
7823871649526,2026-01-15,1814
7823871649526,2026-01-16,1814
7823871649526,2026-01-17,1814
7823871649526,2026-01-18,1814
7823871649526,2026-01-19,1814
7823871649526,2026-01-20,1814
7823871649526,2026-01-21,1814
7823871649526,2026-01-22,1764
7823871649526,2026-01-23,1764
7823871649526,2026-01-24,1887
7823871649526,2026-01-25,1887
7823871649526,2026-01-26,1887
7823871649526,2026-01-27,1887
7823871649526,2026-01-28,1887
7823871649526,2026-01-29,1887
7823871649526,2026-01-30,1847
7823871649526,2026-01-31,1847
7823871649526,2026-02-01,1847
7823871649526,2026-02-02,1847
7823871649526,2026-02-03,1847
7823871649526,2026-02-04,1847
7823871649526,2026-02-05,1847
7823871649526,2026-02-06,1847
7823871649526,2026-02-07,1847
7823871649526,2026-02-08,1847
7823871649526,2026-02-09,1801
7823871649526,2026-02-10,1801
7823871649526,2026-02-11,1801
7823871649526,2026-02-12,1801
7823871649526,2026-02-13,1801
7823871649526,2026-02-14,1801
7823871649526,2026-02-15,1801
7823871649526,2026-02-16,1801
7823871649526,2026-02-17,1801
7823871649526,2026-02-18,1801
7823871649526,2026-02-19,1923
7823871649526,2026-02-20,1923
7823871649526,2026-02-21,1923
7823871649526,2026-02-22,1923
7823871649526,2026-02-23,1923
7823871649526,2026-02-24,1923
7823871649526,2026-02-25,1923
7823871649526,2026-02-26,1874
7823871649526,2026-02-27,1874
7823871649526,2026-02-28,1874
7823871649526,2026-03-01,1874
7823871649526,2026-03-02,1874
7823871649526,2026-03-03,1874
7823871649526,2026-03-04,1874
7823871649526,2026-03-05,1833
7823871649526,2026-03-06,1833
7823871649526,2026-03-07,1833
7823871649526,2026-03-08,1833
7823871649526,2026-03-09,1833
7823871649526,2026-03-10,1791
7823871649526,2026-03-11,1791
7823871649526,2026-03-12,1791
7823871649526,2026-03-13,1791
7823871649526,2026-03-14,1791
7823871649526,2026-03-15,1738
7823871649526,2026-03-16,1738
7823871649526,2026-03-17,1738
7823871649526,2026-03-18,1738
7823871649526,2026-03-19,1738
7823871649526,2026-03-20,1738
7823871649526,2026-03-21,1965
7823871649526,2026-03-22,1965
7823871649526,2026-03-23,1965
7823871649526,2026-03-24,1918
7823871649526,2026-03-25,1918
7823871649526,2026-03-26,1918
7823871649526,2026-03-27,1918
7823871649526,2026-03-28,1918
7823871649526,2026-03-29,1918
7823871649526,2026-03-30,1876
7823871649526,2026-03-31,1876
7823871649526,2026-04-01,1876
7823871649526,2026-04-02,1876
7823871649526,2026-04-03,1876
7823871649526,2026-04-04,1876
7823871649526,2026-04-05,1876
7823871649526,2026-04-06,1817
7823871649526,2026-04-07,1817
7823871649526,2026-04-08,1817
7823871649526,2026-04-09,1817
7823871649526,2026-04-10,1817
7823871649526,2026-04-11,1817
7823871649526,2026-04-12,1760
7823871649526,2026-04-13,1760
7823871649526,2026-04-14,1760
7823871649526,2026-04-15,1760
7823871649526,2026-04-16,1760
7823871649526,2026-04-17,1760
7823871649526,2026-04-18,1760
7823871649526,2026-04-19,2005
7823871649526,2026-04-20,1955
7823871649526,2026-04-21,1955
7823871649526,2026-04-22,1955
7823871649526,2026-04-23,1955
7823871649526,2026-04-24,1955
7823871649526,2026-04-25,1955
7823871649526,2026-04-26,1955
7823871649526,2026-04-27,1955
7823871649526,2026-04-28,1955
7823871649526,2026-04-29,1955
7823871649526,2026-04-30,1903
7823871649526,2026-05-01,1903
7823871649526,2026-05-02,1903
7823871649526,2026-05-03,1903
7823871649526,2026-05-04,1903
7823871649526,2026-05-05,1903
7823871649526,2026-05-06,1903
7823871649526,2026-05-07,1903
7823871649526,2026-05-08,1860
7823871649526,2026-05-09,1860
7823871649526,2026-05-10,1860
7823871649526,2026-05-11,1860
7823871649526,2026-05-12,1860
7823871649526,2026-05-13,1860
7823871649526,2026-05-14,1860
7823871649526,2026-05-15,1860
7823871649526,2026-05-16,1816
7823871649526,2026-05-17,2044
7823871649526,2026-05-18,2044
7823871649526,2026-05-19,2044
7823871649526,2026-05-20,2044
7823871649526,2026-05-21,2044
7823871649526,2026-05-22,2044
7823871649526,2026-05-23,2044
7823871649526,2026-05-24,1993
7823871649526,2026-05-25,1993
7823871649526,2026-05-26,1993
7823871649526,2026-05-27,1993
7823871649526,2026-05-28,1993
7823871649526,2026-05-29,1993
7823871649526,2026-05-30,1936
7823871649526,2026-05-31,1936
7823871649526,2026-06-01,1936
7823871649526,2026-06-02,1936
7823871649526,2026-06-03,1936
7823871649526,2026-06-04,1936
7823871649526,2026-06-05,1936
7823871649526,2026-06-06,1886
7823871649526,2026-06-07,1886
7823871649526,2026-06-08,1886
7823871649526,2026-06-09,1886
7823871649526,2026-06-10,1886
7823871649526,2026-06-11,1886
7823871649526,2026-06-12,1886
7823871649526,2026-06-13,1841
7823871649526,2026-06-14,2083
7823871649526,2026-06-15,2083
7823871649526,2026-06-16,2083
7823871649526,2026-06-17,2083
7823871649526,2026-06-18,2083
7823871649526,2026-06-19,2083
7823871649526,2026-06-20,2083
7823871649526,2026-06-21,2031
7823871649526,2026-06-22,2031
7823871649526,2026-06-23,2031
7823871649526,2026-06-24,2031
7823871649526,2026-06-25,2031
7823871649526,2026-06-26,2031
7823871649526,2026-06-27,2031
7823871649526,2026-06-28,2031
7823871649526,2026-06-29,2031
7823871649526,2026-06-30,1976
7823871649526,2026-07-01,1976
7827593286418,2024-01-01,886
7827593286418,2024-01-02,886
7827593286418,2024-01-03,886
7827593286418,2024-01-04,886
7827593286418,2024-01-05,886
7827593286418,2024-01-06,877
7827593286418,2024-01-07,877
7827593286418,2024-01-08,877
7827593286418,2024-01-09,877
7827593286418,2024-01-10,877
7827593286418,2024-01-11,877
7827593286418,2024-01-12,877
7827593286418,2024-01-13,877
7827593286418,2024-01-14,877
7827593286418,2024-01-15,864
7827593286418,2024-01-16,864
7827593286418,2024-01-17,864
7827593286418,2024-01-18,864
7827593286418,2024-01-19,864
7827593286418,2024-01-20,864
7827593286418,2024-01-21,852
7827593286418,2024-01-22,852
7827593286418,2024-01-23,852
7827593286418,2024-01-24,852
7827593286418,2024-01-25,852
7827593286418,2024-01-26,852
7827593286418,2024-01-27,835
7827593286418,2024-01-28,835
7827593286418,2024-01-29,835
7827593286418,2024-01-30,835
7827593286418,2024-01-31,835
7827593286418,2024-02-01,835
7827593286418,2024-02-02,835
7827593286418,2024-02-03,835
7827593286418,2024-02-04,825
7827593286418,2024-02-05,825
7827593286418,2024-02-06,825
7827593286418,2024-02-07,825
7827593286418,2024-02-08,825
7827593286418,2024-02-09,825
7827593286418,2024-02-10,809
7827593286418,2024-02-11,809
7827593286418,2024-02-12,809
7827593286418,2024-02-13,809
7827593286418,2024-02-14,809
7827593286418,2024-02-15,809
7827593286418,2024-02-16,809
7827593286418,2024-02-17,809
7827593286418,2024-02-18,797
7827593286418,2024-02-19,797
7827593286418,2024-02-20,797
7827593286418,2024-02-21,797
7827593286418,2024-02-22,797
7827593286418,2024-02-23,797
7827593286418,2024-02-24,797
7827593286418,2024-02-25,783
7827593286418,2024-02-26,783
7827593286418,2024-02-27,783
7827593286418,2024-02-28,783
7827593286418,2024-02-29,783
7827593286418,2024-03-01,783
7827593286418,2024-03-02,783
7827593286418,2024-03-03,783
7827593286418,2024-03-04,769
7827593286418,2024-03-05,769
7827593286418,2024-03-06,769
7827593286418,2024-03-07,769
7827593286418,2024-03-08,769
7827593286418,2024-03-09,769
7827593286418,2024-03-10,769
7827593286418,2024-03-11,757
7827593286418,2024-03-12,757
7827593286418,2024-03-13,757
7827593286418,2024-03-14,757
7827593286418,2024-03-15,757
7827593286418,2024-03-16,744
7827593286418,2024-03-17,744
7827593286418,2024-03-18,744
7827593286418,2024-03-19,744
7827593286418,2024-03-20,744
7827593286418,2024-03-21,731
7827593286418,2024-03-22,731
7827593286418,2024-03-23,731
7827593286418,2024-03-24,731
7827593286418,2024-03-25,731
7827593286418,2024-03-26,731
7827593286418,2024-03-27,722
7827593286418,2024-03-28,722
7827593286418,2024-03-29,722
7827593286418,2024-03-30,722
7827593286418,2024-03-31,722
7827593286418,2024-04-01,722
7827593286418,2024-04-02,704
7827593286418,2024-04-03,704
7827593286418,2024-04-04,704
7827593286418,2024-04-05,704
7827593286418,2024-04-06,704
7827593286418,2024-04-07,704
7827593286418,2024-04-08,686
7827593286418,2024-04-09,686
7827593286418,2024-04-10,686
7827593286418,2024-04-11,686
7827593286418,2024-04-12,686
7827593286418,2024-04-13,686
7827593286418,2024-04-14,686
7827593286418,2024-04-15,686
7827593286418,2024-04-16,664
7827593286418,2024-04-17,664
7827593286418,2024-04-18,664
7827593286418,2024-04-19,664
7827593286418,2024-04-20,664
7827593286418,2024-04-21,664
7827593286418,2024-04-22,664
7827593286418,2024-04-23,664
7827593286418,2024-04-24,664
7827593286418,2024-04-25,664
7827593286418,2024-04-26,648
7827593286418,2024-04-27,648
7827593286418,2024-04-28,648
7827593286418,2024-04-29,648
7827593286418,2024-04-30,648
7827593286418,2024-05-01,648
7827593286418,2024-05-02,648
7827593286418,2024-05-03,648
7827593286418,2024-05-04,631
7827593286418,2024-05-05,631
7827593286418,2024-05-06,631
7827593286418,2024-05-07,631
7827593286418,2024-05-08,631
7827593286418,2024-05-09,631
7827593286418,2024-05-10,631
7827593286418,2024-05-11,611
7827593286418,2024-05-12,611
7827593286418,2024-05-13,611
7827593286418,2024-05-14,611
7827593286418,2024-05-15,611
7827593286418,2024-05-16,611
7827593286418,2024-05-17,611
7827593286418,2024-05-18,611
7827593286418,2024-05-19,611
7827593286418,2024-05-20,595
7827593286418,2024-05-21,595
7827593286418,2024-05-22,595
7827593286418,2024-05-23,595
7827593286418,2024-05-24,595
7827593286418,2024-05-25,595
7827593286418,2024-05-26,575
7827593286418,2024-05-27,575
7827593286418,2024-05-28,575
7827593286418,2024-05-29,575
7827593286418,2024-05-30,575
7827593286418,2024-05-31,575
7827593286418,2024-06-01,575
7827593286418,2024-06-02,557
7827593286418,2024-06-03,557
7827593286418,2024-06-04,557
7827593286418,2024-06-05,557
7827593286418,2024-06-06,557
7827593286418,2024-06-07,557
7827593286418,2024-06-08,557
7827593286418,2024-06-09,540
7827593286418,2024-06-10,540
7827593286418,2024-06-11,540
7827593286418,2024-06-12,540
7827593286418,2024-06-13,540
7827593286418,2024-06-14,540
7827593286418,2024-06-15,540
7827593286418,2024-06-16,527
7827593286418,2024-06-17,527
7827593286418,2024-06-18,527
7827593286418,2024-06-19,527
7827593286418,2024-06-20,527
7827593286418,2024-06-21,527
7827593286418,2024-06-22,527
7827593286418,2024-06-23,527
7827593286418,2024-06-24,509
7827593286418,2024-06-25,509
7827593286418,2024-06-26,509
7827593286418,2024-06-27,509
7827593286418,2024-06-28,509
7827593286418,2024-06-29,478
7827593286418,2024-06-30,478
7827593286418,2024-07-01,478
7827593286418,2024-07-02,478
7827593286418,2024-07-03,478
7827593286418,2024-07-04,478
7827593286418,2024-07-05,478
7827593286418,2024-07-06,478
7827593286418,2024-07-07,478
7827593286418,2024-07-08,558
7827593286418,2024-07-09,558
7827593286418,2024-07-10,558
7827593286418,2024-07-11,558
7827593286418,2024-07-12,558
7827593286418,2024-07-13,543
7827593286418,2024-07-14,543
7827593286418,2024-07-15,543
7827593286418,2024-07-16,543
7827593286418,2024-07-17,543
7827593286418,2024-07-18,543
7827593286418,2024-07-19,543
7827593286418,2024-07-20,543
7827593286418,2024-07-21,521
7827593286418,2024-07-22,521
7827593286418,2024-07-23,521
7827593286418,2024-07-24,521
7827593286418,2024-07-25,521
7827593286418,2024-07-26,521
7827593286418,2024-07-27,521
7827593286418,2024-07-28,521
7827593286418,2024-07-29,504
7827593286418,2024-07-30,504
7827593286418,2024-07-31,574
7827593286418,2024-08-01,574
7827593286418,2024-08-02,574
7827593286418,2024-08-03,574
7827593286418,2024-08-04,568
7827593286418,2024-08-05,568
7827593286418,2024-08-06,568
7827593286418,2024-08-07,568
7827593286418,2024-08-08,568
7827593286418,2024-08-09,543
7827593286418,2024-08-10,543
7827593286418,2024-08-11,543
7827593286418,2024-08-12,543
7827593286418,2024-08-13,543
7827593286418,2024-08-14,543
7827593286418,2024-08-15,543
7827593286418,2024-08-16,515
7827593286418,2024-08-17,515
7827593286418,2024-08-18,515
7827593286418,2024-08-19,515
7827593286418,2024-08-20,515
7827593286418,2024-08-21,515
7827593286418,2024-08-22,515
7827593286418,2024-08-23,515
7827593286418,2024-08-24,483
7827593286418,2024-08-25,483
7827593286418,2024-08-26,593
7827593286418,2024-08-27,593
7827593286418,2024-08-28,593
7827593286418,2024-08-29,593
7827593286418,2024-08-30,593
7827593286418,2024-08-31,575
7827593286418,2024-09-01,575
7827593286418,2024-09-02,575
7827593286418,2024-09-03,575
7827593286418,2024-09-04,575
7827593286418,2024-09-05,575
7827593286418,2024-09-06,547
7827593286418,2024-09-07,547
7827593286418,2024-09-08,547
7827593286418,2024-09-09,547
7827593286418,2024-09-10,547
7827593286418,2024-09-11,547
7827593286418,2024-09-12,547
7827593286418,2024-09-13,524
7827593286418,2024-09-14,524
7827593286418,2024-09-15,524
7827593286418,2024-09-16,524
7827593286418,2024-09-17,524
7827593286418,2024-09-18,524
7827593286418,2024-09-19,504
7827593286418,2024-09-20,504
7827593286418,2024-09-21,504
7827593286418,2024-09-22,504
7827593286418,2024-09-23,504
7827593286418,2024-09-24,504
7827593286418,2024-09-25,485
7827593286418,2024-09-26,485
7827593286418,2024-09-27,485
7827593286418,2024-09-28,485
7827593286418,2024-09-29,616
7827593286418,2024-09-30,616
7827593286418,2024-10-01,616
7827593286418,2024-10-02,616
7827593286418,2024-10-03,616
7827593286418,2024-10-04,616
7827593286418,2024-10-05,591
7827593286418,2024-10-06,591
7827593286418,2024-10-07,591
7827593286418,2024-10-08,591
7827593286418,2024-10-09,591
7827593286418,2024-10-10,591
7827593286418,2024-10-11,591
7827593286418,2024-10-12,591
7827593286418,2024-10-13,591
7827593286418,2024-10-14,568
7827593286418,2024-10-15,568
7827593286418,2024-10-16,568
7827593286418,2024-10-17,568
7827593286418,2024-10-18,568
7827593286418,2024-10-19,568
7827593286418,2024-10-20,568
7827593286418,2024-10-21,542
7827593286418,2024-10-22,632
7827593286418,2024-10-23,632
7827593286418,2024-10-24,632
7827593286418,2024-10-25,632
7827593286418,2024-10-26,632
7827593286418,2024-10-27,632
7827593286418,2024-10-28,632
7827593286418,2024-10-29,599
7827593286418,2024-10-30,599
7827593286418,2024-10-31,599
7827593286418,2024-11-01,599
7827593286418,2024-11-02,599
7827593286418,2024-11-03,599
7827593286418,2024-11-04,581
7827593286418,2024-11-05,581
7827593286418,2024-11-06,581
7827593286418,2024-11-07,581
7827593286418,2024-11-08,581
7827593286418,2024-11-09,581
7827593286418,2024-11-10,581
7827593286418,2024-11-11,581
7827593286418,2024-11-12,581
7827593286418,2024-11-13,581
7827593286418,2024-11-14,552
7827593286418,2024-11-15,552
7827593286418,2024-11-16,552
7827593286418,2024-11-17,552
7827593286418,2024-11-18,552
7827593286418,2024-11-19,552
7827593286418,2024-11-20,552
7827593286418,2024-11-21,653
7827593286418,2024-11-22,621
7827593286418,2024-11-23,621
7827593286418,2024-11-24,621
7827593286418,2024-11-25,621
7827593286418,2024-11-26,621
7827593286418,2024-11-27,621
7827593286418,2024-11-28,621
7827593286418,2024-11-29,621
7827593286418,2024-11-30,621
7827593286418,2024-12-01,621
7827593286418,2024-12-02,593
7827593286418,2024-12-03,593
7827593286418,2024-12-04,593
7827593286418,2024-12-05,593
7827593286418,2024-12-06,593
7827593286418,2024-12-07,593
7827593286418,2024-12-08,569
7827593286418,2024-12-09,569
7827593286418,2024-12-10,569
7827593286418,2024-12-11,569
7827593286418,2024-12-12,569
7827593286418,2024-12-13,569
7827593286418,2024-12-14,569
7827593286418,2024-12-15,569
7827593286418,2024-12-16,569
7827593286418,2024-12-17,539
7827593286418,2024-12-18,539
7827593286418,2024-12-19,539
7827593286418,2024-12-20,539
7827593286418,2024-12-21,539
7827593286418,2024-12-22,539
7827593286418,2024-12-23,513
7827593286418,2024-12-24,513
7827593286418,2024-12-25,513
7827593286418,2024-12-26,513
7827593286418,2024-12-27,513
7827593286418,2024-12-28,679
7827593286418,2024-12-29,679
7827593286418,2024-12-30,679
7827593286418,2024-12-31,679
7827593286418,2025-01-01,649
7827593286418,2025-01-02,649
7827593286418,2025-01-03,649
7827593286418,2025-01-04,649
7827593286418,2025-01-05,649
7827593286418,2025-01-06,649
7827593286418,2025-01-07,649
7827593286418,2025-01-08,649
7827593286418,2025-01-09,649
7827593286418,2025-01-10,623
7827593286418,2025-01-11,623
7827593286418,2025-01-12,623
7827593286418,2025-01-13,623
7827593286418,2025-01-14,623
7827593286418,2025-01-15,623
7827593286418,2025-01-16,623
7827593286418,2025-01-17,591
7827593286418,2025-01-18,591
7827593286418,2025-01-19,591
7827593286418,2025-01-20,591
7827593286418,2025-01-21,591
7827593286418,2025-01-22,551
7827593286418,2025-01-23,551
7827593286418,2025-01-24,698
7827593286418,2025-01-25,698
7827593286418,2025-01-26,698
7827593286418,2025-01-27,698
7827593286418,2025-01-28,698
7827593286418,2025-01-29,667
7827593286418,2025-01-30,667
7827593286418,2025-01-31,667
7827593286418,2025-02-01,667
7827593286418,2025-02-02,667
7827593286418,2025-02-03,667
7827593286418,2025-02-04,667
7827593286418,2025-02-05,667
7827593286418,2025-02-06,667
7827593286418,2025-02-07,667
7827593286418,2025-02-08,643
7827593286418,2025-02-09,643
7827593286418,2025-02-10,643
7827593286418,2025-02-11,643
7827593286418,2025-02-12,643
7827593286418,2025-02-13,643
7827593286418,2025-02-14,643
7827593286418,2025-02-15,608
7827593286418,2025-02-16,608
7827593286418,2025-02-17,608
7827593286418,2025-02-18,608
7827593286418,2025-02-19,608
7827593286418,2025-02-20,608
7827593286418,2025-02-21,608
7827593286418,2025-02-22,719
7827593286418,2025-02-23,719
7827593286418,2025-02-24,719
7827593286418,2025-02-25,683
7827593286418,2025-02-26,683
7827593286418,2025-02-27,683
7827593286418,2025-02-28,683
7827593286418,2025-03-01,683
7827593286418,2025-03-02,660
7827593286418,2025-03-03,660
7827593286418,2025-03-04,660
7827593286418,2025-03-05,660
7827593286418,2025-03-06,660
7827593286418,2025-03-07,628
7827593286418,2025-03-08,628
7827593286418,2025-03-09,628
7827593286418,2025-03-10,628
7827593286418,2025-03-11,628
7827593286418,2025-03-12,628
7827593286418,2025-03-13,628
7827593286418,2025-03-14,628
7827593286418,2025-03-15,628
7827593286418,2025-03-16,628
7827593286418,2025-03-17,595
7827593286418,2025-03-18,735
7827593286418,2025-03-19,735
7827593286418,2025-03-20,735
7827593286418,2025-03-21,735
7827593286418,2025-03-22,735
7827593286418,2025-03-23,735
7827593286418,2025-03-24,735
7827593286418,2025-03-25,703
7827593286418,2025-03-26,703
7827593286418,2025-03-27,703
7827593286418,2025-03-28,703
7827593286418,2025-03-29,703
7827593286418,2025-03-30,703
7827593286418,2025-03-31,703
7827593286418,2025-04-01,703
7827593286418,2025-04-02,703
7827593286418,2025-04-03,703
7827593286418,2025-04-04,678
7827593286418,2025-04-05,678
7827593286418,2025-04-06,678
7827593286418,2025-04-07,678
7827593286418,2025-04-08,678
7827593286418,2025-04-09,678
7827593286418,2025-04-10,678
7827593286418,2025-04-11,678
7827593286418,2025-04-12,678
7827593286418,2025-04-13,678
7827593286418,2025-04-14,639
7827593286418,2025-04-15,639
7827593286418,2025-04-16,756
7827593286418,2025-04-17,756
7827593286418,2025-04-18,756
7827593286418,2025-04-19,756
7827593286418,2025-04-20,756
7827593286418,2025-04-21,756
7827593286418,2025-04-22,756
7827593286418,2025-04-23,725
7827593286418,2025-04-24,725
7827593286418,2025-04-25,725
7827593286418,2025-04-26,725
7827593286418,2025-04-27,725
7827593286418,2025-04-28,725
7827593286418,2025-04-29,725
7827593286418,2025-04-30,725
7827593286418,2025-05-01,700
7827593286418,2025-05-02,700
7827593286418,2025-05-03,700
7827593286418,2025-05-04,700
7827593286418,2025-05-05,700
7827593286418,2025-05-06,700
7827593286418,2025-05-07,664
7827593286418,2025-05-08,771
7827593286418,2025-05-09,771
7827593286418,2025-05-10,771
7827593286418,2025-05-11,771
7827593286418,2025-05-12,771
7827593286418,2025-05-13,743
7827593286418,2025-05-14,743
7827593286418,2025-05-15,743
7827593286418,2025-05-16,743
7827593286418,2025-05-17,743
7827593286418,2025-05-18,743
7827593286418,2025-05-19,716
7827593286418,2025-05-20,716
7827593286418,2025-05-21,716
7827593286418,2025-05-22,716
7827593286418,2025-05-23,716
7827593286418,2025-05-24,716
7827593286418,2025-05-25,716
7827593286418,2025-05-26,716
7827593286418,2025-05-27,681
7827593286418,2025-05-28,681
7827593286418,2025-05-29,681
7827593286418,2025-05-30,681
7827593286418,2025-05-31,681
7827593286418,2025-06-01,681
7827593286418,2025-06-02,681
7827593286418,2025-06-03,681
7827593286418,2025-06-04,681
7827593286418,2025-06-05,644
7827593286418,2025-06-06,791
7827593286418,2025-06-07,791
7827593286418,2025-06-08,791
7827593286418,2025-06-09,791
7827593286418,2025-06-10,791
7827593286418,2025-06-11,791
7827593286418,2025-06-12,791
7827593286418,2025-06-13,791
7827593286418,2025-06-14,760
7827593286418,2025-06-15,760
7827593286418,2025-06-16,760
7827593286418,2025-06-17,760
7827593286418,2025-06-18,760
7827593286418,2025-06-19,760
7827593286418,2025-06-20,760
7827593286418,2025-06-21,760
7827593286418,2025-06-22,734
7827593286418,2025-06-23,734
7827593286418,2025-06-24,734
7827593286418,2025-06-25,734
7827593286418,2025-06-26,734
7827593286418,2025-06-27,734
7827593286418,2025-06-28,734
7827593286418,2025-06-29,701
7827593286418,2025-06-30,701
7827593286418,2025-07-01,701
7827593286418,2025-07-02,701
7827593286418,2025-07-03,701
7827593286418,2025-07-04,673
7827593286418,2025-07-05,673
7827593286418,2025-07-06,673
7827593286418,2025-07-07,673
7827593286418,2025-07-08,814
7827593286418,2025-07-09,776
7827593286418,2025-07-10,776
7827593286418,2025-07-11,776
7827593286418,2025-07-12,776
7827593286418,2025-07-13,776
7827593286418,2025-07-14,753
7827593286418,2025-07-15,753
7827593286418,2025-07-16,753
7827593286418,2025-07-17,753
7827593286418,2025-07-18,753
7827593286418,2025-07-19,753
7827593286418,2025-07-20,753
7827593286418,2025-07-21,721
7827593286418,2025-07-22,721
7827593286418,2025-07-23,721
7827593286418,2025-07-24,721
7827593286418,2025-07-25,721
7827593286418,2025-07-26,679
7827593286418,2025-07-27,679
7827593286418,2025-07-28,679
7827593286418,2025-07-29,679
7827593286418,2025-07-30,679
7827593286418,2025-07-31,679
7827593286418,2025-08-01,679
7827593286418,2025-08-02,679
7827593286418,2025-08-03,650
7827593286418,2025-08-04,650
7827593286418,2025-08-05,650
7827593286418,2025-08-06,650
7827593286418,2025-08-07,650
7827593286418,2025-08-08,650
7827593286418,2025-08-09,619
7827593286418,2025-08-10,619
7827593286418,2025-08-11,619
7827593286418,2025-08-12,619
7827593286418,2025-08-13,619
7827593286418,2025-08-14,619
7827593286418,2025-08-15,619
7827593286418,2025-08-16,841
7827593286418,2025-08-17,841
7827593286418,2025-08-18,841
7827593286418,2025-08-19,841
7827593286418,2025-08-20,841
7827593286418,2025-08-21,841
7827593286418,2025-08-22,810
7827593286418,2025-08-23,810
7827593286418,2025-08-24,810
7827593286418,2025-08-25,810
7827593286418,2025-08-26,810
7827593286418,2025-08-27,810
7827593286418,2025-08-28,810
7827593286418,2025-08-29,810
7827593286418,2025-08-30,810
7827593286418,2025-08-31,769
7827593286418,2025-09-01,769
7827593286418,2025-09-02,769
7827593286418,2025-09-03,769
7827593286418,2025-09-04,769
7827593286418,2025-09-05,769
7827593286418,2025-09-06,734
7827593286418,2025-09-07,734
7827593286418,2025-09-08,734
7827593286418,2025-09-09,734
7827593286418,2025-09-10,734
7827593286418,2025-09-11,734
7827593286418,2025-09-12,734
7827593286418,2025-09-13,861
7827593286418,2025-09-14,861
7827593286418,2025-09-15,861
7827593286418,2025-09-16,861
7827593286418,2025-09-17,861
7827593286418,2025-09-18,861
7827593286418,2025-09-19,861
7827593286418,2025-09-20,861
7827593286418,2025-09-21,861
7827593286418,2025-09-22,861
7827593286418,2025-09-23,822
7827593286418,2025-09-24,822
7827593286418,2025-09-25,822
7827593286418,2025-09-26,822
7827593286418,2025-09-27,822
7827593286418,2025-09-28,822
7827593286418,2025-09-29,822
7827593286418,2025-09-30,822
7827593286418,2025-10-01,822
7827593286418,2025-10-02,822
7827593286418,2025-10-03,782
7827593286418,2025-10-04,782
7827593286418,2025-10-05,782
7827593286418,2025-10-06,782
7827593286418,2025-10-07,782
7827593286418,2025-10-08,782
7827593286418,2025-10-09,782
7827593286418,2025-10-10,782
7827593286418,2025-10-11,742
7827593286418,2025-10-12,742
7827593286418,2025-10-13,742
7827593286418,2025-10-14,742
7827593286418,2025-10-15,742
7827593286418,2025-10-16,742
7827593286418,2025-10-17,742
7827593286418,2025-10-18,742
7827593286418,2025-10-19,707
7827593286418,2025-10-20,707
7827593286418,2025-10-21,707
7827593286418,2025-10-22,707
7827593286418,2025-10-23,889
7827593286418,2025-10-24,849
7827593286418,2025-10-25,849
7827593286418,2025-10-26,849
7827593286418,2025-10-27,849
7827593286418,2025-10-28,849
7827593286418,2025-10-29,849
7827593286418,2025-10-30,849
7827593286418,2025-10-31,805
7827593286418,2025-11-01,805
7827593286418,2025-11-02,805
7827593286418,2025-11-03,805
7827593286418,2025-11-04,805
7827593286418,2025-11-05,805
7827593286418,2025-11-06,805
7827593286418,2025-11-07,765
7827593286418,2025-11-08,765
7827593286418,2025-11-09,765
7827593286418,2025-11-10,765
7827593286418,2025-11-11,765
7827593286418,2025-11-12,765
7827593286418,2025-11-13,765
7827593286418,2025-11-14,765
7827593286418,2025-11-15,765
7827593286418,2025-11-16,765
7827593286418,2025-11-17,721
7827593286418,2025-11-18,721
7827593286418,2025-11-19,721
7827593286418,2025-11-20,721
7827593286418,2025-11-21,721
7827593286418,2025-11-22,721
7827593286418,2025-11-23,721
7827593286418,2025-11-24,721
7827593286418,2025-11-25,912
7827593286418,2025-11-26,912
7827593286418,2025-11-27,912
7827593286418,2025-11-28,912
7827593286418,2025-11-29,912
7827593286418,2025-11-30,869
7827593286418,2025-12-01,869
7827593286418,2025-12-02,869
7827593286418,2025-12-03,869
7827593286418,2025-12-04,869
7827593286418,2025-12-05,869
7827593286418,2025-12-06,869
7827593286418,2025-12-07,821
7827593286418,2025-12-08,821
7827593286418,2025-12-09,821
7827593286418,2025-12-10,821
7827593286418,2025-12-11,821
7827593286418,2025-12-12,821
7827593286418,2025-12-13,821
7827593286418,2025-12-14,821
7827593286418,2025-12-15,821
7827593286418,2025-12-16,821
7827593286418,2025-12-17,773
7827593286418,2025-12-18,773
7827593286418,2025-12-19,773
7827593286418,2025-12-20,773
7827593286418,2025-12-21,773
7827593286418,2025-12-22,773
7827593286418,2025-12-23,728
7827593286418,2025-12-24,728
7827593286418,2025-12-25,728
7827593286418,2025-12-26,728
7827593286418,2025-12-27,728
7827593286418,2025-12-28,728
7827593286418,2025-12-29,728
7827593286418,2025-12-30,728
7827593286418,2025-12-31,687
7827593286418,2026-01-01,938
7827593286418,2026-01-02,938
7827593286418,2026-01-03,938
7827593286418,2026-01-04,938
7827593286418,2026-01-05,901
7827593286418,2026-01-06,901
7827593286418,2026-01-07,901
7827593286418,2026-01-08,901
7827593286418,2026-01-09,901
7827593286418,2026-01-10,901
7827593286418,2026-01-11,901
7827593286418,2026-01-12,901
7827593286418,2026-01-13,901
7827593286418,2026-01-14,901
7827593286418,2026-01-15,864
7827593286418,2026-01-16,864
7827593286418,2026-01-17,864
7827593286418,2026-01-18,864
7827593286418,2026-01-19,864
7827593286418,2026-01-20,864
7827593286418,2026-01-21,864
7827593286418,2026-01-22,864
7827593286418,2026-01-23,864
7827593286418,2026-01-24,864
7827593286418,2026-01-25,829
7827593286418,2026-01-26,829
7827593286418,2026-01-27,829
7827593286418,2026-01-28,829
7827593286418,2026-01-29,829
7827593286418,2026-01-30,829
7827593286418,2026-01-31,829
7827593286418,2026-02-01,829
7827593286418,2026-02-02,829
7827593286418,2026-02-03,829
7827593286418,2026-02-04,788
7827593286418,2026-02-05,788
7827593286418,2026-02-06,788
7827593286418,2026-02-07,788
7827593286418,2026-02-08,788
7827593286418,2026-02-09,737
7827593286418,2026-02-10,966
7827593286418,2026-02-11,966
7827593286418,2026-02-12,966
7827593286418,2026-02-13,966
7827593286418,2026-02-14,966
7827593286418,2026-02-15,927
7827593286418,2026-02-16,927
7827593286418,2026-02-17,927
7827593286418,2026-02-18,927
7827593286418,2026-02-19,927
7827593286418,2026-02-20,927
7827593286418,2026-02-21,927
7827593286418,2026-02-22,927
7827593286418,2026-02-23,927
7827593286418,2026-02-24,927
7827593286418,2026-02-25,881
7827593286418,2026-02-26,881
7827593286418,2026-02-27,881
7827593286418,2026-02-28,881
7827593286418,2026-03-01,881
7827593286418,2026-03-02,881
7827593286418,2026-03-03,881
7827593286418,2026-03-04,830
7827593286418,2026-03-05,830
7827593286418,2026-03-06,830
7827593286418,2026-03-07,830
7827593286418,2026-03-08,830
7827593286418,2026-03-09,830
7827593286418,2026-03-10,830
7827593286418,2026-03-11,830
7827593286418,2026-03-12,830
7827593286418,2026-03-13,790
7827593286418,2026-03-14,790
7827593286418,2026-03-15,790
7827593286418,2026-03-16,790
7827593286418,2026-03-17,790
7827593286418,2026-03-18,790
7827593286418,2026-03-19,992
7827593286418,2026-03-20,992
7827593286418,2026-03-21,992
7827593286418,2026-03-22,952
7827593286418,2026-03-23,952
7827593286418,2026-03-24,952
7827593286418,2026-03-25,952
7827593286418,2026-03-26,952
7827593286418,2026-03-27,952
7827593286418,2026-03-28,952
7827593286418,2026-03-29,952
7827593286418,2026-03-30,952
7827593286418,2026-03-31,903
7827593286418,2026-04-01,903
7827593286418,2026-04-02,903
7827593286418,2026-04-03,903
7827593286418,2026-04-04,903
7827593286418,2026-04-05,903
7827593286418,2026-04-06,850
7827593286418,2026-04-07,850
7827593286418,2026-04-08,850
7827593286418,2026-04-09,850
7827593286418,2026-04-10,850
7827593286418,2026-04-11,850
7827593286418,2026-04-12,850
7827593286418,2026-04-13,850
7827593286418,2026-04-14,850
7827593286418,2026-04-15,809
7827593286418,2026-04-16,809
7827593286418,2026-04-17,809
7827593286418,2026-04-18,809
7827593286418,2026-04-19,809
7827593286418,2026-04-20,767
7827593286418,2026-04-21,767
7827593286418,2026-04-22,767
7827593286418,2026-04-23,767
7827593286418,2026-04-24,767
7827593286418,2026-04-25,767
7827593286418,2026-04-26,1018
7827593286418,2026-04-27,1018
7827593286418,2026-04-28,957
7827593286418,2026-04-29,957
7827593286418,2026-04-30,957
7827593286418,2026-05-01,957
7827593286418,2026-05-02,957
7827593286418,2026-05-03,957
7827593286418,2026-05-04,957
7827593286418,2026-05-05,957
7827593286418,2026-05-06,957
7827593286418,2026-05-07,957
7827593286418,2026-05-08,905
7827593286418,2026-05-09,905
7827593286418,2026-05-10,905
7827593286418,2026-05-11,905
7827593286418,2026-05-12,905
7827593286418,2026-05-13,905
7827593286418,2026-05-14,905
7827593286418,2026-05-15,853
7827593286418,2026-05-16,853
7827593286418,2026-05-17,853
7827593286418,2026-05-18,853
7827593286418,2026-05-19,853
7827593286418,2026-05-20,853
7827593286418,2026-05-21,853
7827593286418,2026-05-22,853
7827593286418,2026-05-23,806
7827593286418,2026-05-24,806
7827593286418,2026-05-25,806
7827593286418,2026-05-26,806
7827593286418,2026-05-27,806
7827593286418,2026-05-28,806
7827593286418,2026-05-29,761
7827593286418,2026-05-30,761
7827593286418,2026-05-31,761
7827593286418,2026-06-01,761
7827593286418,2026-06-02,761
7827593286418,2026-06-03,1045
7827593286418,2026-06-04,1045
7827593286418,2026-06-05,1045
7827593286418,2026-06-06,1045
7827593286418,2026-06-07,1045
7827593286418,2026-06-08,1045
7827593286418,2026-06-09,1045
7827593286418,2026-06-10,1045
7827593286418,2026-06-11,1045
7827593286418,2026-06-12,1005
7827593286418,2026-06-13,1005
7827593286418,2026-06-14,1005
7827593286418,2026-06-15,1005
7827593286418,2026-06-16,1005
7827593286418,2026-06-17,1005
7827593286418,2026-06-18,1005
7827593286418,2026-06-19,1005
7827593286418,2026-06-20,1005
7827593286418,2026-06-21,1005
7827593286418,2026-06-22,948
7827593286418,2026-06-23,948
7827593286418,2026-06-24,948
7827593286418,2026-06-25,948
7827593286418,2026-06-26,948
7827593286418,2026-06-27,948
7827593286418,2026-06-28,900
7827593286418,2026-06-29,900
7827593286418,2026-06-30,900
7827593286418,2026-07-01,900
7821638475297,2024-01-01,235
7821638475297,2024-01-02,235
7821638475297,2024-01-03,235
7821638475297,2024-01-04,235
7821638475297,2024-01-05,235
7821638475297,2024-01-06,235
7821638475297,2024-01-07,235
7821638475297,2024-01-08,235
7821638475297,2024-01-09,235
7821638475297,2024-01-10,221
7821638475297,2024-01-11,221
7821638475297,2024-01-12,221
7821638475297,2024-01-13,221
7821638475297,2024-01-14,221
7821638475297,2024-01-15,221
7821638475297,2024-01-16,221
7821638475297,2024-01-17,221
7821638475297,2024-01-18,221
7821638475297,2024-01-19,202
7821638475297,2024-01-20,202
7821638475297,2024-01-21,202
7821638475297,2024-01-22,202
7821638475297,2024-01-23,202
7821638475297,2024-01-24,202
7821638475297,2024-01-25,188
7821638475297,2024-01-26,188
7821638475297,2024-01-27,188
7821638475297,2024-01-28,188
7821638475297,2024-01-29,188
7821638475297,2024-01-30,188
7821638475297,2024-01-31,165
7821638475297,2024-02-01,165
7821638475297,2024-02-02,165
7821638475297,2024-02-03,165
7821638475297,2024-02-04,165
7821638475297,2024-02-05,144
7821638475297,2024-02-06,326
7821638475297,2024-02-07,326
7821638475297,2024-02-08,326
7821638475297,2024-02-09,326
7821638475297,2024-02-10,326
7821638475297,2024-02-11,326
7821638475297,2024-02-12,326
7821638475297,2024-02-13,312
7821638475297,2024-02-14,312
7821638475297,2024-02-15,312
7821638475297,2024-02-16,312
7821638475297,2024-02-17,312
7821638475297,2024-02-18,312
7821638475297,2024-02-19,312
7821638475297,2024-02-20,312
7821638475297,2024-02-21,295
7821638475297,2024-02-22,295
7821638475297,2024-02-23,295
7821638475297,2024-02-24,295
7821638475297,2024-02-25,295
7821638475297,2024-02-26,336
7821638475297,2024-02-27,336
7821638475297,2024-02-28,336
7821638475297,2024-02-29,336
7821638475297,2024-03-01,322
7821638475297,2024-03-02,322
7821638475297,2024-03-03,322
7821638475297,2024-03-04,322
7821638475297,2024-03-05,322
7821638475297,2024-03-06,322
7821638475297,2024-03-07,313
7821638475297,2024-03-08,313
7821638475297,2024-03-09,313
7821638475297,2024-03-10,313
7821638475297,2024-03-11,313
7821638475297,2024-03-12,298
7821638475297,2024-03-13,298
7821638475297,2024-03-14,298
7821638475297,2024-03-15,298
7821638475297,2024-03-16,298
7821638475297,2024-03-17,298
7821638475297,2024-03-18,298
7821638475297,2024-03-19,298
7821638475297,2024-03-20,298
7821638475297,2024-03-21,298
7821638475297,2024-03-22,292
7821638475297,2024-03-23,349
7821638475297,2024-03-24,349
7821638475297,2024-03-25,349
7821638475297,2024-03-26,349
7821638475297,2024-03-27,349
7821638475297,2024-03-28,338
7821638475297,2024-03-29,338
7821638475297,2024-03-30,338
7821638475297,2024-03-31,338
7821638475297,2024-04-01,338
7821638475297,2024-04-02,319
7821638475297,2024-04-03,319
7821638475297,2024-04-04,319
7821638475297,2024-04-05,319
7821638475297,2024-04-06,319
7821638475297,2024-04-07,319
7821638475297,2024-04-08,302
7821638475297,2024-04-09,302
7821638475297,2024-04-10,302
7821638475297,2024-04-11,302
7821638475297,2024-04-12,302
7821638475297,2024-04-13,302
7821638475297,2024-04-14,285
7821638475297,2024-04-15,285
7821638475297,2024-04-16,362
7821638475297,2024-04-17,362
7821638475297,2024-04-18,362
7821638475297,2024-04-19,345
7821638475297,2024-04-20,345
7821638475297,2024-04-21,345
7821638475297,2024-04-22,345
7821638475297,2024-04-23,345
7821638475297,2024-04-24,345
7821638475297,2024-04-25,345
7821638475297,2024-04-26,345
7821638475297,2024-04-27,332
7821638475297,2024-04-28,332
7821638475297,2024-04-29,332
7821638475297,2024-04-30,332
7821638475297,2024-05-01,332
7821638475297,2024-05-02,313
7821638475297,2024-05-03,313
7821638475297,2024-05-04,313
7821638475297,2024-05-05,313
7821638475297,2024-05-06,313
7821638475297,2024-05-07,302
7821638475297,2024-05-08,302
7821638475297,2024-05-09,302
7821638475297,2024-05-10,302
7821638475297,2024-05-11,302
7821638475297,2024-05-12,302
7821638475297,2024-05-13,302
7821638475297,2024-05-14,302
7821638475297,2024-05-15,302
7821638475297,2024-05-16,302
7821638475297,2024-05-17,284
7821638475297,2024-05-18,284
7821638475297,2024-05-19,284
7821638475297,2024-05-20,284
7821638475297,2024-05-21,284
7821638475297,2024-05-22,380
7821638475297,2024-05-23,380
7821638475297,2024-05-24,380
7821638475297,2024-05-25,380
7821638475297,2024-05-26,362
7821638475297,2024-05-27,362
7821638475297,2024-05-28,362
7821638475297,2024-05-29,362
7821638475297,2024-05-30,362
7821638475297,2024-05-31,362
7821638475297,2024-06-01,362
7821638475297,2024-06-02,362
7821638475297,2024-06-03,362
7821638475297,2024-06-04,346
7821638475297,2024-06-05,346
7821638475297,2024-06-06,346
7821638475297,2024-06-07,346
7821638475297,2024-06-08,346
7821638475297,2024-06-09,326
7821638475297,2024-06-10,326
7821638475297,2024-06-11,326
7821638475297,2024-06-12,326
7821638475297,2024-06-13,326
7821638475297,2024-06-14,326
7821638475297,2024-06-15,326
7821638475297,2024-06-16,326
7821638475297,2024-06-17,310
7821638475297,2024-06-18,310
7821638475297,2024-06-19,310
7821638475297,2024-06-20,310
7821638475297,2024-06-21,310
7821638475297,2024-06-22,293
7821638475297,2024-06-23,293
7821638475297,2024-06-24,293
7821638475297,2024-06-25,293
7821638475297,2024-06-26,398
7821638475297,2024-06-27,398
7821638475297,2024-06-28,367
7821638475297,2024-06-29,367
7821638475297,2024-06-30,367
7821638475297,2024-07-01,367
7821638475297,2024-07-02,367
7821638475297,2024-07-03,367
7821638475297,2024-07-04,367
7821638475297,2024-07-05,340
7821638475297,2024-07-06,340
7821638475297,2024-07-07,340
7821638475297,2024-07-08,340
7821638475297,2024-07-09,340
7821638475297,2024-07-10,340
7821638475297,2024-07-11,340
7821638475297,2024-07-12,340
7821638475297,2024-07-13,340
7821638475297,2024-07-14,340
7821638475297,2024-07-15,323
7821638475297,2024-07-16,323
7821638475297,2024-07-17,323
7821638475297,2024-07-18,323
7821638475297,2024-07-19,323
7821638475297,2024-07-20,309
7821638475297,2024-07-21,309
7821638475297,2024-07-22,309
7821638475297,2024-07-23,309
7821638475297,2024-07-24,309
7821638475297,2024-07-25,309
7821638475297,2024-07-26,309
7821638475297,2024-07-27,309
7821638475297,2024-07-28,292
7821638475297,2024-07-29,292
7821638475297,2024-07-30,292
7821638475297,2024-07-31,292
7821638475297,2024-08-01,292
7821638475297,2024-08-02,416
7821638475297,2024-08-03,416
7821638475297,2024-08-04,393
7821638475297,2024-08-05,393
7821638475297,2024-08-06,393
7821638475297,2024-08-07,393
7821638475297,2024-08-08,393
7821638475297,2024-08-09,393
7821638475297,2024-08-10,393
7821638475297,2024-08-11,393
7821638475297,2024-08-12,393
7821638475297,2024-08-13,380
7821638475297,2024-08-14,380
7821638475297,2024-08-15,380
7821638475297,2024-08-16,380
7821638475297,2024-08-17,380
7821638475297,2024-08-18,380
7821638475297,2024-08-19,380
7821638475297,2024-08-20,380
7821638475297,2024-08-21,380
7821638475297,2024-08-22,380
7821638475297,2024-08-23,355
7821638475297,2024-08-24,355
7821638475297,2024-08-25,355
7821638475297,2024-08-26,355
7821638475297,2024-08-27,355
7821638475297,2024-08-28,355
7821638475297,2024-08-29,355
7821638475297,2024-08-30,355
7821638475297,2024-08-31,329
7821638475297,2024-09-01,329
7821638475297,2024-09-02,329
7821638475297,2024-09-03,329
7821638475297,2024-09-04,433
7821638475297,2024-09-05,433
7821638475297,2024-09-06,433
7821638475297,2024-09-07,433
7821638475297,2024-09-08,433
7821638475297,2024-09-09,406
7821638475297,2024-09-10,406
7821638475297,2024-09-11,406
7821638475297,2024-09-12,406
7821638475297,2024-09-13,406
7821638475297,2024-09-14,391
7821638475297,2024-09-15,391
7821638475297,2024-09-16,391
7821638475297,2024-09-17,391
7821638475297,2024-09-18,391
7821638475297,2024-09-19,365
7821638475297,2024-09-20,365
7821638475297,2024-09-21,365
7821638475297,2024-09-22,365
7821638475297,2024-09-23,365
7821638475297,2024-09-24,333
7821638475297,2024-09-25,333
7821638475297,2024-09-26,333
7821638475297,2024-09-27,333
7821638475297,2024-09-28,333
7821638475297,2024-09-29,333
7821638475297,2024-09-30,333
7821638475297,2024-10-01,333
7821638475297,2024-10-02,307
7821638475297,2024-10-03,307
7821638475297,2024-10-04,448
7821638475297,2024-10-05,448
7821638475297,2024-10-06,448
7821638475297,2024-10-07,448
7821638475297,2024-10-08,428
7821638475297,2024-10-09,428
7821638475297,2024-10-10,428
7821638475297,2024-10-11,428
7821638475297,2024-10-12,428
7821638475297,2024-10-13,428
7821638475297,2024-10-14,428
7821638475297,2024-10-15,402
7821638475297,2024-10-16,402
7821638475297,2024-10-17,402
7821638475297,2024-10-18,402
7821638475297,2024-10-19,402
7821638475297,2024-10-20,402
7821638475297,2024-10-21,402
7821638475297,2024-10-22,381
7821638475297,2024-10-23,381
7821638475297,2024-10-24,458
7821638475297,2024-10-25,458
7821638475297,2024-10-26,458
7821638475297,2024-10-27,458
7821638475297,2024-10-28,458
7821638475297,2024-10-29,458
7821638475297,2024-10-30,458
7821638475297,2024-10-31,458
7821638475297,2024-11-01,440
7821638475297,2024-11-02,440
7821638475297,2024-11-03,440
7821638475297,2024-11-04,440
7821638475297,2024-11-05,440
7821638475297,2024-11-06,440
7821638475297,2024-11-07,440
7821638475297,2024-11-08,408
7821638475297,2024-11-09,408
7821638475297,2024-11-10,408
7821638475297,2024-11-11,408
7821638475297,2024-11-12,408
7821638475297,2024-11-13,381
7821638475297,2024-11-14,381
7821638475297,2024-11-15,381
7821638475297,2024-11-16,381
7821638475297,2024-11-17,381
7821638475297,2024-11-18,381
7821638475297,2024-11-19,381
7821638475297,2024-11-20,381
7821638475297,2024-11-21,356
7821638475297,2024-11-22,356
7821638475297,2024-11-23,356
7821638475297,2024-11-24,356
7821638475297,2024-11-25,356
7821638475297,2024-11-26,356
7821638475297,2024-11-27,356
7821638475297,2024-11-28,356
7821638475297,2024-11-29,356
7821638475297,2024-11-30,356
7821638475297,2024-12-01,478
7821638475297,2024-12-02,478
7821638475297,2024-12-03,478
7821638475297,2024-12-04,478
7821638475297,2024-12-05,478
7821638475297,2024-12-06,449
7821638475297,2024-12-07,449
7821638475297,2024-12-08,449
7821638475297,2024-12-09,449
7821638475297,2024-12-10,449
7821638475297,2024-12-11,449
7821638475297,2024-12-12,449
7821638475297,2024-12-13,449
7821638475297,2024-12-14,449
7821638475297,2024-12-15,449
7821638475297,2024-12-16,426
7821638475297,2024-12-17,426
7821638475297,2024-12-18,426
7821638475297,2024-12-19,426
7821638475297,2024-12-20,426
7821638475297,2024-12-21,488
7821638475297,2024-12-22,488
7821638475297,2024-12-23,488
7821638475297,2024-12-24,488
7821638475297,2024-12-25,488
7821638475297,2024-12-26,488
7821638475297,2024-12-27,488
7821638475297,2024-12-28,488
7821638475297,2024-12-29,488
7821638475297,2024-12-30,488
7821638475297,2024-12-31,463
7821638475297,2025-01-01,463
7821638475297,2025-01-02,463
7821638475297,2025-01-03,463
7821638475297,2025-01-04,463
7821638475297,2025-01-05,463
7821638475297,2025-01-06,445
7821638475297,2025-01-07,445
7821638475297,2025-01-08,445
7821638475297,2025-01-09,445
7821638475297,2025-01-10,445
7821638475297,2025-01-11,445
7821638475297,2025-01-12,499
7821638475297,2025-01-13,469
7821638475297,2025-01-14,469
7821638475297,2025-01-15,469
7821638475297,2025-01-16,469
7821638475297,2025-01-17,469
7821638475297,2025-01-18,447
7821638475297,2025-01-19,447
7821638475297,2025-01-20,447
7821638475297,2025-01-21,447
7821638475297,2025-01-22,447
7821638475297,2025-01-23,447
7821638475297,2025-01-24,447
7821638475297,2025-01-25,447
7821638475297,2025-01-26,427
7821638475297,2025-01-27,427
7821638475297,2025-01-28,427
7821638475297,2025-01-29,427
7821638475297,2025-01-30,427
7821638475297,2025-01-31,427
7821638475297,2025-02-01,509
7821638475297,2025-02-02,509
7821638475297,2025-02-03,509
7821638475297,2025-02-04,487
7821638475297,2025-02-05,487
7821638475297,2025-02-06,487
7821638475297,2025-02-07,487
7821638475297,2025-02-08,487
7821638475297,2025-02-09,487
7821638475297,2025-02-10,487
7821638475297,2025-02-11,487
7821638475297,2025-02-12,487
7821638475297,2025-02-13,464
7821638475297,2025-02-14,464
7821638475297,2025-02-15,464
7821638475297,2025-02-16,464
7821638475297,2025-02-17,464
7821638475297,2025-02-18,433
7821638475297,2025-02-19,433
7821638475297,2025-02-20,433
7821638475297,2025-02-21,433
7821638475297,2025-02-22,433
7821638475297,2025-02-23,433
7821638475297,2025-02-24,433
7821638475297,2025-02-25,402
7821638475297,2025-02-26,402
7821638475297,2025-02-27,402
7821638475297,2025-02-28,402
7821638475297,2025-03-01,523
7821638475297,2025-03-02,523
7821638475297,2025-03-03,523
7821638475297,2025-03-04,523
7821638475297,2025-03-05,501
7821638475297,2025-03-06,501
7821638475297,2025-03-07,501
7821638475297,2025-03-08,501
7821638475297,2025-03-09,501
7821638475297,2025-03-10,501
7821638475297,2025-03-11,501
7821638475297,2025-03-12,501
7821638475297,2025-03-13,501
7821638475297,2025-03-14,469
7821638475297,2025-03-15,469
7821638475297,2025-03-16,469
7821638475297,2025-03-17,469
7821638475297,2025-03-18,469
7821638475297,2025-03-19,469
7821638475297,2025-03-20,469
7821638475297,2025-03-21,469
7821638475297,2025-03-22,432
7821638475297,2025-03-23,432
7821638475297,2025-03-24,432
7821638475297,2025-03-25,432
7821638475297,2025-03-26,432
7821638475297,2025-03-27,432
7821638475297,2025-03-28,432
7821638475297,2025-03-29,432
7821638475297,2025-03-30,432
7821638475297,2025-03-31,402
7821638475297,2025-04-01,402
7821638475297,2025-04-02,402
7821638475297,2025-04-03,540
7821638475297,2025-04-04,540
7821638475297,2025-04-05,540
7821638475297,2025-04-06,540
7821638475297,2025-04-07,540
7821638475297,2025-04-08,515
7821638475297,2025-04-09,515
7821638475297,2025-04-10,515
7821638475297,2025-04-11,515
7821638475297,2025-04-12,515
7821638475297,2025-04-13,515
7821638475297,2025-04-14,515
7821638475297,2025-04-15,515
7821638475297,2025-04-16,490
7821638475297,2025-04-17,490
7821638475297,2025-04-18,490
7821638475297,2025-04-19,490
7821638475297,2025-04-20,490
7821638475297,2025-04-21,490
7821638475297,2025-04-22,490
7821638475297,2025-04-23,490
7821638475297,2025-04-24,490
7821638475297,2025-04-25,463
7821638475297,2025-04-26,463
7821638475297,2025-04-27,463
7821638475297,2025-04-28,552
7821638475297,2025-04-29,552
7821638475297,2025-04-30,552
7821638475297,2025-05-01,525
7821638475297,2025-05-02,525
7821638475297,2025-05-03,525
7821638475297,2025-05-04,525
7821638475297,2025-05-05,525
7821638475297,2025-05-06,525
7821638475297,2025-05-07,525
7821638475297,2025-05-08,525
7821638475297,2025-05-09,525
7821638475297,2025-05-10,525
7821638475297,2025-05-11,490
7821638475297,2025-05-12,490
7821638475297,2025-05-13,490
7821638475297,2025-05-14,490
7821638475297,2025-05-15,490
7821638475297,2025-05-16,490
7821638475297,2025-05-17,490
7821638475297,2025-05-18,490
7821638475297,2025-05-19,490
7821638475297,2025-05-20,452
7821638475297,2025-05-21,452
7821638475297,2025-05-22,452
7821638475297,2025-05-23,452
7821638475297,2025-05-24,452
7821638475297,2025-05-25,452
7821638475297,2025-05-26,452
7821638475297,2025-05-27,452
7821638475297,2025-05-28,452
7821638475297,2025-05-29,452
7821638475297,2025-05-30,414
7821638475297,2025-05-31,414
7821638475297,2025-06-01,414
7821638475297,2025-06-02,414
7821638475297,2025-06-03,414
7821638475297,2025-06-04,571
7821638475297,2025-06-05,571
7821638475297,2025-06-06,571
7821638475297,2025-06-07,571
7821638475297,2025-06-08,571
7821638475297,2025-06-09,544
7821638475297,2025-06-10,544
7821638475297,2025-06-11,544
7821638475297,2025-06-12,544
7821638475297,2025-06-13,544
7821638475297,2025-06-14,544
7821638475297,2025-06-15,544
7821638475297,2025-06-16,509
7821638475297,2025-06-17,509
7821638475297,2025-06-18,509
7821638475297,2025-06-19,509
7821638475297,2025-06-20,509
7821638475297,2025-06-21,479
7821638475297,2025-06-22,479
7821638475297,2025-06-23,479
7821638475297,2025-06-24,479
7821638475297,2025-06-25,479
7821638475297,2025-06-26,479
7821638475297,2025-06-27,439
7821638475297,2025-06-28,439
7821638475297,2025-06-29,439
7821638475297,2025-06-30,439
7821638475297,2025-07-01,439
7821638475297,2025-07-02,439
7821638475297,2025-07-03,439
7821638475297,2025-07-04,406
7821638475297,2025-07-05,406
7821638475297,2025-07-06,406
7821638475297,2025-07-07,406
7821638475297,2025-07-08,406
7821638475297,2025-07-09,406
7821638475297,2025-07-10,406
7821638475297,2025-07-11,406
7821638475297,2025-07-12,370
7821638475297,2025-07-13,370
7821638475297,2025-07-14,591
7821638475297,2025-07-15,591
7821638475297,2025-07-16,591
7821638475297,2025-07-17,591
7821638475297,2025-07-18,591
7821638475297,2025-07-19,591
7821638475297,2025-07-20,557
7821638475297,2025-07-21,557
7821638475297,2025-07-22,557
7821638475297,2025-07-23,557
7821638475297,2025-07-24,557
7821638475297,2025-07-25,524
7821638475297,2025-07-26,524
7821638475297,2025-07-27,524
7821638475297,2025-07-28,524
7821638475297,2025-07-29,524
7821638475297,2025-07-30,481
7821638475297,2025-07-31,481
7821638475297,2025-08-01,481
7821638475297,2025-08-02,481
7821638475297,2025-08-03,601
7821638475297,2025-08-04,601
7821638475297,2025-08-05,601
7821638475297,2025-08-06,557
7821638475297,2025-08-07,557
7821638475297,2025-08-08,557
7821638475297,2025-08-09,557
7821638475297,2025-08-10,557
7821638475297,2025-08-11,557
7821638475297,2025-08-12,557
7821638475297,2025-08-13,557
7821638475297,2025-08-14,557
7821638475297,2025-08-15,557
7821638475297,2025-08-16,526
7821638475297,2025-08-17,526
7821638475297,2025-08-18,526
7821638475297,2025-08-19,526
7821638475297,2025-08-20,526
7821638475297,2025-08-21,526
7821638475297,2025-08-22,490
7821638475297,2025-08-23,490
7821638475297,2025-08-24,490
7821638475297,2025-08-25,490
7821638475297,2025-08-26,490
7821638475297,2025-08-27,490
7821638475297,2025-08-28,490
7821638475297,2025-08-29,490
7821638475297,2025-08-30,439
7821638475297,2025-08-31,439
7821638475297,2025-09-01,439
7821638475297,2025-09-02,439
7821638475297,2025-09-03,439
7821638475297,2025-09-04,439
7821638475297,2025-09-05,439
7821638475297,2025-09-06,619
7821638475297,2025-09-07,619
7821638475297,2025-09-08,580
7821638475297,2025-09-09,580
7821638475297,2025-09-10,580
7821638475297,2025-09-11,580
7821638475297,2025-09-12,580
7821638475297,2025-09-13,580
7821638475297,2025-09-14,580
7821638475297,2025-09-15,580
7821638475297,2025-09-16,580
7821638475297,2025-09-17,544
7821638475297,2025-09-18,544
7821638475297,2025-09-19,544
7821638475297,2025-09-20,544
7821638475297,2025-09-21,544
7821638475297,2025-09-22,504
7821638475297,2025-09-23,504
7821638475297,2025-09-24,504
7821638475297,2025-09-25,504
7821638475297,2025-09-26,629
7821638475297,2025-09-27,629
7821638475297,2025-09-28,629
7821638475297,2025-09-29,629
7821638475297,2025-09-30,592
7821638475297,2025-10-01,592
7821638475297,2025-10-02,592
7821638475297,2025-10-03,592
7821638475297,2025-10-04,592
7821638475297,2025-10-05,549
7821638475297,2025-10-06,549
7821638475297,2025-10-07,549
7821638475297,2025-10-08,549
7821638475297,2025-10-09,549
7821638475297,2025-10-10,549
7821638475297,2025-10-11,549
7821638475297,2025-10-12,549
7821638475297,2025-10-13,514
7821638475297,2025-10-14,514
7821638475297,2025-10-15,514
7821638475297,2025-10-16,514
7821638475297,2025-10-17,514
7821638475297,2025-10-18,474
7821638475297,2025-10-19,474
7821638475297,2025-10-20,474
7821638475297,2025-10-21,474
7821638475297,2025-10-22,474
7821638475297,2025-10-23,474
7821638475297,2025-10-24,474
7821638475297,2025-10-25,474
7821638475297,2025-10-26,474
7821638475297,2025-10-27,645
7821638475297,2025-10-28,610
7821638475297,2025-10-29,610
7821638475297,2025-10-30,610
7821638475297,2025-10-31,610
7821638475297,2025-11-01,610
7821638475297,2025-11-02,610
7821638475297,2025-11-03,570
7821638475297,2025-11-04,570
7821638475297,2025-11-05,570
7821638475297,2025-11-06,570
7821638475297,2025-11-07,570
7821638475297,2025-11-08,524
7821638475297,2025-11-09,524
7821638475297,2025-11-10,524
7821638475297,2025-11-11,524
7821638475297,2025-11-12,524
7821638475297,2025-11-13,524
7821638475297,2025-11-14,524
7821638475297,2025-11-15,524
7821638475297,2025-11-16,524
7821638475297,2025-11-17,524
7821638475297,2025-11-18,479
7821638475297,2025-11-19,479
7821638475297,2025-11-20,657
7821638475297,2025-11-21,657
7821638475297,2025-11-22,657
7821638475297,2025-11-23,657
7821638475297,2025-11-24,657
7821638475297,2025-11-25,657
7821638475297,2025-11-26,657
7821638475297,2025-11-27,617
7821638475297,2025-11-28,617
7821638475297,2025-11-29,617
7821638475297,2025-11-30,617
7821638475297,2025-12-01,617
7821638475297,2025-12-02,617
7821638475297,2025-12-03,617
7821638475297,2025-12-04,617
7821638475297,2025-12-05,617
7821638475297,2025-12-06,569
7821638475297,2025-12-07,569
7821638475297,2025-12-08,569
7821638475297,2025-12-09,569
7821638475297,2025-12-10,569
7821638475297,2025-12-11,569
7821638475297,2025-12-12,569
7821638475297,2025-12-13,569
7821638475297,2025-12-14,669
7821638475297,2025-12-15,669
7821638475297,2025-12-16,669
7821638475297,2025-12-17,669
7821638475297,2025-12-18,669
7821638475297,2025-12-19,669
7821638475297,2025-12-20,629
7821638475297,2025-12-21,629
7821638475297,2025-12-22,629
7821638475297,2025-12-23,629
7821638475297,2025-12-24,629
7821638475297,2025-12-25,629
7821638475297,2025-12-26,591
7821638475297,2025-12-27,591
7821638475297,2025-12-28,591
7821638475297,2025-12-29,591
7821638475297,2025-12-30,591
7821638475297,2025-12-31,591
7821638475297,2026-01-01,591
7821638475297,2026-01-02,591
7821638475297,2026-01-03,591
7821638475297,2026-01-04,552
7821638475297,2026-01-05,552
7821638475297,2026-01-06,552
7821638475297,2026-01-07,552
7821638475297,2026-01-08,681
7821638475297,2026-01-09,681
7821638475297,2026-01-10,681
7821638475297,2026-01-11,681
7821638475297,2026-01-12,681
7821638475297,2026-01-13,647
7821638475297,2026-01-14,647
7821638475297,2026-01-15,647
7821638475297,2026-01-16,647
7821638475297,2026-01-17,647
7821638475297,2026-01-18,647
7821638475297,2026-01-19,647
7821638475297,2026-01-20,601
7821638475297,2026-01-21,601
7821638475297,2026-01-22,601
7821638475297,2026-01-23,601
7821638475297,2026-01-24,601
7821638475297,2026-01-25,601
7821638475297,2026-01-26,601
7821638475297,2026-01-27,601
7821638475297,2026-01-28,601
7821638475297,2026-01-29,601
7821638475297,2026-01-30,693
7821638475297,2026-01-31,693
7821638475297,2026-02-01,693
7821638475297,2026-02-02,693
7821638475297,2026-02-03,693
7821638475297,2026-02-04,693
7821638475297,2026-02-05,653
7821638475297,2026-02-06,653
7821638475297,2026-02-07,653
7821638475297,2026-02-08,653
7821638475297,2026-02-09,653
7821638475297,2026-02-10,653
7821638475297,2026-02-11,653
7821638475297,2026-02-12,653
7821638475297,2026-02-13,653
7821638475297,2026-02-14,611
7821638475297,2026-02-15,611
7821638475297,2026-02-16,611
7821638475297,2026-02-17,611
7821638475297,2026-02-18,611
7821638475297,2026-02-19,611
7821638475297,2026-02-20,611
7821638475297,2026-02-21,611
7821638475297,2026-02-22,704
7821638475297,2026-02-23,704
7821638475297,2026-02-24,704
7821638475297,2026-02-25,704
7821638475297,2026-02-26,704
7821638475297,2026-02-27,665
7821638475297,2026-02-28,665
7821638475297,2026-03-01,665
7821638475297,2026-03-02,665
7821638475297,2026-03-03,665
7821638475297,2026-03-04,618
7821638475297,2026-03-05,618
7821638475297,2026-03-06,618
7821638475297,2026-03-07,618
7821638475297,2026-03-08,618
7821638475297,2026-03-09,618
7821638475297,2026-03-10,618
7821638475297,2026-03-11,618
7821638475297,2026-03-12,618
7821638475297,2026-03-13,566
7821638475297,2026-03-14,566
7821638475297,2026-03-15,566
7821638475297,2026-03-16,566
7821638475297,2026-03-17,566
7821638475297,2026-03-18,566
7821638475297,2026-03-19,566
7821638475297,2026-03-20,513
7821638475297,2026-03-21,513
7821638475297,2026-03-22,513
7821638475297,2026-03-23,513
7821638475297,2026-03-24,719
7821638475297,2026-03-25,719
7821638475297,2026-03-26,719
7821638475297,2026-03-27,719
7821638475297,2026-03-28,673
7821638475297,2026-03-29,673
7821638475297,2026-03-30,673
7821638475297,2026-03-31,673
7821638475297,2026-04-01,673
7821638475297,2026-04-02,673
7821638475297,2026-04-03,673
7821638475297,2026-04-04,673
7821638475297,2026-04-05,673
7821638475297,2026-04-06,673
7821638475297,2026-04-07,627
7821638475297,2026-04-08,627
7821638475297,2026-04-09,627
7821638475297,2026-04-10,627
7821638475297,2026-04-11,627
7821638475297,2026-04-12,576
7821638475297,2026-04-13,730
7821638475297,2026-04-14,730
7821638475297,2026-04-15,730
7821638475297,2026-04-16,730
7821638475297,2026-04-17,730
7821638475297,2026-04-18,730
7821638475297,2026-04-19,730
7821638475297,2026-04-20,730
7821638475297,2026-04-21,730
7821638475297,2026-04-22,681
7821638475297,2026-04-23,681
7821638475297,2026-04-24,681
7821638475297,2026-04-25,681
7821638475297,2026-04-26,681
7821638475297,2026-04-27,681
7821638475297,2026-04-28,681
7821638475297,2026-04-29,681
7821638475297,2026-04-30,634
7821638475297,2026-05-01,634
7821638475297,2026-05-02,634
7821638475297,2026-05-03,634
7821638475297,2026-05-04,634
7821638475297,2026-05-05,634
7821638475297,2026-05-06,585
7821638475297,2026-05-07,585
7821638475297,2026-05-08,585
7821638475297,2026-05-09,585
7821638475297,2026-05-10,585
7821638475297,2026-05-11,585
7821638475297,2026-05-12,535
7821638475297,2026-05-13,745
7821638475297,2026-05-14,745
7821638475297,2026-05-15,745
7821638475297,2026-05-16,745
7821638475297,2026-05-17,745
7821638475297,2026-05-18,745
7821638475297,2026-05-19,745
7821638475297,2026-05-20,700
7821638475297,2026-05-21,700
7821638475297,2026-05-22,700
7821638475297,2026-05-23,700
7821638475297,2026-05-24,700
7821638475297,2026-05-25,700
7821638475297,2026-05-26,700
7821638475297,2026-05-27,700
7821638475297,2026-05-28,700
7821638475297,2026-05-29,648
7821638475297,2026-05-30,648
7821638475297,2026-05-31,648
7821638475297,2026-06-01,648
7821638475297,2026-06-02,648
7821638475297,2026-06-03,648
7821638475297,2026-06-04,648
7821638475297,2026-06-05,594
7821638475297,2026-06-06,594
7821638475297,2026-06-07,757
7821638475297,2026-06-08,757
7821638475297,2026-06-09,757
7821638475297,2026-06-10,757
7821638475297,2026-06-11,757
7821638475297,2026-06-12,757
7821638475297,2026-06-13,757
7821638475297,2026-06-14,757
7821638475297,2026-06-15,706
7821638475297,2026-06-16,706
7821638475297,2026-06-17,706
7821638475297,2026-06-18,706
7821638475297,2026-06-19,706
7821638475297,2026-06-20,706
7821638475297,2026-06-21,706
7821638475297,2026-06-22,706
7821638475297,2026-06-23,706
7821638475297,2026-06-24,656
7821638475297,2026-06-25,656
7821638475297,2026-06-26,656
7821638475297,2026-06-27,656
7821638475297,2026-06-28,656
7821638475297,2026-06-29,656
7821638475297,2026-06-30,656
7821638475297,2026-07-01,656
7832948571630,2024-01-01,936
7832948571630,2024-01-02,936
7832948571630,2024-01-03,936
7832948571630,2024-01-04,936
7832948571630,2024-01-05,936
7832948571630,2024-01-06,926
7832948571630,2024-01-07,926
7832948571630,2024-01-08,926
7832948571630,2024-01-09,926
7832948571630,2024-01-10,926
7832948571630,2024-01-11,926
7832948571630,2024-01-12,920
7832948571630,2024-01-13,920
7832948571630,2024-01-14,920
7832948571630,2024-01-15,920
7832948571630,2024-01-16,920
7832948571630,2024-01-17,903
7832948571630,2024-01-18,903
7832948571630,2024-01-19,903
7832948571630,2024-01-20,903
7832948571630,2024-01-21,903
7832948571630,2024-01-22,903
7832948571630,2024-01-23,903
7832948571630,2024-01-24,903
7832948571630,2024-01-25,886
7832948571630,2024-01-26,886
7832948571630,2024-01-27,886
7832948571630,2024-01-28,886
7832948571630,2024-01-29,886
7832948571630,2024-01-30,886
7832948571630,2024-01-31,886
7832948571630,2024-02-01,886
7832948571630,2024-02-02,886
7832948571630,2024-02-03,870
7832948571630,2024-02-04,870
7832948571630,2024-02-05,870
7832948571630,2024-02-06,870
7832948571630,2024-02-07,870
7832948571630,2024-02-08,870
7832948571630,2024-02-09,870
7832948571630,2024-02-10,856
7832948571630,2024-02-11,856
7832948571630,2024-02-12,856
7832948571630,2024-02-13,856
7832948571630,2024-02-14,856
7832948571630,2024-02-15,856
7832948571630,2024-02-16,856
7832948571630,2024-02-17,856
7832948571630,2024-02-18,856
7832948571630,2024-02-19,847
7832948571630,2024-02-20,847
7832948571630,2024-02-21,847
7832948571630,2024-02-22,847
7832948571630,2024-02-23,847
7832948571630,2024-02-24,839
7832948571630,2024-02-25,839
7832948571630,2024-02-26,839
7832948571630,2024-02-27,839
7832948571630,2024-02-28,839
7832948571630,2024-02-29,836
7832948571630,2024-03-01,836
7832948571630,2024-03-02,836
7832948571630,2024-03-03,836
7832948571630,2024-03-04,836
7832948571630,2024-03-05,836
7832948571630,2024-03-06,836
7832948571630,2024-03-07,836
7832948571630,2024-03-08,836
7832948571630,2024-03-09,827
7832948571630,2024-03-10,827
7832948571630,2024-03-11,827
7832948571630,2024-03-12,827
7832948571630,2024-03-13,827
7832948571630,2024-03-14,827
7832948571630,2024-03-15,806
7832948571630,2024-03-16,806
7832948571630,2024-03-17,806
7832948571630,2024-03-18,806
7832948571630,2024-03-19,806
7832948571630,2024-03-20,799
7832948571630,2024-03-21,799
7832948571630,2024-03-22,799
7832948571630,2024-03-23,799
7832948571630,2024-03-24,799
7832948571630,2024-03-25,799
7832948571630,2024-03-26,799
7832948571630,2024-03-27,782
7832948571630,2024-03-28,782
7832948571630,2024-03-29,782
7832948571630,2024-03-30,782
7832948571630,2024-03-31,782
7832948571630,2024-04-01,764
7832948571630,2024-04-02,764
7832948571630,2024-04-03,764
7832948571630,2024-04-04,764
7832948571630,2024-04-05,764
7832948571630,2024-04-06,764
7832948571630,2024-04-07,764
7832948571630,2024-04-08,764
7832948571630,2024-04-09,764
7832948571630,2024-04-10,764
7832948571630,2024-04-11,746
7832948571630,2024-04-12,746
7832948571630,2024-04-13,746
7832948571630,2024-04-14,746
7832948571630,2024-04-15,746
7832948571630,2024-04-16,746
7832948571630,2024-04-17,746
7832948571630,2024-04-18,746
7832948571630,2024-04-19,720
7832948571630,2024-04-20,720
7832948571630,2024-04-21,720
7832948571630,2024-04-22,720
7832948571630,2024-04-23,720
7832948571630,2024-04-24,702
7832948571630,2024-04-25,702
7832948571630,2024-04-26,702
7832948571630,2024-04-27,702
7832948571630,2024-04-28,702
7832948571630,2024-04-29,687
7832948571630,2024-04-30,687
7832948571630,2024-05-01,687
7832948571630,2024-05-02,687
7832948571630,2024-05-03,687
7832948571630,2024-05-04,678
7832948571630,2024-05-05,678
7832948571630,2024-05-06,678
7832948571630,2024-05-07,678
7832948571630,2024-05-08,678
7832948571630,2024-05-09,678
7832948571630,2024-05-10,678
7832948571630,2024-05-11,764
7832948571630,2024-05-12,764
7832948571630,2024-05-13,744
7832948571630,2024-05-14,744
7832948571630,2024-05-15,744
7832948571630,2024-05-16,744
7832948571630,2024-05-17,744
7832948571630,2024-05-18,744
7832948571630,2024-05-19,744
7832948571630,2024-05-20,744
7832948571630,2024-05-21,744
7832948571630,2024-05-22,744
7832948571630,2024-05-23,713
7832948571630,2024-05-24,713
7832948571630,2024-05-25,713
7832948571630,2024-05-26,713
7832948571630,2024-05-27,713
7832948571630,2024-05-28,713
7832948571630,2024-05-29,713
7832948571630,2024-05-30,693
7832948571630,2024-05-31,693
7832948571630,2024-06-01,693
7832948571630,2024-06-02,693
7832948571630,2024-06-03,693
7832948571630,2024-06-04,693
7832948571630,2024-06-05,693
7832948571630,2024-06-06,693
7832948571630,2024-06-07,693
7832948571630,2024-06-08,693
7832948571630,2024-06-09,670
7832948571630,2024-06-10,795
7832948571630,2024-06-11,795
7832948571630,2024-06-12,795
7832948571630,2024-06-13,795
7832948571630,2024-06-14,795
7832948571630,2024-06-15,795
7832948571630,2024-06-16,795
7832948571630,2024-06-17,795
7832948571630,2024-06-18,782
7832948571630,2024-06-19,782
7832948571630,2024-06-20,782
7832948571630,2024-06-21,782
7832948571630,2024-06-22,782
7832948571630,2024-06-23,782
7832948571630,2024-06-24,782
7832948571630,2024-06-25,766
7832948571630,2024-06-26,766
7832948571630,2024-06-27,766
7832948571630,2024-06-28,766
7832948571630,2024-06-29,766
7832948571630,2024-06-30,766
7832948571630,2024-07-01,766
7832948571630,2024-07-02,748
7832948571630,2024-07-03,748
7832948571630,2024-07-04,748
7832948571630,2024-07-05,748
7832948571630,2024-07-06,748
7832948571630,2024-07-07,748
7832948571630,2024-07-08,727
7832948571630,2024-07-09,727
7832948571630,2024-07-10,727
7832948571630,2024-07-11,727
7832948571630,2024-07-12,727
7832948571630,2024-07-13,727
7832948571630,2024-07-14,727
7832948571630,2024-07-15,727
7832948571630,2024-07-16,727
7832948571630,2024-07-17,709
7832948571630,2024-07-18,835
7832948571630,2024-07-19,835
7832948571630,2024-07-20,835
7832948571630,2024-07-21,835
7832948571630,2024-07-22,835
7832948571630,2024-07-23,835
7832948571630,2024-07-24,835
7832948571630,2024-07-25,835
7832948571630,2024-07-26,819
7832948571630,2024-07-27,819
7832948571630,2024-07-28,819
7832948571630,2024-07-29,819
7832948571630,2024-07-30,819
7832948571630,2024-07-31,819
7832948571630,2024-08-01,794
7832948571630,2024-08-02,794
7832948571630,2024-08-03,794
7832948571630,2024-08-04,794
7832948571630,2024-08-05,794
7832948571630,2024-08-06,794
7832948571630,2024-08-07,794
7832948571630,2024-08-08,794
7832948571630,2024-08-09,776
7832948571630,2024-08-10,776
7832948571630,2024-08-11,776
7832948571630,2024-08-12,776
7832948571630,2024-08-13,776
7832948571630,2024-08-14,776
7832948571630,2024-08-15,776
7832948571630,2024-08-16,749
7832948571630,2024-08-17,749
7832948571630,2024-08-18,749
7832948571630,2024-08-19,749
7832948571630,2024-08-20,749
7832948571630,2024-08-21,870
7832948571630,2024-08-22,870
7832948571630,2024-08-23,870
7832948571630,2024-08-24,855
7832948571630,2024-08-25,855
7832948571630,2024-08-26,855
7832948571630,2024-08-27,855
7832948571630,2024-08-28,855
7832948571630,2024-08-29,855
7832948571630,2024-08-30,855
7832948571630,2024-08-31,855
7832948571630,2024-09-01,855
7832948571630,2024-09-02,828
7832948571630,2024-09-03,828
7832948571630,2024-09-04,828
7832948571630,2024-09-05,828
7832948571630,2024-09-06,828
7832948571630,2024-09-07,828
7832948571630,2024-09-08,828
7832948571630,2024-09-09,828
7832948571630,2024-09-10,828
7832948571630,2024-09-11,828
7832948571630,2024-09-12,808
7832948571630,2024-09-13,894
7832948571630,2024-09-14,894
7832948571630,2024-09-15,894
7832948571630,2024-09-16,894
7832948571630,2024-09-17,894
7832948571630,2024-09-18,894
7832948571630,2024-09-19,894
7832948571630,2024-09-20,871
7832948571630,2024-09-21,871
7832948571630,2024-09-22,871
7832948571630,2024-09-23,871
7832948571630,2024-09-24,871
7832948571630,2024-09-25,871
7832948571630,2024-09-26,871
7832948571630,2024-09-27,847
7832948571630,2024-09-28,847
7832948571630,2024-09-29,847
7832948571630,2024-09-30,847
7832948571630,2024-10-01,847
7832948571630,2024-10-02,847
7832948571630,2024-10-03,847
7832948571630,2024-10-04,847
7832948571630,2024-10-05,847
7832948571630,2024-10-06,847
7832948571630,2024-10-07,825
7832948571630,2024-10-08,825
7832948571630,2024-10-09,920
7832948571630,2024-10-10,920
7832948571630,2024-10-11,920
7832948571630,2024-10-12,896
7832948571630,2024-10-13,896
7832948571630,2024-10-14,896
7832948571630,2024-10-15,896
7832948571630,2024-10-16,896
7832948571630,2024-10-17,896
7832948571630,2024-10-18,896
7832948571630,2024-10-19,870
7832948571630,2024-10-20,870
7832948571630,2024-10-21,870
7832948571630,2024-10-22,870
7832948571630,2024-10-23,870
7832948571630,2024-10-24,870
7832948571630,2024-10-25,870
7832948571630,2024-10-26,870
7832948571630,2024-10-27,870
7832948571630,2024-10-28,848
7832948571630,2024-10-29,848
7832948571630,2024-10-30,942
7832948571630,2024-10-31,942
7832948571630,2024-11-01,942
7832948571630,2024-11-02,942
7832948571630,2024-11-03,942
7832948571630,2024-11-04,942
7832948571630,2024-11-05,942
7832948571630,2024-11-06,942
7832948571630,2024-11-07,921
7832948571630,2024-11-08,921
7832948571630,2024-11-09,921
7832948571630,2024-11-10,921
7832948571630,2024-11-11,921
7832948571630,2024-11-12,900
7832948571630,2024-11-13,900
7832948571630,2024-11-14,900
7832948571630,2024-11-15,900
7832948571630,2024-11-16,900
7832948571630,2024-11-17,900
7832948571630,2024-11-18,900
7832948571630,2024-11-19,900
7832948571630,2024-11-20,900
7832948571630,2024-11-21,900
7832948571630,2024-11-22,873
7832948571630,2024-11-23,873
7832948571630,2024-11-24,968
7832948571630,2024-11-25,968
7832948571630,2024-11-26,968
7832948571630,2024-11-27,968
7832948571630,2024-11-28,968
7832948571630,2024-11-29,942
7832948571630,2024-11-30,942
7832948571630,2024-12-01,942
7832948571630,2024-12-02,942
7832948571630,2024-12-03,942
7832948571630,2024-12-04,942
7832948571630,2024-12-05,907
7832948571630,2024-12-06,907
7832948571630,2024-12-07,907
7832948571630,2024-12-08,907
7832948571630,2024-12-09,907
7832948571630,2024-12-10,907
7832948571630,2024-12-11,907
7832948571630,2024-12-12,878
7832948571630,2024-12-13,878
7832948571630,2024-12-14,878
7832948571630,2024-12-15,878
7832948571630,2024-12-16,878
7832948571630,2024-12-17,878
7832948571630,2024-12-18,878
7832948571630,2024-12-19,878
7832948571630,2024-12-20,878
7832948571630,2024-12-21,853
7832948571630,2024-12-22,853
7832948571630,2024-12-23,853
7832948571630,2024-12-24,853
7832948571630,2024-12-25,853
7832948571630,2024-12-26,829
7832948571630,2024-12-27,829
7832948571630,2024-12-28,1003
7832948571630,2024-12-29,1003
7832948571630,2024-12-30,1003
7832948571630,2024-12-31,1003
7832948571630,2025-01-01,1003
7832948571630,2025-01-02,1003
7832948571630,2025-01-03,1003
7832948571630,2025-01-04,973
7832948571630,2025-01-05,973
7832948571630,2025-01-06,973
7832948571630,2025-01-07,973
7832948571630,2025-01-08,973
7832948571630,2025-01-09,945
7832948571630,2025-01-10,945
7832948571630,2025-01-11,945
7832948571630,2025-01-12,945
7832948571630,2025-01-13,945
7832948571630,2025-01-14,945
7832948571630,2025-01-15,945
7832948571630,2025-01-16,945
7832948571630,2025-01-17,945
7832948571630,2025-01-18,922
7832948571630,2025-01-19,922
7832948571630,2025-01-20,922
7832948571630,2025-01-21,922
7832948571630,2025-01-22,922
7832948571630,2025-01-23,922
7832948571630,2025-01-24,922
7832948571630,2025-01-25,922
7832948571630,2025-01-26,922
7832948571630,2025-01-27,892
7832948571630,2025-01-28,892
7832948571630,2025-01-29,892
7832948571630,2025-01-30,1037
7832948571630,2025-01-31,1037
7832948571630,2025-02-01,1037
7832948571630,2025-02-02,1037
7832948571630,2025-02-03,1000
7832948571630,2025-02-04,1000
7832948571630,2025-02-05,1000
7832948571630,2025-02-06,1000
7832948571630,2025-02-07,1000
7832948571630,2025-02-08,1000
7832948571630,2025-02-09,1000
7832948571630,2025-02-10,1000
7832948571630,2025-02-11,1000
7832948571630,2025-02-12,977
7832948571630,2025-02-13,977
7832948571630,2025-02-14,977
7832948571630,2025-02-15,977
7832948571630,2025-02-16,977
7832948571630,2025-02-17,977
7832948571630,2025-02-18,948
7832948571630,2025-02-19,948
7832948571630,2025-02-20,948
7832948571630,2025-02-21,948
7832948571630,2025-02-22,948
7832948571630,2025-02-23,948
7832948571630,2025-02-24,948
7832948571630,2025-02-25,917
7832948571630,2025-02-26,917
7832948571630,2025-02-27,917
7832948571630,2025-02-28,1067
7832948571630,2025-03-01,1067
7832948571630,2025-03-02,1067
7832948571630,2025-03-03,1067
7832948571630,2025-03-04,1067
7832948571630,2025-03-05,1067
7832948571630,2025-03-06,1067
7832948571630,2025-03-07,1041
7832948571630,2025-03-08,1041
7832948571630,2025-03-09,1041
7832948571630,2025-03-10,1041
7832948571630,2025-03-11,1041
7832948571630,2025-03-12,1041
7832948571630,2025-03-13,1041
7832948571630,2025-03-14,1041
7832948571630,2025-03-15,1005
7832948571630,2025-03-16,1005
7832948571630,2025-03-17,1005
7832948571630,2025-03-18,1005
7832948571630,2025-03-19,1005
7832948571630,2025-03-20,1005
7832948571630,2025-03-21,1005
7832948571630,2025-03-22,977
7832948571630,2025-03-23,977
7832948571630,2025-03-24,977
7832948571630,2025-03-25,977
7832948571630,2025-03-26,977
7832948571630,2025-03-27,977
7832948571630,2025-03-28,977
7832948571630,2025-03-29,1097
7832948571630,2025-03-30,1097
7832948571630,2025-03-31,1097
7832948571630,2025-04-01,1097
7832948571630,2025-04-02,1097
7832948571630,2025-04-03,1097
7832948571630,2025-04-04,1097
7832948571630,2025-04-05,1063
7832948571630,2025-04-06,1063
7832948571630,2025-04-07,1063
7832948571630,2025-04-08,1063
7832948571630,2025-04-09,1063
7832948571630,2025-04-10,1063
7832948571630,2025-04-11,1063
7832948571630,2025-04-12,1063
7832948571630,2025-04-13,1036
7832948571630,2025-04-14,1036
7832948571630,2025-04-15,1036
7832948571630,2025-04-16,1036
7832948571630,2025-04-17,1036
7832948571630,2025-04-18,1036
7832948571630,2025-04-19,1119
7832948571630,2025-04-20,1082
7832948571630,2025-04-21,1082
7832948571630,2025-04-22,1082
7832948571630,2025-04-23,1082
7832948571630,2025-04-24,1082
7832948571630,2025-04-25,1082
7832948571630,2025-04-26,1082
7832948571630,2025-04-27,1047
7832948571630,2025-04-28,1047
7832948571630,2025-04-29,1047
7832948571630,2025-04-30,1047
7832948571630,2025-05-01,1047
7832948571630,2025-05-02,1047
7832948571630,2025-05-03,1047
7832948571630,2025-05-04,1047
7832948571630,2025-05-05,1047
7832948571630,2025-05-06,1015
7832948571630,2025-05-07,1015
7832948571630,2025-05-08,1015
7832948571630,2025-05-09,1015
7832948571630,2025-05-10,1015
7832948571630,2025-05-11,1142
7832948571630,2025-05-12,1114
7832948571630,2025-05-13,1114
7832948571630,2025-05-14,1114
7832948571630,2025-05-15,1114
7832948571630,2025-05-16,1114
7832948571630,2025-05-17,1114
7832948571630,2025-05-18,1114
7832948571630,2025-05-19,1084
7832948571630,2025-05-20,1084
7832948571630,2025-05-21,1084
7832948571630,2025-05-22,1084
7832948571630,2025-05-23,1084
7832948571630,2025-05-24,1084
7832948571630,2025-05-25,1084
7832948571630,2025-05-26,1046
7832948571630,2025-05-27,1046
7832948571630,2025-05-28,1046
7832948571630,2025-05-29,1046
7832948571630,2025-05-30,1046
7832948571630,2025-05-31,1162
7832948571630,2025-06-01,1162
7832948571630,2025-06-02,1162
7832948571630,2025-06-03,1162
7832948571630,2025-06-04,1162
7832948571630,2025-06-05,1124
7832948571630,2025-06-06,1124
7832948571630,2025-06-07,1124
7832948571630,2025-06-08,1124
7832948571630,2025-06-09,1124
7832948571630,2025-06-10,1124
7832948571630,2025-06-11,1124
7832948571630,2025-06-12,1124
7832948571630,2025-06-13,1124
7832948571630,2025-06-14,1124
7832948571630,2025-06-15,1075
7832948571630,2025-06-16,1075
7832948571630,2025-06-17,1075
7832948571630,2025-06-18,1075
7832948571630,2025-06-19,1075
7832948571630,2025-06-20,1038
7832948571630,2025-06-21,1038
7832948571630,2025-06-22,1038
7832948571630,2025-06-23,1038
7832948571630,2025-06-24,1038
7832948571630,2025-06-25,1038
7832948571630,2025-06-26,1002
7832948571630,2025-06-27,1002
7832948571630,2025-06-28,1002
7832948571630,2025-06-29,1192
7832948571630,2025-06-30,1192
7832948571630,2025-07-01,1156
7832948571630,2025-07-02,1156
7832948571630,2025-07-03,1156
7832948571630,2025-07-04,1156
7832948571630,2025-07-05,1156
7832948571630,2025-07-06,1156
7832948571630,2025-07-07,1156
7832948571630,2025-07-08,1156
7832948571630,2025-07-09,1156
7832948571630,2025-07-10,1119
7832948571630,2025-07-11,1119
7832948571630,2025-07-12,1119
7832948571630,2025-07-13,1119
7832948571630,2025-07-14,1119
7832948571630,2025-07-15,1119
7832948571630,2025-07-16,1119
7832948571630,2025-07-17,1119
7832948571630,2025-07-18,1119
7832948571630,2025-07-19,1119
7832948571630,2025-07-20,1084
7832948571630,2025-07-21,1084
7832948571630,2025-07-22,1084
7832948571630,2025-07-23,1084
7832948571630,2025-07-24,1084
7832948571630,2025-07-25,1042
7832948571630,2025-07-26,1042
7832948571630,2025-07-27,1042
7832948571630,2025-07-28,1042
7832948571630,2025-07-29,1042
7832948571630,2025-07-30,1042
7832948571630,2025-07-31,1042
7832948571630,2025-08-01,1042
7832948571630,2025-08-02,1227
7832948571630,2025-08-03,1227
7832948571630,2025-08-04,1184
7832948571630,2025-08-05,1184
7832948571630,2025-08-06,1184
7832948571630,2025-08-07,1184
7832948571630,2025-08-08,1184
7832948571630,2025-08-09,1184
7832948571630,2025-08-10,1184
7832948571630,2025-08-11,1184
7832948571630,2025-08-12,1184
7832948571630,2025-08-13,1184
7832948571630,2025-08-14,1153
7832948571630,2025-08-15,1153
7832948571630,2025-08-16,1153
7832948571630,2025-08-17,1153
7832948571630,2025-08-18,1153
7832948571630,2025-08-19,1153
7832948571630,2025-08-20,1111
7832948571630,2025-08-21,1111
7832948571630,2025-08-22,1111
7832948571630,2025-08-23,1111
7832948571630,2025-08-24,1111
7832948571630,2025-08-25,1111
7832948571630,2025-08-26,1077
7832948571630,2025-08-27,1077
7832948571630,2025-08-28,1077
7832948571630,2025-08-29,1077
7832948571630,2025-08-30,1077
7832948571630,2025-08-31,1077
7832948571630,2025-09-01,1077
7832948571630,2025-09-02,1077
7832948571630,2025-09-03,1077
7832948571630,2025-09-04,1043
7832948571630,2025-09-05,1262
7832948571630,2025-09-06,1262
7832948571630,2025-09-07,1262
7832948571630,2025-09-08,1262
7832948571630,2025-09-09,1262
7832948571630,2025-09-10,1262
7832948571630,2025-09-11,1229
7832948571630,2025-09-12,1229
7832948571630,2025-09-13,1229
7832948571630,2025-09-14,1229
7832948571630,2025-09-15,1229
7832948571630,2025-09-16,1229
7832948571630,2025-09-17,1229
7832948571630,2025-09-18,1180
7832948571630,2025-09-19,1180
7832948571630,2025-09-20,1180
7832948571630,2025-09-21,1180
7832948571630,2025-09-22,1180
7832948571630,2025-09-23,1180
7832948571630,2025-09-24,1180
7832948571630,2025-09-25,1180
7832948571630,2025-09-26,1180
7832948571630,2025-09-27,1180
7832948571630,2025-09-28,1134
7832948571630,2025-09-29,1134
7832948571630,2025-09-30,1134
7832948571630,2025-10-01,1134
7832948571630,2025-10-02,1290
7832948571630,2025-10-03,1254
7832948571630,2025-10-04,1254
7832948571630,2025-10-05,1254
7832948571630,2025-10-06,1254
7832948571630,2025-10-07,1254
7832948571630,2025-10-08,1254
7832948571630,2025-10-09,1254
7832948571630,2025-10-10,1254
7832948571630,2025-10-11,1254
7832948571630,2025-10-12,1254
7832948571630,2025-10-13,1211
7832948571630,2025-10-14,1211
7832948571630,2025-10-15,1211
7832948571630,2025-10-16,1211
7832948571630,2025-10-17,1211
7832948571630,2025-10-18,1211
7832948571630,2025-10-19,1211
7832948571630,2025-10-20,1167
7832948571630,2025-10-21,1167
7832948571630,2025-10-22,1167
7832948571630,2025-10-23,1167
7832948571630,2025-10-24,1313
7832948571630,2025-10-25,1313
7832948571630,2025-10-26,1313
7832948571630,2025-10-27,1313
7832948571630,2025-10-28,1313
7832948571630,2025-10-29,1272
7832948571630,2025-10-30,1272
7832948571630,2025-10-31,1272
7832948571630,2025-11-01,1272
7832948571630,2025-11-02,1272
7832948571630,2025-11-03,1272
7832948571630,2025-11-04,1233
7832948571630,2025-11-05,1233
7832948571630,2025-11-06,1233
7832948571630,2025-11-07,1233
7832948571630,2025-11-08,1233
7832948571630,2025-11-09,1233
7832948571630,2025-11-10,1233
7832948571630,2025-11-11,1233
7832948571630,2025-11-12,1192
7832948571630,2025-11-13,1192
7832948571630,2025-11-14,1192
7832948571630,2025-11-15,1192
7832948571630,2025-11-16,1192
7832948571630,2025-11-17,1159
7832948571630,2025-11-18,1159
7832948571630,2025-11-19,1159
7832948571630,2025-11-20,1159
7832948571630,2025-11-21,1159
7832948571630,2025-11-22,1120
7832948571630,2025-11-23,1120
7832948571630,2025-11-24,1345
7832948571630,2025-11-25,1345
7832948571630,2025-11-26,1345
7832948571630,2025-11-27,1345
7832948571630,2025-11-28,1345
7832948571630,2025-11-29,1345
7832948571630,2025-11-30,1345
7832948571630,2025-12-01,1345
7832948571630,2025-12-02,1300
7832948571630,2025-12-03,1300
7832948571630,2025-12-04,1300
7832948571630,2025-12-05,1300
7832948571630,2025-12-06,1300
7832948571630,2025-12-07,1300
7832948571630,2025-12-08,1300
7832948571630,2025-12-09,1251
7832948571630,2025-12-10,1251
7832948571630,2025-12-11,1251
7832948571630,2025-12-12,1251
7832948571630,2025-12-13,1251
7832948571630,2025-12-14,1251
7832948571630,2025-12-15,1251
7832948571630,2025-12-16,1251
7832948571630,2025-12-17,1251
7832948571630,2025-12-18,1251
7832948571630,2025-12-19,1371
7832948571630,2025-12-20,1371
7832948571630,2025-12-21,1371
7832948571630,2025-12-22,1371
7832948571630,2025-12-23,1371
7832948571630,2025-12-24,1371
7832948571630,2025-12-25,1371
7832948571630,2025-12-26,1371
7832948571630,2025-12-27,1371
7832948571630,2025-12-28,1338
7832948571630,2025-12-29,1338
7832948571630,2025-12-30,1338
7832948571630,2025-12-31,1338
7832948571630,2026-01-01,1338
7832948571630,2026-01-02,1338
7832948571630,2026-01-03,1338
7832948571630,2026-01-04,1291
7832948571630,2026-01-05,1291
7832948571630,2026-01-06,1291
7832948571630,2026-01-07,1291
7832948571630,2026-01-08,1291
7832948571630,2026-01-09,1249
7832948571630,2026-01-10,1249
7832948571630,2026-01-11,1249
7832948571630,2026-01-12,1249
7832948571630,2026-01-13,1249
7832948571630,2026-01-14,1249
7832948571630,2026-01-15,1249
7832948571630,2026-01-16,1400
7832948571630,2026-01-17,1356
7832948571630,2026-01-18,1356
7832948571630,2026-01-19,1356
7832948571630,2026-01-20,1356
7832948571630,2026-01-21,1356
7832948571630,2026-01-22,1356
7832948571630,2026-01-23,1356
7832948571630,2026-01-24,1356
7832948571630,2026-01-25,1315
7832948571630,2026-01-26,1315
7832948571630,2026-01-27,1315
7832948571630,2026-01-28,1315
7832948571630,2026-01-29,1315
7832948571630,2026-01-30,1315
7832948571630,2026-01-31,1315
7832948571630,2026-02-01,1315
7832948571630,2026-02-02,1280
7832948571630,2026-02-03,1280
7832948571630,2026-02-04,1280
7832948571630,2026-02-05,1280
7832948571630,2026-02-06,1280
7832948571630,2026-02-07,1280
7832948571630,2026-02-08,1424
7832948571630,2026-02-09,1424
7832948571630,2026-02-10,1424
7832948571630,2026-02-11,1375
7832948571630,2026-02-12,1375
7832948571630,2026-02-13,1375
7832948571630,2026-02-14,1375
7832948571630,2026-02-15,1375
7832948571630,2026-02-16,1375
7832948571630,2026-02-17,1375
7832948571630,2026-02-18,1375
7832948571630,2026-02-19,1375
7832948571630,2026-02-20,1375
7832948571630,2026-02-21,1329
7832948571630,2026-02-22,1329
7832948571630,2026-02-23,1329
7832948571630,2026-02-24,1329
7832948571630,2026-02-25,1329
7832948571630,2026-02-26,1329
7832948571630,2026-02-27,1329
7832948571630,2026-02-28,1329
7832948571630,2026-03-01,1329
7832948571630,2026-03-02,1287
7832948571630,2026-03-03,1287
7832948571630,2026-03-04,1287
7832948571630,2026-03-05,1287
7832948571630,2026-03-06,1287
7832948571630,2026-03-07,1287
7832948571630,2026-03-08,1248
7832948571630,2026-03-09,1248
7832948571630,2026-03-10,1248
7832948571630,2026-03-11,1248
7832948571630,2026-03-12,1248
7832948571630,2026-03-13,1248
7832948571630,2026-03-14,1248
7832948571630,2026-03-15,1248
7832948571630,2026-03-16,1248
7832948571630,2026-03-17,1462
7832948571630,2026-03-18,1403
7832948571630,2026-03-19,1403
7832948571630,2026-03-20,1403
7832948571630,2026-03-21,1403
7832948571630,2026-03-22,1403
7832948571630,2026-03-23,1403
7832948571630,2026-03-24,1403
7832948571630,2026-03-25,1353
7832948571630,2026-03-26,1353
7832948571630,2026-03-27,1353
7832948571630,2026-03-28,1353
7832948571630,2026-03-29,1353
7832948571630,2026-03-30,1353
7832948571630,2026-03-31,1353
7832948571630,2026-04-01,1353
7832948571630,2026-04-02,1353
7832948571630,2026-04-03,1353
7832948571630,2026-04-04,1316
7832948571630,2026-04-05,1316
7832948571630,2026-04-06,1316
7832948571630,2026-04-07,1316
7832948571630,2026-04-08,1485
7832948571630,2026-04-09,1485
7832948571630,2026-04-10,1485
7832948571630,2026-04-11,1485
7832948571630,2026-04-12,1485
7832948571630,2026-04-13,1485
7832948571630,2026-04-14,1447
7832948571630,2026-04-15,1447
7832948571630,2026-04-16,1447
7832948571630,2026-04-17,1447
7832948571630,2026-04-18,1447
7832948571630,2026-04-19,1447
7832948571630,2026-04-20,1402
7832948571630,2026-04-21,1402
7832948571630,2026-04-22,1402
7832948571630,2026-04-23,1402
7832948571630,2026-04-24,1402
7832948571630,2026-04-25,1361
7832948571630,2026-04-26,1361
7832948571630,2026-04-27,1361
7832948571630,2026-04-28,1505
7832948571630,2026-04-29,1505
7832948571630,2026-04-30,1505
7832948571630,2026-05-01,1505
7832948571630,2026-05-02,1457
7832948571630,2026-05-03,1457
7832948571630,2026-05-04,1457
7832948571630,2026-05-05,1457
7832948571630,2026-05-06,1457
7832948571630,2026-05-07,1457
7832948571630,2026-05-08,1408
7832948571630,2026-05-09,1408
7832948571630,2026-05-10,1408
7832948571630,2026-05-11,1408
7832948571630,2026-05-12,1408
7832948571630,2026-05-13,1408
7832948571630,2026-05-14,1408
7832948571630,2026-05-15,1408
7832948571630,2026-05-16,1353
7832948571630,2026-05-17,1353
7832948571630,2026-05-18,1353
7832948571630,2026-05-19,1353
7832948571630,2026-05-20,1353
7832948571630,2026-05-21,1353
7832948571630,2026-05-22,1353
7832948571630,2026-05-23,1303
7832948571630,2026-05-24,1303
7832948571630,2026-05-25,1303
7832948571630,2026-05-26,1303
7832948571630,2026-05-27,1303
7832948571630,2026-05-28,1251
7832948571630,2026-05-29,1537
7832948571630,2026-05-30,1537
7832948571630,2026-05-31,1537
7832948571630,2026-06-01,1537
7832948571630,2026-06-02,1537
7832948571630,2026-06-03,1537
7832948571630,2026-06-04,1537
7832948571630,2026-06-05,1537
7832948571630,2026-06-06,1486
7832948571630,2026-06-07,1486
7832948571630,2026-06-08,1486
7832948571630,2026-06-09,1486
7832948571630,2026-06-10,1486
7832948571630,2026-06-11,1486
7832948571630,2026-06-12,1432
7832948571630,2026-06-13,1432
7832948571630,2026-06-14,1432
7832948571630,2026-06-15,1432
7832948571630,2026-06-16,1432
7832948571630,2026-06-17,1432
7832948571630,2026-06-18,1432
7832948571630,2026-06-19,1432
7832948571630,2026-06-20,1432
7832948571630,2026-06-21,1561
7832948571630,2026-06-22,1561
7832948571630,2026-06-23,1561
7832948571630,2026-06-24,1561
7832948571630,2026-06-25,1561
7832948571630,2026-06-26,1561
7832948571630,2026-06-27,1561
7832948571630,2026-06-28,1561
7832948571630,2026-06-29,1561
7832948571630,2026-06-30,1506
7832948571630,2026-07-01,1506
7836184297355,2024-01-01,482
7836184297355,2024-01-02,482
7836184297355,2024-01-03,482
7836184297355,2024-01-04,482
7836184297355,2024-01-05,482
7836184297355,2024-01-06,482
7836184297355,2024-01-07,470
7836184297355,2024-01-08,470
7836184297355,2024-01-09,470
7836184297355,2024-01-10,470
7836184297355,2024-01-11,470
7836184297355,2024-01-12,470
7836184297355,2024-01-13,452
7836184297355,2024-01-14,452
7836184297355,2024-01-15,452
7836184297355,2024-01-16,452
7836184297355,2024-01-17,452
7836184297355,2024-01-18,437
7836184297355,2024-01-19,437
7836184297355,2024-01-20,437
7836184297355,2024-01-21,437
7836184297355,2024-01-22,437
7836184297355,2024-01-23,428
7836184297355,2024-01-24,428
7836184297355,2024-01-25,428
7836184297355,2024-01-26,428
7836184297355,2024-01-27,428
7836184297355,2024-01-28,428
7836184297355,2024-01-29,428
7836184297355,2024-01-30,428
7836184297355,2024-01-31,428
7836184297355,2024-02-01,411
7836184297355,2024-02-02,411
7836184297355,2024-02-03,411
7836184297355,2024-02-04,411
7836184297355,2024-02-05,411
7836184297355,2024-02-06,400
7836184297355,2024-02-07,851
7836184297355,2024-02-08,851
7836184297355,2024-02-09,851
7836184297355,2024-02-10,851
7836184297355,2024-02-11,851
7836184297355,2024-02-12,851
7836184297355,2024-02-13,851
7836184297355,2024-02-14,841
7836184297355,2024-02-15,841
7836184297355,2024-02-16,841
7836184297355,2024-02-17,841
7836184297355,2024-02-18,841
7836184297355,2024-02-19,822
7836184297355,2024-02-20,822
7836184297355,2024-02-21,822
7836184297355,2024-02-22,822
7836184297355,2024-02-23,822
7836184297355,2024-02-24,822
7836184297355,2024-02-25,822
7836184297355,2024-02-26,822
7836184297355,2024-02-27,805
7836184297355,2024-02-28,805
7836184297355,2024-02-29,805
7836184297355,2024-03-01,805
7836184297355,2024-03-02,805
7836184297355,2024-03-03,805
7836184297355,2024-03-04,805
7836184297355,2024-03-05,805
7836184297355,2024-03-06,791
7836184297355,2024-03-07,791
7836184297355,2024-03-08,791
7836184297355,2024-03-09,791
7836184297355,2024-03-10,791
7836184297355,2024-03-11,791
7836184297355,2024-03-12,767
7836184297355,2024-03-13,767
7836184297355,2024-03-14,767
7836184297355,2024-03-15,900
7836184297355,2024-03-16,900
7836184297355,2024-03-17,900
7836184297355,2024-03-18,900
7836184297355,2024-03-19,900
7836184297355,2024-03-20,885
7836184297355,2024-03-21,885
7836184297355,2024-03-22,885
7836184297355,2024-03-23,885
7836184297355,2024-03-24,885
7836184297355,2024-03-25,885
7836184297355,2024-03-26,885
7836184297355,2024-03-27,885
7836184297355,2024-03-28,885
7836184297355,2024-03-29,885
7836184297355,2024-03-30,861
7836184297355,2024-03-31,861
7836184297355,2024-04-01,861
7836184297355,2024-04-02,861
7836184297355,2024-04-03,861
7836184297355,2024-04-04,861
7836184297355,2024-04-05,848
7836184297355,2024-04-06,848
7836184297355,2024-04-07,848
7836184297355,2024-04-08,848
7836184297355,2024-04-09,848
7836184297355,2024-04-10,848
7836184297355,2024-04-11,848
7836184297355,2024-04-12,837
7836184297355,2024-04-13,837
7836184297355,2024-04-14,837
7836184297355,2024-04-15,837
7836184297355,2024-04-16,837
7836184297355,2024-04-17,837
7836184297355,2024-04-18,837
7836184297355,2024-04-19,831
7836184297355,2024-04-20,947
7836184297355,2024-04-21,947
7836184297355,2024-04-22,947
7836184297355,2024-04-23,947
7836184297355,2024-04-24,947
7836184297355,2024-04-25,947
7836184297355,2024-04-26,936
7836184297355,2024-04-27,936
7836184297355,2024-04-28,936
7836184297355,2024-04-29,936
7836184297355,2024-04-30,936
7836184297355,2024-05-01,913
7836184297355,2024-05-02,913
7836184297355,2024-05-03,913
7836184297355,2024-05-04,913
7836184297355,2024-05-05,913
7836184297355,2024-05-06,913
7836184297355,2024-05-07,913
7836184297355,2024-05-08,913
7836184297355,2024-05-09,895
7836184297355,2024-05-10,895
7836184297355,2024-05-11,895
7836184297355,2024-05-12,895
7836184297355,2024-05-13,895
7836184297355,2024-05-14,895
7836184297355,2024-05-15,877
7836184297355,2024-05-16,877
7836184297355,2024-05-17,983
7836184297355,2024-05-18,983
7836184297355,2024-05-19,983
7836184297355,2024-05-20,983
7836184297355,2024-05-21,964
7836184297355,2024-05-22,964
7836184297355,2024-05-23,964
7836184297355,2024-05-24,964
7836184297355,2024-05-25,964
7836184297355,2024-05-26,964
7836184297355,2024-05-27,964
7836184297355,2024-05-28,944
7836184297355,2024-05-29,944
7836184297355,2024-05-30,944
7836184297355,2024-05-31,944
7836184297355,2024-06-01,944
7836184297355,2024-06-02,944
7836184297355,2024-06-03,927
7836184297355,2024-06-04,927
7836184297355,2024-06-05,927
7836184297355,2024-06-06,927
7836184297355,2024-06-07,927
7836184297355,2024-06-08,927
7836184297355,2024-06-09,927
7836184297355,2024-06-10,927
7836184297355,2024-06-11,909
7836184297355,2024-06-12,909
7836184297355,2024-06-13,909
7836184297355,2024-06-14,909
7836184297355,2024-06-15,909
7836184297355,2024-06-16,909
7836184297355,2024-06-17,909
7836184297355,2024-06-18,909
7836184297355,2024-06-19,887
7836184297355,2024-06-20,887
7836184297355,2024-06-21,887
7836184297355,2024-06-22,887
7836184297355,2024-06-23,887
7836184297355,2024-06-24,887
7836184297355,2024-06-25,869
7836184297355,2024-06-26,1035
7836184297355,2024-06-27,1035
7836184297355,2024-06-28,1035
7836184297355,2024-06-29,1035
7836184297355,2024-06-30,1035
7836184297355,2024-07-01,1035
7836184297355,2024-07-02,1010
7836184297355,2024-07-03,1010
7836184297355,2024-07-04,1010
7836184297355,2024-07-05,1010
7836184297355,2024-07-06,1010
7836184297355,2024-07-07,1010
7836184297355,2024-07-08,1010
7836184297355,2024-07-09,1010
7836184297355,2024-07-10,1010
7836184297355,2024-07-11,987
7836184297355,2024-07-12,987
7836184297355,2024-07-13,987
7836184297355,2024-07-14,987
7836184297355,2024-07-15,987
7836184297355,2024-07-16,987
7836184297355,2024-07-17,987
7836184297355,2024-07-18,987
7836184297355,2024-07-19,987
7836184297355,2024-07-20,965
7836184297355,2024-07-21,1068
7836184297355,2024-07-22,1068
7836184297355,2024-07-23,1068
7836184297355,2024-07-24,1068
7836184297355,2024-07-25,1068
7836184297355,2024-07-26,1068
7836184297355,2024-07-27,1068
7836184297355,2024-07-28,1068
7836184297355,2024-07-29,1068
7836184297355,2024-07-30,1046
7836184297355,2024-07-31,1046
7836184297355,2024-08-01,1046
7836184297355,2024-08-02,1046
7836184297355,2024-08-03,1046
7836184297355,2024-08-04,1046
7836184297355,2024-08-05,1046
7836184297355,2024-08-06,1021
7836184297355,2024-08-07,1021
7836184297355,2024-08-08,1021
7836184297355,2024-08-09,1021
7836184297355,2024-08-10,1021
7836184297355,2024-08-11,992
7836184297355,2024-08-12,992
7836184297355,2024-08-13,992
7836184297355,2024-08-14,1100
7836184297355,2024-08-15,1100
7836184297355,2024-08-16,1075
7836184297355,2024-08-17,1075
7836184297355,2024-08-18,1075
7836184297355,2024-08-19,1075
7836184297355,2024-08-20,1075
7836184297355,2024-08-21,1059
7836184297355,2024-08-22,1059
7836184297355,2024-08-23,1059
7836184297355,2024-08-24,1059
7836184297355,2024-08-25,1059
7836184297355,2024-08-26,1059
7836184297355,2024-08-27,1059
7836184297355,2024-08-28,1059
7836184297355,2024-08-29,1059
7836184297355,2024-08-30,1059
7836184297355,2024-08-31,1045
7836184297355,2024-09-01,1045
7836184297355,2024-09-02,1045
7836184297355,2024-09-03,1045
7836184297355,2024-09-04,1045
7836184297355,2024-09-05,1023
7836184297355,2024-09-06,1023
7836184297355,2024-09-07,1023
7836184297355,2024-09-08,1023
7836184297355,2024-09-09,1023
7836184297355,2024-09-10,1023
7836184297355,2024-09-11,1023
7836184297355,2024-09-12,1023
7836184297355,2024-09-13,1023
7836184297355,2024-09-14,1000
7836184297355,2024-09-15,1000
7836184297355,2024-09-16,1000
7836184297355,2024-09-17,1000
7836184297355,2024-09-18,1000
7836184297355,2024-09-19,1000
7836184297355,2024-09-20,1000
7836184297355,2024-09-21,1150
7836184297355,2024-09-22,1150
7836184297355,2024-09-23,1130
7836184297355,2024-09-24,1130
7836184297355,2024-09-25,1130
7836184297355,2024-09-26,1130
7836184297355,2024-09-27,1130
7836184297355,2024-09-28,1130
7836184297355,2024-09-29,1107
7836184297355,2024-09-30,1107
7836184297355,2024-10-01,1107
7836184297355,2024-10-02,1107
7836184297355,2024-10-03,1107
7836184297355,2024-10-04,1079
7836184297355,2024-10-05,1079
7836184297355,2024-10-06,1079
7836184297355,2024-10-07,1079
7836184297355,2024-10-08,1079
7836184297355,2024-10-09,1079
7836184297355,2024-10-10,1052
7836184297355,2024-10-11,1052
7836184297355,2024-10-12,1052
7836184297355,2024-10-13,1052
7836184297355,2024-10-14,1052
7836184297355,2024-10-15,1052
7836184297355,2024-10-16,1028
7836184297355,2024-10-17,1028
7836184297355,2024-10-18,1028
7836184297355,2024-10-19,1028
7836184297355,2024-10-20,1028
7836184297355,2024-10-21,1028
7836184297355,2024-10-22,1028
7836184297355,2024-10-23,1028
7836184297355,2024-10-24,1193
7836184297355,2024-10-25,1193
7836184297355,2024-10-26,1169
7836184297355,2024-10-27,1169
7836184297355,2024-10-28,1169
7836184297355,2024-10-29,1169
7836184297355,2024-10-30,1169
7836184297355,2024-10-31,1169
7836184297355,2024-11-01,1169
7836184297355,2024-11-02,1169
7836184297355,2024-11-03,1149
7836184297355,2024-11-04,1149
7836184297355,2024-11-05,1149
7836184297355,2024-11-06,1149
7836184297355,2024-11-07,1149
7836184297355,2024-11-08,1149
7836184297355,2024-11-09,1149
7836184297355,2024-11-10,1149
7836184297355,2024-11-11,1149
7836184297355,2024-11-12,1115
7836184297355,2024-11-13,1115
7836184297355,2024-11-14,1115
7836184297355,2024-11-15,1115
7836184297355,2024-11-16,1115
7836184297355,2024-11-17,1115
7836184297355,2024-11-18,1115
7836184297355,2024-11-19,1115
7836184297355,2024-11-20,1115
7836184297355,2024-11-21,1088
7836184297355,2024-11-22,1088
7836184297355,2024-11-23,1233
7836184297355,2024-11-24,1233
7836184297355,2024-11-25,1233
7836184297355,2024-11-26,1233
7836184297355,2024-11-27,1233
7836184297355,2024-11-28,1213
7836184297355,2024-11-29,1213
7836184297355,2024-11-30,1213
7836184297355,2024-12-01,1213
7836184297355,2024-12-02,1213
7836184297355,2024-12-03,1213
7836184297355,2024-12-04,1181
7836184297355,2024-12-05,1181
7836184297355,2024-12-06,1181
7836184297355,2024-12-07,1181
7836184297355,2024-12-08,1181
7836184297355,2024-12-09,1181
7836184297355,2024-12-10,1181
7836184297355,2024-12-11,1181
7836184297355,2024-12-12,1181
7836184297355,2024-12-13,1151
7836184297355,2024-12-14,1151
7836184297355,2024-12-15,1151
7836184297355,2024-12-16,1151
7836184297355,2024-12-17,1151
7836184297355,2024-12-18,1151
7836184297355,2024-12-19,1151
7836184297355,2024-12-20,1151
7836184297355,2024-12-21,1126
7836184297355,2024-12-22,1126
7836184297355,2024-12-23,1126
7836184297355,2024-12-24,1126
7836184297355,2024-12-25,1126
7836184297355,2024-12-26,1126
7836184297355,2024-12-27,1094
7836184297355,2024-12-28,1094
7836184297355,2024-12-29,1094
7836184297355,2024-12-30,1094
7836184297355,2024-12-31,1283
7836184297355,2025-01-01,1283
7836184297355,2025-01-02,1260
7836184297355,2025-01-03,1260
7836184297355,2025-01-04,1260
7836184297355,2025-01-05,1260
7836184297355,2025-01-06,1260
7836184297355,2025-01-07,1241
7836184297355,2025-01-08,1241
7836184297355,2025-01-09,1241
7836184297355,2025-01-10,1241
7836184297355,2025-01-11,1241
7836184297355,2025-01-12,1241
7836184297355,2025-01-13,1241
7836184297355,2025-01-14,1241
7836184297355,2025-01-15,1241
7836184297355,2025-01-16,1241
7836184297355,2025-01-17,1210
7836184297355,2025-01-18,1210
7836184297355,2025-01-19,1210
7836184297355,2025-01-20,1210
7836184297355,2025-01-21,1210
7836184297355,2025-01-22,1210
7836184297355,2025-01-23,1210
7836184297355,2025-01-24,1210
7836184297355,2025-01-25,1210
7836184297355,2025-01-26,1178
7836184297355,2025-01-27,1178
7836184297355,2025-01-28,1178
7836184297355,2025-01-29,1178
7836184297355,2025-01-30,1178
7836184297355,2025-01-31,1178
7836184297355,2025-02-01,1144
7836184297355,2025-02-02,1326
7836184297355,2025-02-03,1326
7836184297355,2025-02-04,1326
7836184297355,2025-02-05,1326
7836184297355,2025-02-06,1326
7836184297355,2025-02-07,1326
7836184297355,2025-02-08,1326
7836184297355,2025-02-09,1294
7836184297355,2025-02-10,1294
7836184297355,2025-02-11,1294
7836184297355,2025-02-12,1294
7836184297355,2025-02-13,1294
7836184297355,2025-02-14,1294
7836184297355,2025-02-15,1294
7836184297355,2025-02-16,1294
7836184297355,2025-02-17,1294
7836184297355,2025-02-18,1294
7836184297355,2025-02-19,1265
7836184297355,2025-02-20,1265
7836184297355,2025-02-21,1265
7836184297355,2025-02-22,1353
7836184297355,2025-02-23,1353
7836184297355,2025-02-24,1353
7836184297355,2025-02-25,1353
7836184297355,2025-02-26,1353
7836184297355,2025-02-27,1323
7836184297355,2025-02-28,1323
7836184297355,2025-03-01,1323
7836184297355,2025-03-02,1323
7836184297355,2025-03-03,1323
7836184297355,2025-03-04,1290
7836184297355,2025-03-05,1290
7836184297355,2025-03-06,1290
7836184297355,2025-03-07,1290
7836184297355,2025-03-08,1290
7836184297355,2025-03-09,1290
7836184297355,2025-03-10,1269
7836184297355,2025-03-11,1269
7836184297355,2025-03-12,1269
7836184297355,2025-03-13,1269
7836184297355,2025-03-14,1269
7836184297355,2025-03-15,1269
7836184297355,2025-03-16,1269
7836184297355,2025-03-17,1383
7836184297355,2025-03-18,1383
7836184297355,2025-03-19,1383
7836184297355,2025-03-20,1349
7836184297355,2025-03-21,1349
7836184297355,2025-03-22,1349
7836184297355,2025-03-23,1349
7836184297355,2025-03-24,1349
7836184297355,2025-03-25,1349
7836184297355,2025-03-26,1349
7836184297355,2025-03-27,1349
7836184297355,2025-03-28,1349
7836184297355,2025-03-29,1349
7836184297355,2025-03-30,1318
7836184297355,2025-03-31,1318
7836184297355,2025-04-01,1318
7836184297355,2025-04-02,1318
7836184297355,2025-04-03,1318
7836184297355,2025-04-04,1318
7836184297355,2025-04-05,1279
7836184297355,2025-04-06,1279
7836184297355,2025-04-07,1279
7836184297355,2025-04-08,1279
7836184297355,2025-04-09,1279
7836184297355,2025-04-10,1279
7836184297355,2025-04-11,1279
7836184297355,2025-04-12,1279
7836184297355,2025-04-13,1279
7836184297355,2025-04-14,1279
7836184297355,2025-04-15,1242
7836184297355,2025-04-16,1242
7836184297355,2025-04-17,1242
7836184297355,2025-04-18,1242
7836184297355,2025-04-19,1242
7836184297355,2025-04-20,1242
7836184297355,2025-04-21,1242
7836184297355,2025-04-22,1242
7836184297355,2025-04-23,1432
7836184297355,2025-04-24,1432
7836184297355,2025-04-25,1390
7836184297355,2025-04-26,1390
7836184297355,2025-04-27,1390
7836184297355,2025-04-28,1390
7836184297355,2025-04-29,1390
7836184297355,2025-04-30,1390
7836184297355,2025-05-01,1390
7836184297355,2025-05-02,1390
7836184297355,2025-05-03,1390
7836184297355,2025-05-04,1353
7836184297355,2025-05-05,1353
7836184297355,2025-05-06,1353
7836184297355,2025-05-07,1353
7836184297355,2025-05-08,1353
7836184297355,2025-05-09,1331
7836184297355,2025-05-10,1331
7836184297355,2025-05-11,1331
7836184297355,2025-05-12,1331
7836184297355,2025-05-13,1331
7836184297355,2025-05-14,1331
7836184297355,2025-05-15,1331
7836184297355,2025-05-16,1331
7836184297355,2025-05-17,1331
7836184297355,2025-05-18,1465
7836184297355,2025-05-19,1433
7836184297355,2025-05-20,1433
7836184297355,2025-05-21,1433
7836184297355,2025-05-22,1433
7836184297355,2025-05-23,1433
7836184297355,2025-05-24,1433
7836184297355,2025-05-25,1433
7836184297355,2025-05-26,1433
7836184297355,2025-05-27,1433
7836184297355,2025-05-28,1433
7836184297355,2025-05-29,1401
7836184297355,2025-05-30,1401
7836184297355,2025-05-31,1401
7836184297355,2025-06-01,1401
7836184297355,2025-06-02,1401
7836184297355,2025-06-03,1365
7836184297355,2025-06-04,1365
7836184297355,2025-06-05,1365
7836184297355,2025-06-06,1365
7836184297355,2025-06-07,1491
7836184297355,2025-06-08,1463
7836184297355,2025-06-09,1463
7836184297355,2025-06-10,1463
7836184297355,2025-06-11,1463
7836184297355,2025-06-12,1463
7836184297355,2025-06-13,1463
7836184297355,2025-06-14,1463
7836184297355,2025-06-15,1426
7836184297355,2025-06-16,1426
7836184297355,2025-06-17,1426
7836184297355,2025-06-18,1426
7836184297355,2025-06-19,1426
7836184297355,2025-06-20,1426
7836184297355,2025-06-21,1426
7836184297355,2025-06-22,1426
7836184297355,2025-06-23,1426
7836184297355,2025-06-24,1399
7836184297355,2025-06-25,1399
7836184297355,2025-06-26,1399
7836184297355,2025-06-27,1399
7836184297355,2025-06-28,1399
7836184297355,2025-06-29,1399
7836184297355,2025-06-30,1399
7836184297355,2025-07-01,1367
7836184297355,2025-07-02,1367
7836184297355,2025-07-03,1367
7836184297355,2025-07-04,1367
7836184297355,2025-07-05,1367
7836184297355,2025-07-06,1367
7836184297355,2025-07-07,1367
7836184297355,2025-07-08,1367
7836184297355,2025-07-09,1367
7836184297355,2025-07-10,1332
7836184297355,2025-07-11,1332
7836184297355,2025-07-12,1332
7836184297355,2025-07-13,1539
7836184297355,2025-07-14,1539
7836184297355,2025-07-15,1539
7836184297355,2025-07-16,1539
7836184297355,2025-07-17,1539
7836184297355,2025-07-18,1511
7836184297355,2025-07-19,1511
7836184297355,2025-07-20,1511
7836184297355,2025-07-21,1511
7836184297355,2025-07-22,1511
7836184297355,2025-07-23,1511
7836184297355,2025-07-24,1511
7836184297355,2025-07-25,1511
7836184297355,2025-07-26,1511
7836184297355,2025-07-27,1511
7836184297355,2025-07-28,1477
7836184297355,2025-07-29,1477
7836184297355,2025-07-30,1477
7836184297355,2025-07-31,1477
7836184297355,2025-08-01,1477
7836184297355,2025-08-02,1477
7836184297355,2025-08-03,1477
7836184297355,2025-08-04,1477
7836184297355,2025-08-05,1477
7836184297355,2025-08-06,1445
7836184297355,2025-08-07,1571
7836184297355,2025-08-08,1571
7836184297355,2025-08-09,1571
7836184297355,2025-08-10,1571
7836184297355,2025-08-11,1534
7836184297355,2025-08-12,1534
7836184297355,2025-08-13,1534
7836184297355,2025-08-14,1534
7836184297355,2025-08-15,1534
7836184297355,2025-08-16,1534
7836184297355,2025-08-17,1506
7836184297355,2025-08-18,1506
7836184297355,2025-08-19,1506
7836184297355,2025-08-20,1506
7836184297355,2025-08-21,1506
7836184297355,2025-08-22,1506
7836184297355,2025-08-23,1506
7836184297355,2025-08-24,1506
7836184297355,2025-08-25,1478
7836184297355,2025-08-26,1478
7836184297355,2025-08-27,1478
7836184297355,2025-08-28,1599
7836184297355,2025-08-29,1599
7836184297355,2025-08-30,1599
7836184297355,2025-08-31,1599
7836184297355,2025-09-01,1599
7836184297355,2025-09-02,1599
7836184297355,2025-09-03,1563
7836184297355,2025-09-04,1563
7836184297355,2025-09-05,1563
7836184297355,2025-09-06,1563
7836184297355,2025-09-07,1563
7836184297355,2025-09-08,1530
7836184297355,2025-09-09,1530
7836184297355,2025-09-10,1530
7836184297355,2025-09-11,1530
7836184297355,2025-09-12,1530
7836184297355,2025-09-13,1530
7836184297355,2025-09-14,1493
7836184297355,2025-09-15,1493
7836184297355,2025-09-16,1493
7836184297355,2025-09-17,1493
7836184297355,2025-09-18,1493
7836184297355,2025-09-19,1493
7836184297355,2025-09-20,1493
7836184297355,2025-09-21,1493
7836184297355,2025-09-22,1493
7836184297355,2025-09-23,1633
7836184297355,2025-09-24,1633
7836184297355,2025-09-25,1633
7836184297355,2025-09-26,1633
7836184297355,2025-09-27,1633
7836184297355,2025-09-28,1633
7836184297355,2025-09-29,1597
7836184297355,2025-09-30,1597
7836184297355,2025-10-01,1597
7836184297355,2025-10-02,1597
7836184297355,2025-10-03,1597
7836184297355,2025-10-04,1597
7836184297355,2025-10-05,1597
7836184297355,2025-10-06,1563
7836184297355,2025-10-07,1563
7836184297355,2025-10-08,1563
7836184297355,2025-10-09,1563
7836184297355,2025-10-10,1563
7836184297355,2025-10-11,1515
7836184297355,2025-10-12,1515
7836184297355,2025-10-13,1515
7836184297355,2025-10-14,1515
7836184297355,2025-10-15,1515
7836184297355,2025-10-16,1515
7836184297355,2025-10-17,1515
7836184297355,2025-10-18,1515
7836184297355,2025-10-19,1515
7836184297355,2025-10-20,1515
7836184297355,2025-10-21,1470
7836184297355,2025-10-22,1470
7836184297355,2025-10-23,1470
7836184297355,2025-10-24,1470
7836184297355,2025-10-25,1470
7836184297355,2025-10-26,1470
7836184297355,2025-10-27,1427
7836184297355,2025-10-28,1427
7836184297355,2025-10-29,1681
7836184297355,2025-10-30,1681
7836184297355,2025-10-31,1681
7836184297355,2025-11-01,1681
7836184297355,2025-11-02,1681
7836184297355,2025-11-03,1681
7836184297355,2025-11-04,1681
7836184297355,2025-11-05,1681
7836184297355,2025-11-06,1640
7836184297355,2025-11-07,1640
7836184297355,2025-11-08,1640
7836184297355,2025-11-09,1640
7836184297355,2025-11-10,1640
7836184297355,2025-11-11,1640
7836184297355,2025-11-12,1640
7836184297355,2025-11-13,1640
7836184297355,2025-11-14,1640
7836184297355,2025-11-15,1598
7836184297355,2025-11-16,1598
7836184297355,2025-11-17,1598
7836184297355,2025-11-18,1598
7836184297355,2025-11-19,1598
7836184297355,2025-11-20,1598
7836184297355,2025-11-21,1562
7836184297355,2025-11-22,1562
7836184297355,2025-11-23,1562
7836184297355,2025-11-24,1562
7836184297355,2025-11-25,1562
7836184297355,2025-11-26,1562
7836184297355,2025-11-27,1562
7836184297355,2025-11-28,1562
7836184297355,2025-11-29,1562
7836184297355,2025-11-30,1562
7836184297355,2025-12-01,1525
7836184297355,2025-12-02,1525
7836184297355,2025-12-03,1727
7836184297355,2025-12-04,1727
7836184297355,2025-12-05,1727
7836184297355,2025-12-06,1727
7836184297355,2025-12-07,1687
7836184297355,2025-12-08,1687
7836184297355,2025-12-09,1687
7836184297355,2025-12-10,1687
7836184297355,2025-12-11,1687
7836184297355,2025-12-12,1687
7836184297355,2025-12-13,1687
7836184297355,2025-12-14,1648
7836184297355,2025-12-15,1648
7836184297355,2025-12-16,1648
7836184297355,2025-12-17,1648
7836184297355,2025-12-18,1648
7836184297355,2025-12-19,1607
7836184297355,2025-12-20,1607
7836184297355,2025-12-21,1607
7836184297355,2025-12-22,1607
7836184297355,2025-12-23,1607
7836184297355,2025-12-24,1607
7836184297355,2025-12-25,1607
7836184297355,2025-12-26,1559
7836184297355,2025-12-27,1759
7836184297355,2025-12-28,1759
7836184297355,2025-12-29,1759
7836184297355,2025-12-30,1759
7836184297355,2025-12-31,1759
7836184297355,2026-01-01,1759
7836184297355,2026-01-02,1759
7836184297355,2026-01-03,1759
7836184297355,2026-01-04,1759
7836184297355,2026-01-05,1718
7836184297355,2026-01-06,1718
7836184297355,2026-01-07,1718
7836184297355,2026-01-08,1718
7836184297355,2026-01-09,1718
7836184297355,2026-01-10,1718
7836184297355,2026-01-11,1718
7836184297355,2026-01-12,1718
7836184297355,2026-01-13,1718
7836184297355,2026-01-14,1686
7836184297355,2026-01-15,1686
7836184297355,2026-01-16,1686
7836184297355,2026-01-17,1686
7836184297355,2026-01-18,1686
7836184297355,2026-01-19,1686
7836184297355,2026-01-20,1686
7836184297355,2026-01-21,1686
7836184297355,2026-01-22,1793
7836184297355,2026-01-23,1793
7836184297355,2026-01-24,1737
7836184297355,2026-01-25,1737
7836184297355,2026-01-26,1737
7836184297355,2026-01-27,1737
7836184297355,2026-01-28,1737
7836184297355,2026-01-29,1737
7836184297355,2026-01-30,1737
7836184297355,2026-01-31,1688
7836184297355,2026-02-01,1688
7836184297355,2026-02-02,1688
7836184297355,2026-02-03,1688
7836184297355,2026-02-04,1688
7836184297355,2026-02-05,1688
7836184297355,2026-02-06,1688
7836184297355,2026-02-07,1688
7836184297355,2026-02-08,1688
7836184297355,2026-02-09,1646
7836184297355,2026-02-10,1646
7836184297355,2026-02-11,1646
7836184297355,2026-02-12,1646
7836184297355,2026-02-13,1646
7836184297355,2026-02-14,1823
7836184297355,2026-02-15,1823
7836184297355,2026-02-16,1823
7836184297355,2026-02-17,1823
7836184297355,2026-02-18,1823
7836184297355,2026-02-19,1823
7836184297355,2026-02-20,1823
7836184297355,2026-02-21,1823
7836184297355,2026-02-22,1823
7836184297355,2026-02-23,1823
7836184297355,2026-02-24,1779
7836184297355,2026-02-25,1779
7836184297355,2026-02-26,1779
7836184297355,2026-02-27,1779
7836184297355,2026-02-28,1779
7836184297355,2026-03-01,1779
7836184297355,2026-03-02,1742
7836184297355,2026-03-03,1742
7836184297355,2026-03-04,1742
7836184297355,2026-03-05,1742
7836184297355,2026-03-06,1742
7836184297355,2026-03-07,1706
7836184297355,2026-03-08,1706
7836184297355,2026-03-09,1706
7836184297355,2026-03-10,1855
7836184297355,2026-03-11,1855
7836184297355,2026-03-12,1855
7836184297355,2026-03-13,1855
7836184297355,2026-03-14,1820
7836184297355,2026-03-15,1820
7836184297355,2026-03-16,1820
7836184297355,2026-03-17,1820
7836184297355,2026-03-18,1820
7836184297355,2026-03-19,1820
7836184297355,2026-03-20,1773
7836184297355,2026-03-21,1773
7836184297355,2026-03-22,1773
7836184297355,2026-03-23,1773
7836184297355,2026-03-24,1773
7836184297355,2026-03-25,1773
7836184297355,2026-03-26,1773
7836184297355,2026-03-27,1773
7836184297355,2026-03-28,1729
7836184297355,2026-03-29,1729
7836184297355,2026-03-30,1729
7836184297355,2026-03-31,1729
7836184297355,2026-04-01,1729
7836184297355,2026-04-02,1729
7836184297355,2026-04-03,1886
7836184297355,2026-04-04,1886
7836184297355,2026-04-05,1838
7836184297355,2026-04-06,1838
7836184297355,2026-04-07,1838
7836184297355,2026-04-08,1838
7836184297355,2026-04-09,1838
7836184297355,2026-04-10,1793
7836184297355,2026-04-11,1793
7836184297355,2026-04-12,1793
7836184297355,2026-04-13,1793
7836184297355,2026-04-14,1793
7836184297355,2026-04-15,1793
7836184297355,2026-04-16,1748
7836184297355,2026-04-17,1748
7836184297355,2026-04-18,1748
7836184297355,2026-04-19,1748
7836184297355,2026-04-20,1748
7836184297355,2026-04-21,1748
7836184297355,2026-04-22,1699
7836184297355,2026-04-23,1699
7836184297355,2026-04-24,1699
7836184297355,2026-04-25,1699
7836184297355,2026-04-26,1699
7836184297355,2026-04-27,1699
7836184297355,2026-04-28,1699
7836184297355,2026-04-29,1699
7836184297355,2026-04-30,1699
7836184297355,2026-05-01,1648
7836184297355,2026-05-02,1648
7836184297355,2026-05-03,1648
7836184297355,2026-05-04,1927
7836184297355,2026-05-05,1927
7836184297355,2026-05-06,1877
7836184297355,2026-05-07,1877
7836184297355,2026-05-08,1877
7836184297355,2026-05-09,1877
7836184297355,2026-05-10,1877
7836184297355,2026-05-11,1877
7836184297355,2026-05-12,1877
7836184297355,2026-05-13,1829
7836184297355,2026-05-14,1829
7836184297355,2026-05-15,1829
7836184297355,2026-05-16,1829
7836184297355,2026-05-17,1829
7836184297355,2026-05-18,1781
7836184297355,2026-05-19,1781
7836184297355,2026-05-20,1781
7836184297355,2026-05-21,1781
7836184297355,2026-05-22,1781
7836184297355,2026-05-23,1781
7836184297355,2026-05-24,1781
7836184297355,2026-05-25,1734
7836184297355,2026-05-26,1734
7836184297355,2026-05-27,1734
7836184297355,2026-05-28,1734
7836184297355,2026-05-29,1734
7836184297355,2026-05-30,1734
7836184297355,2026-05-31,1734
7836184297355,2026-06-01,1734
7836184297355,2026-06-02,1692
7836184297355,2026-06-03,1692
7836184297355,2026-06-04,1692
7836184297355,2026-06-05,1692
7836184297355,2026-06-06,1971
7836184297355,2026-06-07,1971
7836184297355,2026-06-08,1971
7836184297355,2026-06-09,1971
7836184297355,2026-06-10,1929
7836184297355,2026-06-11,1929
7836184297355,2026-06-12,1929
7836184297355,2026-06-13,1929
7836184297355,2026-06-14,1929
7836184297355,2026-06-15,1871
7836184297355,2026-06-16,1871
7836184297355,2026-06-17,1871
7836184297355,2026-06-18,1871
7836184297355,2026-06-19,1871
7836184297355,2026-06-20,1871
7836184297355,2026-06-21,1871
7836184297355,2026-06-22,1871
7836184297355,2026-06-23,1871
7836184297355,2026-06-24,1824
7836184297355,2026-06-25,1824
7836184297355,2026-06-26,1824
7836184297355,2026-06-27,1824
7836184297355,2026-06-28,1824
7836184297355,2026-06-29,1775
7836184297355,2026-06-30,1775
7836184297355,2026-07-01,1775
7837519364827,2024-01-01,123
7837519364827,2024-01-02,123
7837519364827,2024-01-03,123
7837519364827,2024-01-04,123
7837519364827,2024-01-05,123
7837519364827,2024-01-06,123
7837519364827,2024-01-07,123
7837519364827,2024-01-08,123
7837519364827,2024-01-09,104
7837519364827,2024-01-10,104
7837519364827,2024-01-11,104
7837519364827,2024-01-12,104
7837519364827,2024-01-13,104
7837519364827,2024-01-14,104
7837519364827,2024-01-15,104
7837519364827,2024-01-16,104
7837519364827,2024-01-17,104
7837519364827,2024-01-18,104
7837519364827,2024-01-19,87
7837519364827,2024-01-20,87
7837519364827,2024-01-21,87
7837519364827,2024-01-22,87
7837519364827,2024-01-23,87
7837519364827,2024-01-24,87
7837519364827,2024-01-25,797
7837519364827,2024-01-26,797
7837519364827,2024-01-27,797
7837519364827,2024-01-28,797
7837519364827,2024-01-29,788
7837519364827,2024-01-30,788
7837519364827,2024-01-31,788
7837519364827,2024-02-01,788
7837519364827,2024-02-02,788
7837519364827,2024-02-03,788
7837519364827,2024-02-04,788
7837519364827,2024-02-05,788
7837519364827,2024-02-06,788
7837519364827,2024-02-07,773
7837519364827,2024-02-08,773
7837519364827,2024-02-09,773
7837519364827,2024-02-10,773
7837519364827,2024-02-11,773
7837519364827,2024-02-12,757
7837519364827,2024-02-13,757
7837519364827,2024-02-14,757
7837519364827,2024-02-15,757
7837519364827,2024-02-16,825
7837519364827,2024-02-17,825
7837519364827,2024-02-18,825
7837519364827,2024-02-19,825
7837519364827,2024-02-20,825
7837519364827,2024-02-21,825
7837519364827,2024-02-22,813
7837519364827,2024-02-23,813
7837519364827,2024-02-24,813
7837519364827,2024-02-25,813
7837519364827,2024-02-26,813
7837519364827,2024-02-27,813
7837519364827,2024-02-28,792
7837519364827,2024-02-29,792
7837519364827,2024-03-01,792
7837519364827,2024-03-02,792
7837519364827,2024-03-03,792
7837519364827,2024-03-04,792
7837519364827,2024-03-05,792
7837519364827,2024-03-06,771
7837519364827,2024-03-07,771
7837519364827,2024-03-08,771
7837519364827,2024-03-09,771
7837519364827,2024-03-10,771
7837519364827,2024-03-11,771
7837519364827,2024-03-12,751
7837519364827,2024-03-13,751
7837519364827,2024-03-14,751
7837519364827,2024-03-15,751
7837519364827,2024-03-16,751
7837519364827,2024-03-17,751
7837519364827,2024-03-18,751
7837519364827,2024-03-19,742
7837519364827,2024-03-20,742
7837519364827,2024-03-21,742
7837519364827,2024-03-22,742
7837519364827,2024-03-23,870
7837519364827,2024-03-24,856
7837519364827,2024-03-25,856
7837519364827,2024-03-26,856
7837519364827,2024-03-27,856
7837519364827,2024-03-28,856
7837519364827,2024-03-29,856
7837519364827,2024-03-30,856
7837519364827,2024-03-31,856
7837519364827,2024-04-01,856
7837519364827,2024-04-02,838
7837519364827,2024-04-03,838
7837519364827,2024-04-04,838
7837519364827,2024-04-05,838
7837519364827,2024-04-06,838
7837519364827,2024-04-07,820
7837519364827,2024-04-08,820
7837519364827,2024-04-09,820
7837519364827,2024-04-10,820
7837519364827,2024-04-11,820
7837519364827,2024-04-12,806
7837519364827,2024-04-13,806
7837519364827,2024-04-14,806
7837519364827,2024-04-15,806
7837519364827,2024-04-16,806
7837519364827,2024-04-17,806
7837519364827,2024-04-18,806
7837519364827,2024-04-19,806
7837519364827,2024-04-20,795
7837519364827,2024-04-21,795
7837519364827,2024-04-22,795
7837519364827,2024-04-23,795
7837519364827,2024-04-24,795
7837519364827,2024-04-25,795
7837519364827,2024-04-26,795
7837519364827,2024-04-27,777
7837519364827,2024-04-28,777
7837519364827,2024-04-29,777
7837519364827,2024-04-30,777
7837519364827,2024-05-01,919
7837519364827,2024-05-02,919
7837519364827,2024-05-03,919
7837519364827,2024-05-04,919
7837519364827,2024-05-05,891
7837519364827,2024-05-06,891
7837519364827,2024-05-07,891
7837519364827,2024-05-08,891
7837519364827,2024-05-09,891
7837519364827,2024-05-10,891
7837519364827,2024-05-11,891
7837519364827,2024-05-12,891
7837519364827,2024-05-13,882
7837519364827,2024-05-14,882
7837519364827,2024-05-15,882
7837519364827,2024-05-16,882
7837519364827,2024-05-17,882
7837519364827,2024-05-18,882
7837519364827,2024-05-19,882
7837519364827,2024-05-20,882
7837519364827,2024-05-21,872
7837519364827,2024-05-22,872
7837519364827,2024-05-23,872
7837519364827,2024-05-24,872
7837519364827,2024-05-25,872
7837519364827,2024-05-26,851
7837519364827,2024-05-27,851
7837519364827,2024-05-28,851
7837519364827,2024-05-29,851
7837519364827,2024-05-30,851
7837519364827,2024-05-31,851
7837519364827,2024-06-01,851
7837519364827,2024-06-02,851
7837519364827,2024-06-03,832
7837519364827,2024-06-04,832
7837519364827,2024-06-05,832
7837519364827,2024-06-06,832
7837519364827,2024-06-07,966
7837519364827,2024-06-08,966
7837519364827,2024-06-09,942
7837519364827,2024-06-10,942
7837519364827,2024-06-11,942
7837519364827,2024-06-12,942
7837519364827,2024-06-13,942
7837519364827,2024-06-14,942
7837519364827,2024-06-15,942
7837519364827,2024-06-16,942
7837519364827,2024-06-17,942
7837519364827,2024-06-18,928
7837519364827,2024-06-19,928
7837519364827,2024-06-20,928
7837519364827,2024-06-21,928
7837519364827,2024-06-22,928
7837519364827,2024-06-23,928
7837519364827,2024-06-24,928
7837519364827,2024-06-25,909
7837519364827,2024-06-26,909
7837519364827,2024-06-27,909
7837519364827,2024-06-28,909
7837519364827,2024-06-29,994
7837519364827,2024-06-30,982
7837519364827,2024-07-01,982
7837519364827,2024-07-02,982
7837519364827,2024-07-03,982
7837519364827,2024-07-04,982
7837519364827,2024-07-05,982
7837519364827,2024-07-06,982
7837519364827,2024-07-07,966
7837519364827,2024-07-08,966
7837519364827,2024-07-09,966
7837519364827,2024-07-10,966
7837519364827,2024-07-11,966
7837519364827,2024-07-12,966
7837519364827,2024-07-13,966
7837519364827,2024-07-14,948
7837519364827,2024-07-15,948
7837519364827,2024-07-16,948
7837519364827,2024-07-17,948
7837519364827,2024-07-18,948
7837519364827,2024-07-19,948
7837519364827,2024-07-20,948
7837519364827,2024-07-21,948
7837519364827,2024-07-22,932
7837519364827,2024-07-23,932
7837519364827,2024-07-24,932
7837519364827,2024-07-25,932
7837519364827,2024-07-26,932
7837519364827,2024-07-27,932
7837519364827,2024-07-28,1030
7837519364827,2024-07-29,1030
7837519364827,2024-07-30,1012
7837519364827,2024-07-31,1012
7837519364827,2024-08-01,1012
7837519364827,2024-08-02,1012
7837519364827,2024-08-03,1012
7837519364827,2024-08-04,1012
7837519364827,2024-08-05,997
7837519364827,2024-08-06,997
7837519364827,2024-08-07,997
7837519364827,2024-08-08,997
7837519364827,2024-08-09,997
7837519364827,2024-08-10,997
7837519364827,2024-08-11,997
7837519364827,2024-08-12,997
7837519364827,2024-08-13,997
7837519364827,2024-08-14,997
7837519364827,2024-08-15,974
7837519364827,2024-08-16,974
7837519364827,2024-08-17,974
7837519364827,2024-08-18,974
7837519364827,2024-08-19,974
7837519364827,2024-08-20,947
7837519364827,2024-08-21,947
7837519364827,2024-08-22,947
7837519364827,2024-08-23,1063
7837519364827,2024-08-24,1063
7837519364827,2024-08-25,1063
7837519364827,2024-08-26,1063
7837519364827,2024-08-27,1043
7837519364827,2024-08-28,1043
7837519364827,2024-08-29,1043
7837519364827,2024-08-30,1043
7837519364827,2024-08-31,1043
7837519364827,2024-09-01,1043
7837519364827,2024-09-02,1022
7837519364827,2024-09-03,1022
7837519364827,2024-09-04,1022
7837519364827,2024-09-05,1022
7837519364827,2024-09-06,1022
7837519364827,2024-09-07,1022
7837519364827,2024-09-08,996
7837519364827,2024-09-09,996
7837519364827,2024-09-10,996
7837519364827,2024-09-11,996
7837519364827,2024-09-12,996
7837519364827,2024-09-13,996
7837519364827,2024-09-14,996
7837519364827,2024-09-15,996
7837519364827,2024-09-16,977
7837519364827,2024-09-17,977
7837519364827,2024-09-18,977
7837519364827,2024-09-19,977
7837519364827,2024-09-20,977
7837519364827,2024-09-21,942
7837519364827,2024-09-22,942
7837519364827,2024-09-23,942
7837519364827,2024-09-24,942
7837519364827,2024-09-25,942
7837519364827,2024-09-26,942
7837519364827,2024-09-27,942
7837519364827,2024-09-28,911
7837519364827,2024-09-29,911
7837519364827,2024-09-30,911
7837519364827,2024-10-01,911
7837519364827,2024-10-02,1114
7837519364827,2024-10-03,1114
7837519364827,2024-10-04,1096
7837519364827,2024-10-05,1096
7837519364827,2024-10-06,1096
7837519364827,2024-10-07,1096
7837519364827,2024-10-08,1096
7837519364827,2024-10-09,1096
7837519364827,2024-10-10,1096
7837519364827,2024-10-11,1096
7837519364827,2024-10-12,1096
7837519364827,2024-10-13,1096
7837519364827,2024-10-14,1081
7837519364827,2024-10-15,1081
7837519364827,2024-10-16,1081
7837519364827,2024-10-17,1081
7837519364827,2024-10-18,1081
7837519364827,2024-10-19,1081
7837519364827,2024-10-20,1081
7837519364827,2024-10-21,1050
7837519364827,2024-10-22,1050
7837519364827,2024-10-23,1050
7837519364827,2024-10-24,1050
7837519364827,2024-10-25,1050
7837519364827,2024-10-26,1050
7837519364827,2024-10-27,1050
7837519364827,2024-10-28,1027
7837519364827,2024-10-29,1027
7837519364827,2024-10-30,1027
7837519364827,2024-10-31,1027
7837519364827,2024-11-01,1027
7837519364827,2024-11-02,1027
7837519364827,2024-11-03,1027
7837519364827,2024-11-04,1155
7837519364827,2024-11-05,1155
7837519364827,2024-11-06,1155
7837519364827,2024-11-07,1155
7837519364827,2024-11-08,1155
7837519364827,2024-11-09,1155
7837519364827,2024-11-10,1155
7837519364827,2024-11-11,1155
7837519364827,2024-11-12,1155
7837519364827,2024-11-13,1132
7837519364827,2024-11-14,1132
7837519364827,2024-11-15,1132
7837519364827,2024-11-16,1132
7837519364827,2024-11-17,1132
7837519364827,2024-11-18,1132
7837519364827,2024-11-19,1132
7837519364827,2024-11-20,1132
7837519364827,2024-11-21,1132
7837519364827,2024-11-22,1132
7837519364827,2024-11-23,1105
7837519364827,2024-11-24,1105
7837519364827,2024-11-25,1105
7837519364827,2024-11-26,1105
7837519364827,2024-11-27,1105
7837519364827,2024-11-28,1105
7837519364827,2024-11-29,1105
7837519364827,2024-11-30,1105
7837519364827,2024-12-01,1105
7837519364827,2024-12-02,1105
7837519364827,2024-12-03,1080
7837519364827,2024-12-04,1080
7837519364827,2024-12-05,1080
7837519364827,2024-12-06,1080
7837519364827,2024-12-07,1080
7837519364827,2024-12-08,1080
7837519364827,2024-12-09,1080
7837519364827,2024-12-10,1200
7837519364827,2024-12-11,1167
7837519364827,2024-12-12,1167
7837519364827,2024-12-13,1167
7837519364827,2024-12-14,1167
7837519364827,2024-12-15,1167
7837519364827,2024-12-16,1167
7837519364827,2024-12-17,1167
7837519364827,2024-12-18,1167
7837519364827,2024-12-19,1167
7837519364827,2024-12-20,1167
7837519364827,2024-12-21,1142
7837519364827,2024-12-22,1142
7837519364827,2024-12-23,1142
7837519364827,2024-12-24,1142
7837519364827,2024-12-25,1142
7837519364827,2024-12-26,1142
7837519364827,2024-12-27,1142
7837519364827,2024-12-28,1142
7837519364827,2024-12-29,1142
7837519364827,2024-12-30,1112
7837519364827,2024-12-31,1112
7837519364827,2025-01-01,1112
7837519364827,2025-01-02,1112
7837519364827,2025-01-03,1112
7837519364827,2025-01-04,1112
7837519364827,2025-01-05,1085
7837519364827,2025-01-06,1085
7837519364827,2025-01-07,1085
7837519364827,2025-01-08,1085
7837519364827,2025-01-09,1085
7837519364827,2025-01-10,1085
7837519364827,2025-01-11,1085
7837519364827,2025-01-12,1085
7837519364827,2025-01-13,1085
7837519364827,2025-01-14,1085
7837519364827,2025-01-15,1060
7837519364827,2025-01-16,1060
7837519364827,2025-01-17,1060
7837519364827,2025-01-18,1250
7837519364827,2025-01-19,1250
7837519364827,2025-01-20,1213
7837519364827,2025-01-21,1213
7837519364827,2025-01-22,1213
7837519364827,2025-01-23,1213
7837519364827,2025-01-24,1213
7837519364827,2025-01-25,1213
7837519364827,2025-01-26,1213
7837519364827,2025-01-27,1213
7837519364827,2025-01-28,1213
7837519364827,2025-01-29,1186
7837519364827,2025-01-30,1186
7837519364827,2025-01-31,1186
7837519364827,2025-02-01,1186
7837519364827,2025-02-02,1186
7837519364827,2025-02-03,1186
7837519364827,2025-02-04,1161
7837519364827,2025-02-05,1161
7837519364827,2025-02-06,1161
7837519364827,2025-02-07,1161
7837519364827,2025-02-08,1161
7837519364827,2025-02-09,1161
7837519364827,2025-02-10,1161
7837519364827,2025-02-11,1161
7837519364827,2025-02-12,1161
7837519364827,2025-02-13,1134
7837519364827,2025-02-14,1134
7837519364827,2025-02-15,1134
7837519364827,2025-02-16,1134
7837519364827,2025-02-17,1134
7837519364827,2025-02-18,1134
7837519364827,2025-02-19,1101
7837519364827,2025-02-20,1101
7837519364827,2025-02-21,1101
7837519364827,2025-02-22,1101
7837519364827,2025-02-23,1101
7837519364827,2025-02-24,1101
7837519364827,2025-02-25,1101
7837519364827,2025-02-26,1299
7837519364827,2025-02-27,1299
7837519364827,2025-02-28,1299
7837519364827,2025-03-01,1256
7837519364827,2025-03-02,1256
7837519364827,2025-03-03,1256
7837519364827,2025-03-04,1256
7837519364827,2025-03-05,1256
7837519364827,2025-03-06,1256
7837519364827,2025-03-07,1230
7837519364827,2025-03-08,1230
7837519364827,2025-03-09,1230
7837519364827,2025-03-10,1230
7837519364827,2025-03-11,1230
7837519364827,2025-03-12,1230
7837519364827,2025-03-13,1230
7837519364827,2025-03-14,1202
7837519364827,2025-03-15,1202
7837519364827,2025-03-16,1202
7837519364827,2025-03-17,1202
7837519364827,2025-03-18,1202
7837519364827,2025-03-19,1202
7837519364827,2025-03-20,1175
7837519364827,2025-03-21,1175
7837519364827,2025-03-22,1175
7837519364827,2025-03-23,1175
7837519364827,2025-03-24,1175
7837519364827,2025-03-25,1175
7837519364827,2025-03-26,1144
7837519364827,2025-03-27,1335
7837519364827,2025-03-28,1335
7837519364827,2025-03-29,1335
7837519364827,2025-03-30,1335
7837519364827,2025-03-31,1292
7837519364827,2025-04-01,1292
7837519364827,2025-04-02,1292
7837519364827,2025-04-03,1292
7837519364827,2025-04-04,1292
7837519364827,2025-04-05,1252
7837519364827,2025-04-06,1252
7837519364827,2025-04-07,1252
7837519364827,2025-04-08,1252
7837519364827,2025-04-09,1252
7837519364827,2025-04-10,1252
7837519364827,2025-04-11,1252
7837519364827,2025-04-12,1252
7837519364827,2025-04-13,1252
7837519364827,2025-04-14,1252
7837519364827,2025-04-15,1216
7837519364827,2025-04-16,1216
7837519364827,2025-04-17,1216
7837519364827,2025-04-18,1216
7837519364827,2025-04-19,1216
7837519364827,2025-04-20,1216
7837519364827,2025-04-21,1216
7837519364827,2025-04-22,1216
7837519364827,2025-04-23,1369
7837519364827,2025-04-24,1341
7837519364827,2025-04-25,1341
7837519364827,2025-04-26,1341
7837519364827,2025-04-27,1341
7837519364827,2025-04-28,1341
7837519364827,2025-04-29,1341
7837519364827,2025-04-30,1341
7837519364827,2025-05-01,1341
7837519364827,2025-05-02,1341
7837519364827,2025-05-03,1341
7837519364827,2025-05-04,1306
7837519364827,2025-05-05,1306
7837519364827,2025-05-06,1306
7837519364827,2025-05-07,1306
7837519364827,2025-05-08,1306
7837519364827,2025-05-09,1306
7837519364827,2025-05-10,1306
7837519364827,2025-05-11,1277
7837519364827,2025-05-12,1277
7837519364827,2025-05-13,1277
7837519364827,2025-05-14,1277
7837519364827,2025-05-15,1277
7837519364827,2025-05-16,1277
7837519364827,2025-05-17,1277
7837519364827,2025-05-18,1277
7837519364827,2025-05-19,1277
7837519364827,2025-05-20,1277
7837519364827,2025-05-21,1240
7837519364827,2025-05-22,1240
7837519364827,2025-05-23,1240
7837519364827,2025-05-24,1240
7837519364827,2025-05-25,1240
7837519364827,2025-05-26,1240
7837519364827,2025-05-27,1240
7837519364827,2025-05-28,1413
7837519364827,2025-05-29,1382
7837519364827,2025-05-30,1382
7837519364827,2025-05-31,1382
7837519364827,2025-06-01,1382
7837519364827,2025-06-02,1382
7837519364827,2025-06-03,1382
7837519364827,2025-06-04,1382
7837519364827,2025-06-05,1382
7837519364827,2025-06-06,1353
7837519364827,2025-06-07,1353
7837519364827,2025-06-08,1353
7837519364827,2025-06-09,1353
7837519364827,2025-06-10,1353
7837519364827,2025-06-11,1353
7837519364827,2025-06-12,1353
7837519364827,2025-06-13,1353
7837519364827,2025-06-14,1328
7837519364827,2025-06-15,1328
7837519364827,2025-06-16,1328
7837519364827,2025-06-17,1328
7837519364827,2025-06-18,1328
7837519364827,2025-06-19,1328
7837519364827,2025-06-20,1328
7837519364827,2025-06-21,1299
7837519364827,2025-06-22,1299
7837519364827,2025-06-23,1299
7837519364827,2025-06-24,1299
7837519364827,2025-06-25,1299
7837519364827,2025-06-26,1299
7837519364827,2025-06-27,1299
7837519364827,2025-06-28,1299
7837519364827,2025-06-29,1299
7837519364827,2025-06-30,1299
7837519364827,2025-07-01,1263
7837519364827,2025-07-02,1263
7837519364827,2025-07-03,1263
7837519364827,2025-07-04,1263
7837519364827,2025-07-05,1461
7837519364827,2025-07-06,1461
7837519364827,2025-07-07,1461
7837519364827,2025-07-08,1461
7837519364827,2025-07-09,1461
7837519364827,2025-07-10,1461
7837519364827,2025-07-11,1436
7837519364827,2025-07-12,1436
7837519364827,2025-07-13,1436
7837519364827,2025-07-14,1436
7837519364827,2025-07-15,1436
7837519364827,2025-07-16,1436
7837519364827,2025-07-17,1403
7837519364827,2025-07-18,1403
7837519364827,2025-07-19,1403
7837519364827,2025-07-20,1403
7837519364827,2025-07-21,1403
7837519364827,2025-07-22,1403
7837519364827,2025-07-23,1403
7837519364827,2025-07-24,1364
7837519364827,2025-07-25,1364
7837519364827,2025-07-26,1364
7837519364827,2025-07-27,1364
7837519364827,2025-07-28,1364
7837519364827,2025-07-29,1364
7837519364827,2025-07-30,1364
7837519364827,2025-07-31,1364
7837519364827,2025-08-01,1364
7837519364827,2025-08-02,1337
7837519364827,2025-08-03,1337
7837519364827,2025-08-04,1499
7837519364827,2025-08-05,1499
7837519364827,2025-08-06,1499
7837519364827,2025-08-07,1499
7837519364827,2025-08-08,1499
7837519364827,2025-08-09,1499
7837519364827,2025-08-10,1461
7837519364827,2025-08-11,1461
7837519364827,2025-08-12,1461
7837519364827,2025-08-13,1461
7837519364827,2025-08-14,1461
7837519364827,2025-08-15,1461
7837519364827,2025-08-16,1461
7837519364827,2025-08-17,1461
7837519364827,2025-08-18,1461
7837519364827,2025-08-19,1461
7837519364827,2025-08-20,1429
7837519364827,2025-08-21,1429
7837519364827,2025-08-22,1429
7837519364827,2025-08-23,1429
7837519364827,2025-08-24,1429
7837519364827,2025-08-25,1395
7837519364827,2025-08-26,1395
7837519364827,2025-08-27,1395
7837519364827,2025-08-28,1395
7837519364827,2025-08-29,1395
7837519364827,2025-08-30,1395
7837519364827,2025-08-31,1395
7837519364827,2025-09-01,1395
7837519364827,2025-09-02,1356
7837519364827,2025-09-03,1356
7837519364827,2025-09-04,1356
7837519364827,2025-09-05,1539
7837519364827,2025-09-06,1539
7837519364827,2025-09-07,1497
7837519364827,2025-09-08,1497
7837519364827,2025-09-09,1497
7837519364827,2025-09-10,1497
7837519364827,2025-09-11,1497
7837519364827,2025-09-12,1497
7837519364827,2025-09-13,1497
7837519364827,2025-09-14,1459
7837519364827,2025-09-15,1459
7837519364827,2025-09-16,1459
7837519364827,2025-09-17,1459
7837519364827,2025-09-18,1459
7837519364827,2025-09-19,1459
7837519364827,2025-09-20,1459
7837519364827,2025-09-21,1459
7837519364827,2025-09-22,1459
7837519364827,2025-09-23,1459
7837519364827,2025-09-24,1419
7837519364827,2025-09-25,1419
7837519364827,2025-09-26,1419
7837519364827,2025-09-27,1419
7837519364827,2025-09-28,1419
7837519364827,2025-09-29,1391
7837519364827,2025-09-30,1571
7837519364827,2025-10-01,1571
7837519364827,2025-10-02,1571
7837519364827,2025-10-03,1571
7837519364827,2025-10-04,1571
7837519364827,2025-10-05,1571
7837519364827,2025-10-06,1571
7837519364827,2025-10-07,1571
7837519364827,2025-10-08,1537
7837519364827,2025-10-09,1537
7837519364827,2025-10-10,1537
7837519364827,2025-10-11,1537
7837519364827,2025-10-12,1537
7837519364827,2025-10-13,1537
7837519364827,2025-10-14,1537
7837519364827,2025-10-15,1537
7837519364827,2025-10-16,1537
7837519364827,2025-10-17,1494
7837519364827,2025-10-18,1494
7837519364827,2025-10-19,1494
7837519364827,2025-10-20,1494
7837519364827,2025-10-21,1494
7837519364827,2025-10-22,1494
7837519364827,2025-10-23,1494
7837519364827,2025-10-24,1494
7837519364827,2025-10-25,1452
7837519364827,2025-10-26,1452
7837519364827,2025-10-27,1452
7837519364827,2025-10-28,1452
7837519364827,2025-10-29,1608
7837519364827,2025-10-30,1608
7837519364827,2025-10-31,1608
7837519364827,2025-11-01,1608
7837519364827,2025-11-02,1608
7837519364827,2025-11-03,1573
7837519364827,2025-11-04,1573
7837519364827,2025-11-05,1573
7837519364827,2025-11-06,1573
7837519364827,2025-11-07,1573
7837519364827,2025-11-08,1573
7837519364827,2025-11-09,1573
7837519364827,2025-11-10,1573
7837519364827,2025-11-11,1573
7837519364827,2025-11-12,1522
7837519364827,2025-11-13,1522
7837519364827,2025-11-14,1522
7837519364827,2025-11-15,1522
7837519364827,2025-11-16,1522
7837519364827,2025-11-17,1522
7837519364827,2025-11-18,1522
7837519364827,2025-11-19,1522
7837519364827,2025-11-20,1489
7837519364827,2025-11-21,1489
7837519364827,2025-11-22,1638
7837519364827,2025-11-23,1638
7837519364827,2025-11-24,1638
7837519364827,2025-11-25,1638
7837519364827,2025-11-26,1591
7837519364827,2025-11-27,1591
7837519364827,2025-11-28,1591
7837519364827,2025-11-29,1591
7837519364827,2025-11-30,1591
7837519364827,2025-12-01,1591
7837519364827,2025-12-02,1540
7837519364827,2025-12-03,1540
7837519364827,2025-12-04,1540
7837519364827,2025-12-05,1540
7837519364827,2025-12-06,1540
7837519364827,2025-12-07,1540
7837519364827,2025-12-08,1540
7837519364827,2025-12-09,1498
7837519364827,2025-12-10,1498
7837519364827,2025-12-11,1498
7837519364827,2025-12-12,1498
7837519364827,2025-12-13,1498
7837519364827,2025-12-14,1498
7837519364827,2025-12-15,1667
7837519364827,2025-12-16,1667
7837519364827,2025-12-17,1667
7837519364827,2025-12-18,1667
7837519364827,2025-12-19,1667
7837519364827,2025-12-20,1667
7837519364827,2025-12-21,1667
7837519364827,2025-12-22,1667
7837519364827,2025-12-23,1667
7837519364827,2025-12-24,1616
7837519364827,2025-12-25,1616
7837519364827,2025-12-26,1616
7837519364827,2025-12-27,1616
7837519364827,2025-12-28,1616
7837519364827,2025-12-29,1616
7837519364827,2025-12-30,1616
7837519364827,2025-12-31,1572
7837519364827,2026-01-01,1572
7837519364827,2026-01-02,1572
7837519364827,2026-01-03,1572
7837519364827,2026-01-04,1572
7837519364827,2026-01-05,1572
7837519364827,2026-01-06,1572
7837519364827,2026-01-07,1696
7837519364827,2026-01-08,1696
7837519364827,2026-01-09,1696
7837519364827,2026-01-10,1696
7837519364827,2026-01-11,1696
7837519364827,2026-01-12,1657
7837519364827,2026-01-13,1657
7837519364827,2026-01-14,1657
7837519364827,2026-01-15,1657
7837519364827,2026-01-16,1657
7837519364827,2026-01-17,1657
7837519364827,2026-01-18,1619
7837519364827,2026-01-19,1619
7837519364827,2026-01-20,1619
7837519364827,2026-01-21,1619
7837519364827,2026-01-22,1619
7837519364827,2026-01-23,1619
7837519364827,2026-01-24,1567
7837519364827,2026-01-25,1567
7837519364827,2026-01-26,1567
7837519364827,2026-01-27,1567
7837519364827,2026-01-28,1567
7837519364827,2026-01-29,1567
7837519364827,2026-01-30,1567
7837519364827,2026-01-31,1527
7837519364827,2026-02-01,1527
7837519364827,2026-02-02,1527
7837519364827,2026-02-03,1527
7837519364827,2026-02-04,1731
7837519364827,2026-02-05,1731
7837519364827,2026-02-06,1731
7837519364827,2026-02-07,1685
7837519364827,2026-02-08,1685
7837519364827,2026-02-09,1685
7837519364827,2026-02-10,1685
7837519364827,2026-02-11,1685
7837519364827,2026-02-12,1685
7837519364827,2026-02-13,1685
7837519364827,2026-02-14,1685
7837519364827,2026-02-15,1632
7837519364827,2026-02-16,1632
7837519364827,2026-02-17,1632
7837519364827,2026-02-18,1632
7837519364827,2026-02-19,1632
7837519364827,2026-02-20,1632
7837519364827,2026-02-21,1632
7837519364827,2026-02-22,1632
7837519364827,2026-02-23,1632
7837519364827,2026-02-24,1593
7837519364827,2026-02-25,1593
7837519364827,2026-02-26,1593
7837519364827,2026-02-27,1593
7837519364827,2026-02-28,1593
7837519364827,2026-03-01,1593
7837519364827,2026-03-02,1593
7837519364827,2026-03-03,1593
7837519364827,2026-03-04,1544
7837519364827,2026-03-05,1768
7837519364827,2026-03-06,1768
7837519364827,2026-03-07,1768
7837519364827,2026-03-08,1768
7837519364827,2026-03-09,1768
7837519364827,2026-03-10,1715
7837519364827,2026-03-11,1715
7837519364827,2026-03-12,1715
7837519364827,2026-03-13,1715
7837519364827,2026-03-14,1715
7837519364827,2026-03-15,1671
7837519364827,2026-03-16,1671
7837519364827,2026-03-17,1671
7837519364827,2026-03-18,1671
7837519364827,2026-03-19,1671
7837519364827,2026-03-20,1633
7837519364827,2026-03-21,1633
7837519364827,2026-03-22,1633
7837519364827,2026-03-23,1633
7837519364827,2026-03-24,1633
7837519364827,2026-03-25,1589
7837519364827,2026-03-26,1589
7837519364827,2026-03-27,1589
7837519364827,2026-03-28,1797
7837519364827,2026-03-29,1797
7837519364827,2026-03-30,1797
7837519364827,2026-03-31,1797
7837519364827,2026-04-01,1797
7837519364827,2026-04-02,1746
7837519364827,2026-04-03,1746
7837519364827,2026-04-04,1746
7837519364827,2026-04-05,1746
7837519364827,2026-04-06,1746
7837519364827,2026-04-07,1746
7837519364827,2026-04-08,1710
7837519364827,2026-04-09,1710
7837519364827,2026-04-10,1710
7837519364827,2026-04-11,1710
7837519364827,2026-04-12,1710
7837519364827,2026-04-13,1656
7837519364827,2026-04-14,1656
7837519364827,2026-04-15,1656
7837519364827,2026-04-16,1656
7837519364827,2026-04-17,1656
7837519364827,2026-04-18,1656
7837519364827,2026-04-19,1656
7837519364827,2026-04-20,1656
7837519364827,2026-04-21,1605
7837519364827,2026-04-22,1605
7837519364827,2026-04-23,1605
7837519364827,2026-04-24,1605
7837519364827,2026-04-25,1605
7837519364827,2026-04-26,1552
7837519364827,2026-04-27,1552
7837519364827,2026-04-28,1552
7837519364827,2026-04-29,1552
7837519364827,2026-04-30,1552
7837519364827,2026-05-01,1552
7837519364827,2026-05-02,1552
7837519364827,2026-05-03,1842
7837519364827,2026-05-04,1842
7837519364827,2026-05-05,1842
7837519364827,2026-05-06,1842
7837519364827,2026-05-07,1842
7837519364827,2026-05-08,1842
7837519364827,2026-05-09,1803
7837519364827,2026-05-10,1803
7837519364827,2026-05-11,1803
7837519364827,2026-05-12,1803
7837519364827,2026-05-13,1803
7837519364827,2026-05-14,1803
7837519364827,2026-05-15,1803
7837519364827,2026-05-16,1745
7837519364827,2026-05-17,1745
7837519364827,2026-05-18,1745
7837519364827,2026-05-19,1745
7837519364827,2026-05-20,1745
7837519364827,2026-05-21,1745
7837519364827,2026-05-22,1745
7837519364827,2026-05-23,1745
7837519364827,2026-05-24,1745
7837519364827,2026-05-25,1745
7837519364827,2026-05-26,1692
7837519364827,2026-05-27,1692
7837519364827,2026-05-28,1692
7837519364827,2026-05-29,1875
7837519364827,2026-05-30,1875
7837519364827,2026-05-31,1875
7837519364827,2026-06-01,1875
7837519364827,2026-06-02,1875
7837519364827,2026-06-03,1875
7837519364827,2026-06-04,1829
7837519364827,2026-06-05,1829
7837519364827,2026-06-06,1829
7837519364827,2026-06-07,1829
7837519364827,2026-06-08,1829
7837519364827,2026-06-09,1829
7837519364827,2026-06-10,1829
7837519364827,2026-06-11,1781
7837519364827,2026-06-12,1781
7837519364827,2026-06-13,1781
7837519364827,2026-06-14,1781
7837519364827,2026-06-15,1781
7837519364827,2026-06-16,1781
7837519364827,2026-06-17,1781
7837519364827,2026-06-18,1781
7837519364827,2026-06-19,1781
7837519364827,2026-06-20,1781
7837519364827,2026-06-21,1724
7837519364827,2026-06-22,1724
7837519364827,2026-06-23,1724
7837519364827,2026-06-24,1724
7837519364827,2026-06-25,1724
7837519364827,2026-06-26,1724
7837519364827,2026-06-27,1724
7837519364827,2026-06-28,1724
7837519364827,2026-06-29,1668
7837519364827,2026-06-30,1668
7837519364827,2026-07-01,1668
7834296851738,2024-01-01,267
7834296851738,2024-01-02,261
7834296851738,2024-01-03,261
7834296851738,2024-01-04,252
7834296851738,2024-01-05,990
7834296851738,2024-01-06,990
7834296851738,2024-01-07,989
7834296851738,2024-01-08,989
7834296851738,2024-01-09,983
7834296851738,2024-01-10,983
7834296851738,2024-01-11,980
7834296851738,2024-01-12,974
7834296851738,2024-01-13,990
7834296851738,2024-01-14,984
7834296851738,2024-01-15,976
7834296851738,2024-01-16,976
7834296851738,2024-01-17,968
7834296851738,2024-01-18,964
7834296851738,2024-01-19,957
7834296851738,2024-01-20,990
7834296851738,2024-01-21,986
7834296851738,2024-01-22,979
7834296851738,2024-01-23,978
7834296851738,2024-01-24,971
7834296851738,2024-01-25,990
7834296851738,2024-01-26,990
7834296851738,2024-01-27,987
7834296851738,2024-01-28,984
7834296851738,2024-01-29,979
7834296851738,2024-01-30,972
7834296851738,2024-01-31,972
7834296851738,2024-02-01,965
7834296851738,2024-02-02,965
7834296851738,2024-02-03,990
7834296851738,2024-02-04,990
7834296851738,2024-02-05,989
7834296851738,2024-02-06,986
7834296851738,2024-02-07,986
7834296851738,2024-02-08,982
7834296851738,2024-02-09,990
7834296851738,2024-02-10,990
7834296851738,2024-02-11,981
7834296851738,2024-02-12,975
7834296851738,2024-02-13,975
7834296851738,2024-02-14,969
7834296851738,2024-02-15,990
7834296851738,2024-02-16,987
7834296851738,2024-02-17,987
7834296851738,2024-02-18,984
7834296851738,2024-02-19,976
7834296851738,2024-02-20,990
7834296851738,2024-02-21,983
7834296851738,2024-02-22,976
7834296851738,2024-02-23,976
7834296851738,2024-02-24,968
7834296851738,2024-02-25,964
7834296851738,2024-02-26,990
7834296851738,2024-02-27,986
7834296851738,2024-02-28,986
7834296851738,2024-02-29,981
7834296851738,2024-03-01,977
7834296851738,2024-03-02,973
7834296851738,2024-03-03,973
7834296851738,2024-03-04,967
7834296851738,2024-03-05,990
7834296851738,2024-03-06,984
7834296851738,2024-03-07,981
7834296851738,2024-03-08,981
7834296851738,2024-03-09,981
7834296851738,2024-03-10,981
7834296851738,2024-03-11,971
7834296851738,2024-03-12,971
7834296851738,2024-03-13,968
7834296851738,2024-03-14,990
7834296851738,2024-03-15,984
7834296851738,2024-03-16,984
7834296851738,2024-03-17,976
7834296851738,2024-03-18,966
7834296851738,2024-03-19,954
7834296851738,2024-03-20,948
7834296851738,2024-03-21,942
7834296851738,2024-03-22,990
7834296851738,2024-03-23,987
7834296851738,2024-03-24,983
7834296851738,2024-03-25,982
7834296851738,2024-03-26,977
7834296851738,2024-03-27,975
7834296851738,2024-03-28,975
7834296851738,2024-03-29,990
7834296851738,2024-03-30,990
7834296851738,2024-03-31,979
7834296851738,2024-04-01,979
7834296851738,2024-04-02,978
7834296851738,2024-04-03,978
7834296851738,2024-04-04,990
7834296851738,2024-04-05,981
7834296851738,2024-04-06,974
7834296851738,2024-04-07,974
7834296851738,2024-04-08,973
7834296851738,2024-04-09,973
7834296851738,2024-04-10,990
7834296851738,2024-04-11,981
7834296851738,2024-04-12,976
7834296851738,2024-04-13,976
7834296851738,2024-04-14,970
7834296851738,2024-04-15,970
7834296851738,2024-04-16,990
7834296851738,2024-04-17,984
7834296851738,2024-04-18,984
7834296851738,2024-04-19,980
7834296851738,2024-04-20,976
7834296851738,2024-04-21,990
7834296851738,2024-04-22,984
7834296851738,2024-04-23,983
7834296851738,2024-04-24,983
7834296851738,2024-04-25,980
7834296851738,2024-04-26,980
7834296851738,2024-04-27,971
7834296851738,2024-04-28,971
7834296851738,2024-04-29,990
7834296851738,2024-04-30,987
7834296851738,2024-05-01,978
7834296851738,2024-05-02,975
7834296851738,2024-05-03,975
7834296851738,2024-05-04,968
7834296851738,2024-05-05,958
7834296851738,2024-05-06,990
7834296851738,2024-05-07,983
7834296851738,2024-05-08,983
7834296851738,2024-05-09,979
7834296851738,2024-05-10,970
7834296851738,2024-05-11,970
7834296851738,2024-05-12,967
7834296851738,2024-05-13,990
7834296851738,2024-05-14,986
7834296851738,2024-05-15,986
7834296851738,2024-05-16,982
7834296851738,2024-05-17,982
7834296851738,2024-05-18,976
7834296851738,2024-05-19,971
7834296851738,2024-05-20,967
7834296851738,2024-05-21,990
7834296851738,2024-05-22,986
7834296851738,2024-05-23,986
7834296851738,2024-05-24,982
7834296851738,2024-05-25,974
7834296851738,2024-05-26,966
7834296851738,2024-05-27,990
7834296851738,2024-05-28,981
7834296851738,2024-05-29,981
7834296851738,2024-05-30,977
7834296851738,2024-05-31,977
7834296851738,2024-06-01,990
7834296851738,2024-06-02,990
7834296851738,2024-06-03,984
7834296851738,2024-06-04,982
7834296851738,2024-06-05,978
7834296851738,2024-06-06,971
7834296851738,2024-06-07,971
7834296851738,2024-06-08,963
7834296851738,2024-06-09,990
7834296851738,2024-06-10,983
7834296851738,2024-06-11,983
7834296851738,2024-06-12,981
7834296851738,2024-06-13,980
7834296851738,2024-06-14,980
7834296851738,2024-06-15,990
7834296851738,2024-06-16,990
7834296851738,2024-06-17,986
7834296851738,2024-06-18,986
7834296851738,2024-06-19,984
7834296851738,2024-06-20,974
7834296851738,2024-06-21,974
7834296851738,2024-06-22,968
7834296851738,2024-06-23,968
7834296851738,2024-06-24,990
7834296851738,2024-06-25,990
7834296851738,2024-06-26,982
7834296851738,2024-06-27,982
7834296851738,2024-06-28,970
7834296851738,2024-06-29,965
7834296851738,2024-06-30,958
7834296851738,2024-07-01,990
7834296851738,2024-07-02,986
7834296851738,2024-07-03,986
7834296851738,2024-07-04,980
7834296851738,2024-07-05,980
7834296851738,2024-07-06,977
7834296851738,2024-07-07,977
7834296851738,2024-07-08,990
7834296851738,2024-07-09,987
7834296851738,2024-07-10,977
7834296851738,2024-07-11,977
7834296851738,2024-07-12,966
7834296851738,2024-07-13,990
7834296851738,2024-07-14,987
7834296851738,2024-07-15,987
7834296851738,2024-07-16,978
7834296851738,2024-07-17,978
7834296851738,2024-07-18,976
7834296851738,2024-07-19,976
7834296851738,2024-07-20,990
7834296851738,2024-07-21,990
7834296851738,2024-07-22,987
7834296851738,2024-07-23,987
7834296851738,2024-07-24,981
7834296851738,2024-07-25,990
7834296851738,2024-07-26,985
7834296851738,2024-07-27,977
7834296851738,2024-07-28,977
7834296851738,2024-07-29,972
7834296851738,2024-07-30,990
7834296851738,2024-07-31,990
7834296851738,2024-08-01,980
7834296851738,2024-08-02,980
7834296851738,2024-08-03,974
7834296851738,2024-08-04,974
7834296851738,2024-08-05,990
7834296851738,2024-08-06,990
7834296851738,2024-08-07,990
7834296851738,2024-08-08,982
7834296851738,2024-08-09,982
7834296851738,2024-08-10,990
7834296851738,2024-08-11,986
7834296851738,2024-08-12,983
7834296851738,2024-08-13,979
7834296851738,2024-08-14,978
7834296851738,2024-08-15,974
7834296851738,2024-08-16,968
7834296851738,2024-08-17,968
7834296851738,2024-08-18,965
7834296851738,2024-08-19,990
7834296851738,2024-08-20,984
7834296851738,2024-08-21,976
7834296851738,2024-08-22,976
7834296851738,2024-08-23,974
7834296851738,2024-08-24,974
7834296851738,2024-08-25,990
7834296851738,2024-08-26,990
7834296851738,2024-08-27,983
7834296851738,2024-08-28,983
7834296851738,2024-08-29,973
7834296851738,2024-08-30,973
7834296851738,2024-08-31,990
7834296851738,2024-09-01,986
7834296851738,2024-09-02,986
7834296851738,2024-09-03,986
7834296851738,2024-09-04,986
7834296851738,2024-09-05,977
7834296851738,2024-09-06,968
7834296851738,2024-09-07,990
7834296851738,2024-09-08,990
7834296851738,2024-09-09,990
7834296851738,2024-09-10,986
7834296851738,2024-09-11,986
7834296851738,2024-09-12,977
7834296851738,2024-09-13,977
7834296851738,2024-09-14,990
7834296851738,2024-09-15,981
7834296851738,2024-09-16,973
7834296851738,2024-09-17,973
7834296851738,2024-09-18,967
7834296851738,2024-09-19,965
7834296851738,2024-09-20,990
7834296851738,2024-09-21,990
7834296851738,2024-09-22,985
7834296851738,2024-09-23,979
7834296851738,2024-09-24,979
7834296851738,2024-09-25,990
7834296851738,2024-09-26,982
7834296851738,2024-09-27,980
7834296851738,2024-09-28,980
7834296851738,2024-09-29,975
7834296851738,2024-09-30,971
7834296851738,2024-10-01,971
7834296851738,2024-10-02,961
7834296851738,2024-10-03,990
7834296851738,2024-10-04,989
7834296851738,2024-10-05,983
7834296851738,2024-10-06,978
7834296851738,2024-10-07,978
7834296851738,2024-10-08,972
7834296851738,2024-10-09,972
7834296851738,2024-10-10,990
7834296851738,2024-10-11,987
7834296851738,2024-10-12,987
7834296851738,2024-10-13,984
7834296851738,2024-10-14,984
7834296851738,2024-10-15,975
7834296851738,2024-10-16,990
7834296851738,2024-10-17,990
7834296851738,2024-10-18,981
7834296851738,2024-10-19,981
7834296851738,2024-10-20,981
7834296851738,2024-10-21,977
7834296851738,2024-10-22,977
7834296851738,2024-10-23,990
7834296851738,2024-10-24,978
7834296851738,2024-10-25,976
7834296851738,2024-10-26,969
7834296851738,2024-10-27,969
7834296851738,2024-10-28,965
7834296851738,2024-10-29,965
7834296851738,2024-10-30,958
7834296851738,2024-10-31,958
7834296851738,2024-11-01,990
7834296851738,2024-11-02,990
7834296851738,2024-11-03,983
7834296851738,2024-11-04,983
7834296851738,2024-11-05,977
7834296851738,2024-11-06,970
7834296851738,2024-11-07,990
7834296851738,2024-11-08,983
7834296851738,2024-11-09,974
7834296851738,2024-11-10,968
7834296851738,2024-11-11,968
7834296851738,2024-11-12,965
7834296851738,2024-11-13,965
7834296851738,2024-11-14,959
7834296851738,2024-11-15,990
7834296851738,2024-11-16,985
7834296851738,2024-11-17,985
7834296851738,2024-11-18,977
7834296851738,2024-11-19,977
7834296851738,2024-11-20,971
7834296851738,2024-11-21,970
7834296851738,2024-11-22,990
7834296851738,2024-11-23,990
7834296851738,2024-11-24,987
7834296851738,2024-11-25,987
7834296851738,2024-11-26,985
7834296851738,2024-11-27,977
7834296851738,2024-11-28,990
7834296851738,2024-11-29,990
7834296851738,2024-11-30,988
7834296851738,2024-12-01,988
7834296851738,2024-12-02,981
7834296851738,2024-12-03,975
7834296851738,2024-12-04,975
7834296851738,2024-12-05,969
7834296851738,2024-12-06,990
7834296851738,2024-12-07,983
7834296851738,2024-12-08,983
7834296851738,2024-12-09,976
7834296851738,2024-12-10,976
7834296851738,2024-12-11,968
7834296851738,2024-12-12,968
7834296851738,2024-12-13,964
7834296851738,2024-12-14,964
7834296851738,2024-12-15,990
7834296851738,2024-12-16,984
7834296851738,2024-12-17,976
7834296851738,2024-12-18,970
7834296851738,2024-12-19,970
7834296851738,2024-12-20,965
7834296851738,2024-12-21,990
7834296851738,2024-12-22,983
7834296851738,2024-12-23,978
7834296851738,2024-12-24,971
7834296851738,2024-12-25,971
7834296851738,2024-12-26,966
7834296851738,2024-12-27,966
7834296851738,2024-12-28,966
7834296851738,2024-12-29,959
7834296851738,2024-12-30,990
7834296851738,2024-12-31,989
7834296851738,2025-01-01,989
7834296851738,2025-01-02,980
7834296851738,2025-01-03,980
7834296851738,2025-01-04,973
7834296851738,2025-01-05,973
7834296851738,2025-01-06,965
7834296851738,2025-01-07,990
7834296851738,2025-01-08,984
7834296851738,2025-01-09,984
7834296851738,2025-01-10,980
7834296851738,2025-01-11,980
7834296851738,2025-01-12,975
7834296851738,2025-01-13,990
7834296851738,2025-01-14,987
7834296851738,2025-01-15,987
7834296851738,2025-01-16,983
7834296851738,2025-01-17,978
7834296851738,2025-01-18,971
7834296851738,2025-01-19,964
7834296851738,2025-01-20,957
7834296851738,2025-01-21,948
7834296851738,2025-01-22,990
7834296851738,2025-01-23,982
7834296851738,2025-01-24,982
7834296851738,2025-01-25,976
7834296851738,2025-01-26,976
7834296851738,2025-01-27,969
7834296851738,2025-01-28,969
7834296851738,2025-01-29,990
7834296851738,2025-01-30,988
7834296851738,2025-01-31,988
7834296851738,2025-02-01,987
7834296851738,2025-02-02,987
7834296851738,2025-02-03,986
7834296851738,2025-02-04,979
7834296851738,2025-02-05,979
7834296851738,2025-02-06,990
7834296851738,2025-02-07,984
7834296851738,2025-02-08,984
7834296851738,2025-02-09,976
7834296851738,2025-02-10,967
7834296851738,2025-02-11,967
7834296851738,2025-02-12,967
7834296851738,2025-02-13,962
7834296851738,2025-02-14,957
7834296851738,2025-02-15,990
7834296851738,2025-02-16,984
7834296851738,2025-02-17,984
7834296851738,2025-02-18,979
7834296851738,2025-02-19,979
7834296851738,2025-02-20,976
7834296851738,2025-02-21,968
7834296851738,2025-02-22,964
7834296851738,2025-02-23,990
7834296851738,2025-02-24,985
7834296851738,2025-02-25,981
7834296851738,2025-02-26,975
7834296851738,2025-02-27,969
7834296851738,2025-02-28,969
7834296851738,2025-03-01,966
7834296851738,2025-03-02,964
7834296851738,2025-03-03,964
7834296851738,2025-03-04,990
7834296851738,2025-03-05,986
7834296851738,2025-03-06,986
7834296851738,2025-03-07,981
7834296851738,2025-03-08,981
7834296851738,2025-03-09,990
7834296851738,2025-03-10,990
7834296851738,2025-03-11,987
7834296851738,2025-03-12,987
7834296851738,2025-03-13,979
7834296851738,2025-03-14,979
7834296851738,2025-03-15,973
7834296851738,2025-03-16,966
7834296851738,2025-03-17,966
7834296851738,2025-03-18,990
7834296851738,2025-03-19,990
7834296851738,2025-03-20,984
7834296851738,2025-03-21,984
7834296851738,2025-03-22,979
7834296851738,2025-03-23,970
7834296851738,2025-03-24,959
7834296851738,2025-03-25,953
7834296851738,2025-03-26,990
7834296851738,2025-03-27,990
7834296851738,2025-03-28,984
7834296851738,2025-03-29,984
7834296851738,2025-03-30,978
7834296851738,2025-03-31,975
7834296851738,2025-04-01,972
7834296851738,2025-04-02,990
7834296851738,2025-04-03,990
7834296851738,2025-04-04,987
7834296851738,2025-04-05,976
7834296851738,2025-04-06,976
7834296851738,2025-04-07,975
7834296851738,2025-04-08,975
7834296851738,2025-04-09,990
7834296851738,2025-04-10,990
7834296851738,2025-04-11,984
7834296851738,2025-04-12,984
7834296851738,2025-04-13,981
7834296851738,2025-04-14,981
7834296851738,2025-04-15,978
7834296851738,2025-04-16,990
7834296851738,2025-04-17,989
7834296851738,2025-04-18,989
7834296851738,2025-04-19,984
7834296851738,2025-04-20,974
7834296851738,2025-04-21,974
7834296851738,2025-04-22,973
7834296851738,2025-04-23,966
7834296851738,2025-04-24,990
7834296851738,2025-04-25,985
7834296851738,2025-04-26,985
7834296851738,2025-04-27,978
7834296851738,2025-04-28,978
7834296851738,2025-04-29,974
7834296851738,2025-04-30,974
7834296851738,2025-05-01,967
7834296851738,2025-05-02,990
7834296851738,2025-05-03,990
7834296851738,2025-05-04,985
7834296851738,2025-05-05,977
7834296851738,2025-05-06,969
7834296851738,2025-05-07,969
7834296851738,2025-05-08,969
7834296851738,2025-05-09,990
7834296851738,2025-05-10,990
7834296851738,2025-05-11,979
7834296851738,2025-05-12,979
7834296851738,2025-05-13,971
7834296851738,2025-05-14,990
7834296851738,2025-05-15,990
7834296851738,2025-05-16,984
7834296851738,2025-05-17,984
7834296851738,2025-05-18,979
7834296851738,2025-05-19,972
7834296851738,2025-05-20,972
7834296851738,2025-05-21,965
7834296851738,2025-05-22,965
7834296851738,2025-05-23,990
7834296851738,2025-05-24,986
7834296851738,2025-05-25,986
7834296851738,2025-05-26,981
7834296851738,2025-05-27,978
7834296851738,2025-05-28,990
7834296851738,2025-05-29,985
7834296851738,2025-05-30,982
7834296851738,2025-05-31,978
7834296851738,2025-06-01,969
7834296851738,2025-06-02,960
7834296851738,2025-06-03,990
7834296851738,2025-06-04,983
7834296851738,2025-06-05,979
7834296851738,2025-06-06,979
7834296851738,2025-06-07,974
7834296851738,2025-06-08,990
7834296851738,2025-06-09,990
7834296851738,2025-06-10,983
7834296851738,2025-06-11,983
7834296851738,2025-06-12,975
7834296851738,2025-06-13,975
7834296851738,2025-06-14,967
7834296851738,2025-06-15,962
7834296851738,2025-06-16,957
7834296851738,2025-06-17,990
7834296851738,2025-06-18,986
7834296851738,2025-06-19,986
7834296851738,2025-06-20,975
7834296851738,2025-06-21,967
7834296851738,2025-06-22,967
7834296851738,2025-06-23,961
7834296851738,2025-06-24,990
7834296851738,2025-06-25,990
7834296851738,2025-06-26,990
7834296851738,2025-06-27,984
7834296851738,2025-06-28,984
7834296851738,2025-06-29,981
7834296851738,2025-06-30,981
7834296851738,2025-07-01,978
7834296851738,2025-07-02,978
7834296851738,2025-07-03,990
7834296851738,2025-07-04,990
7834296851738,2025-07-05,986
7834296851738,2025-07-06,982
7834296851738,2025-07-07,975
7834296851738,2025-07-08,975
7834296851738,2025-07-09,990
7834296851738,2025-07-10,987
7834296851738,2025-07-11,982
7834296851738,2025-07-12,982
7834296851738,2025-07-13,976
7834296851738,2025-07-14,974
7834296851738,2025-07-15,990
7834296851738,2025-07-16,990
7834296851738,2025-07-17,979
7834296851738,2025-07-18,977
7834296851738,2025-07-19,976
7834296851738,2025-07-20,970
7834296851738,2025-07-21,970
7834296851738,2025-07-22,968
7834296851738,2025-07-23,990
7834296851738,2025-07-24,987
7834296851738,2025-07-25,984
7834296851738,2025-07-26,982
7834296851738,2025-07-27,977
7834296851738,2025-07-28,973
7834296851738,2025-07-29,973
7834296851738,2025-07-30,969
7834296851738,2025-07-31,964
7834296851738,2025-08-01,990
7834296851738,2025-08-02,984
7834296851738,2025-08-03,984
7834296851738,2025-08-04,978
7834296851738,2025-08-05,970
7834296851738,2025-08-06,965
7834296851738,2025-08-07,990
7834296851738,2025-08-08,990
7834296851738,2025-08-09,980
7834296851738,2025-08-10,979
7834296851738,2025-08-11,979
7834296851738,2025-08-12,976
7834296851738,2025-08-13,990
7834296851738,2025-08-14,986
7834296851738,2025-08-15,983
7834296851738,2025-08-16,981
7834296851738,2025-08-17,980
7834296851738,2025-08-18,980
7834296851738,2025-08-19,974
7834296851738,2025-08-20,967
7834296851738,2025-08-21,967
7834296851738,2025-08-22,990
7834296851738,2025-08-23,982
7834296851738,2025-08-24,982
7834296851738,2025-08-25,980
7834296851738,2025-08-26,980
7834296851738,2025-08-27,974
7834296851738,2025-08-28,972
7834296851738,2025-08-29,972
7834296851738,2025-08-30,971
7834296851738,2025-08-31,990
7834296851738,2025-09-01,990
7834296851738,2025-09-02,990
7834296851738,2025-09-03,987
7834296851738,2025-09-04,987
7834296851738,2025-09-05,981
7834296851738,2025-09-06,990
7834296851738,2025-09-07,985
7834296851738,2025-09-08,979
7834296851738,2025-09-09,972
7834296851738,2025-09-10,970
7834296851738,2025-09-11,970
7834296851738,2025-09-12,970
7834296851738,2025-09-13,962
7834296851738,2025-09-14,959
7834296851738,2025-09-15,990
7834296851738,2025-09-16,986
7834296851738,2025-09-17,986
7834296851738,2025-09-18,986
7834296851738,2025-09-19,978
7834296851738,2025-09-20,978
7834296851738,2025-09-21,974
7834296851738,2025-09-22,990
7834296851738,2025-09-23,990
7834296851738,2025-09-24,988
7834296851738,2025-09-25,977
7834296851738,2025-09-26,972
7834296851738,2025-09-27,972
7834296851738,2025-09-28,967
7834296851738,2025-09-29,961
7834296851738,2025-09-30,961
7834296851738,2025-10-01,990
7834296851738,2025-10-02,990
7834296851738,2025-10-03,987
7834296851738,2025-10-04,979
7834296851738,2025-10-05,979
7834296851738,2025-10-06,976
7834296851738,2025-10-07,968
7834296851738,2025-10-08,964
7834296851738,2025-10-09,990
7834296851738,2025-10-10,988
7834296851738,2025-10-11,988
7834296851738,2025-10-12,983
7834296851738,2025-10-13,983
7834296851738,2025-10-14,982
7834296851738,2025-10-15,975
7834296851738,2025-10-16,975
7834296851738,2025-10-17,968
7834296851738,2025-10-18,990
7834296851738,2025-10-19,990
7834296851738,2025-10-20,983
7834296851738,2025-10-21,978
7834296851738,2025-10-22,978
7834296851738,2025-10-23,977
7834296851738,2025-10-24,971
7834296851738,2025-10-25,971
7834296851738,2025-10-26,990
7834296851738,2025-10-27,990
7834296851738,2025-10-28,981
7834296851738,2025-10-29,981
7834296851738,2025-10-30,979
7834296851738,2025-10-31,990
7834296851738,2025-11-01,984
7834296851738,2025-11-02,984
7834296851738,2025-11-03,982
7834296851738,2025-11-04,982
7834296851738,2025-11-05,981
7834296851738,2025-11-06,981
7834296851738,2025-11-07,978
7834296851738,2025-11-08,978
7834296851738,2025-11-09,990
7834296851738,2025-11-10,978
7834296851738,2025-11-11,978
7834296851738,2025-11-12,970
7834296851738,2025-11-13,970
7834296851738,2025-11-14,963
7834296851738,2025-11-15,963
7834296851738,2025-11-16,962
7834296851738,2025-11-17,958
7834296851738,2025-11-18,990
7834296851738,2025-11-19,989
7834296851738,2025-11-20,989
7834296851738,2025-11-21,985
7834296851738,2025-11-22,985
7834296851738,2025-11-23,979
7834296851738,2025-11-24,979
7834296851738,2025-11-25,978
7834296851738,2025-11-26,978
7834296851738,2025-11-27,990
7834296851738,2025-11-28,980
7834296851738,2025-11-29,980
7834296851738,2025-11-30,973
7834296851738,2025-12-01,970
7834296851738,2025-12-02,960
7834296851738,2025-12-03,960
7834296851738,2025-12-04,960
7834296851738,2025-12-05,953
7834296851738,2025-12-06,990
7834296851738,2025-12-07,982
7834296851738,2025-12-08,982
7834296851738,2025-12-09,982
7834296851738,2025-12-10,979
7834296851738,2025-12-11,975
7834296851738,2025-12-12,975
7834296851738,2025-12-13,964
7834296851738,2025-12-14,990
7834296851738,2025-12-15,985
7834296851738,2025-12-16,985
7834296851738,2025-12-17,984
7834296851738,2025-12-18,979
7834296851738,2025-12-19,990
7834296851738,2025-12-20,983
7834296851738,2025-12-21,982
7834296851738,2025-12-22,982
7834296851738,2025-12-23,982
7834296851738,2025-12-24,974
7834296851738,2025-12-25,966
7834296851738,2025-12-26,990
7834296851738,2025-12-27,986
7834296851738,2025-12-28,980
7834296851738,2025-12-29,980
7834296851738,2025-12-30,975
7834296851738,2025-12-31,990
7834296851738,2026-01-01,980
7834296851738,2026-01-02,980
7834296851738,2026-01-03,971
7834296851738,2026-01-04,958
7834296851738,2026-01-05,958
7834296851738,2026-01-06,952
7834296851738,2026-01-07,952
7834296851738,2026-01-08,990
7834296851738,2026-01-09,981
7834296851738,2026-01-10,981
7834296851738,2026-01-11,980
7834296851738,2026-01-12,980
7834296851738,2026-01-13,973
7834296851738,2026-01-14,970
7834296851738,2026-01-15,968
7834296851738,2026-01-16,990
7834296851738,2026-01-17,981
7834296851738,2026-01-18,975
7834296851738,2026-01-19,975
7834296851738,2026-01-20,973
7834296851738,2026-01-21,990
7834296851738,2026-01-22,983
7834296851738,2026-01-23,983
7834296851738,2026-01-24,979
7834296851738,2026-01-25,979
7834296851738,2026-01-26,979
7834296851738,2026-01-27,978
7834296851738,2026-01-28,990
7834296851738,2026-01-29,989
7834296851738,2026-01-30,989
7834296851738,2026-01-31,989
7834296851738,2026-02-01,989
7834296851738,2026-02-02,980
7834296851738,2026-02-03,980
7834296851738,2026-02-04,990
7834296851738,2026-02-05,980
7834296851738,2026-02-06,980
7834296851738,2026-02-07,971
7834296851738,2026-02-08,971
7834296851738,2026-02-09,961
7834296851738,2026-02-10,990
7834296851738,2026-02-11,985
7834296851738,2026-02-12,980
7834296851738,2026-02-13,971
7834296851738,2026-02-14,971
7834296851738,2026-02-15,968
7834296851738,2026-02-16,990
7834296851738,2026-02-17,985
7834296851738,2026-02-18,985
7834296851738,2026-02-19,977
7834296851738,2026-02-20,977
7834296851738,2026-02-21,990
7834296851738,2026-02-22,990
7834296851738,2026-02-23,986
7834296851738,2026-02-24,983
7834296851738,2026-02-25,980
7834296851738,2026-02-26,978
7834296851738,2026-02-27,978
7834296851738,2026-02-28,990
7834296851738,2026-03-01,986
7834296851738,2026-03-02,976
7834296851738,2026-03-03,968
7834296851738,2026-03-04,958
7834296851738,2026-03-05,953
7834296851738,2026-03-06,990
7834296851738,2026-03-07,980
7834296851738,2026-03-08,977
7834296851738,2026-03-09,974
7834296851738,2026-03-10,971
7834296851738,2026-03-11,990
7834296851738,2026-03-12,989
7834296851738,2026-03-13,985
7834296851738,2026-03-14,985
7834296851738,2026-03-15,984
7834296851738,2026-03-16,984
7834296851738,2026-03-17,981
7834296851738,2026-03-18,990
7834296851738,2026-03-19,983
7834296851738,2026-03-20,974
7834296851738,2026-03-21,974
7834296851738,2026-03-22,965
7834296851738,2026-03-23,955
7834296851738,2026-03-24,990
7834296851738,2026-03-25,982
7834296851738,2026-03-26,982
7834296851738,2026-03-27,977
7834296851738,2026-03-28,973
7834296851738,2026-03-29,990
7834296851738,2026-03-30,985
7834296851738,2026-03-31,985
7834296851738,2026-04-01,979
7834296851738,2026-04-02,979
7834296851738,2026-04-03,975
7834296851738,2026-04-04,975
7834296851738,2026-04-05,990
7834296851738,2026-04-06,985
7834296851738,2026-04-07,985
7834296851738,2026-04-08,982
7834296851738,2026-04-09,974
7834296851738,2026-04-10,974
7834296851738,2026-04-11,974
7834296851738,2026-04-12,990
7834296851738,2026-04-13,990
7834296851738,2026-04-14,987
7834296851738,2026-04-15,987
7834296851738,2026-04-16,984
7834296851738,2026-04-17,973
7834296851738,2026-04-18,990
7834296851738,2026-04-19,982
7834296851738,2026-04-20,976
7834296851738,2026-04-21,970
7834296851738,2026-04-22,966
7834296851738,2026-04-23,963
7834296851738,2026-04-24,990
7834296851738,2026-04-25,989
7834296851738,2026-04-26,984
7834296851738,2026-04-27,980
7834296851738,2026-04-28,980
7834296851738,2026-04-29,990
7834296851738,2026-04-30,986
7834296851738,2026-05-01,977
7834296851738,2026-05-02,977
7834296851738,2026-05-03,973
7834296851738,2026-05-04,990
7834296851738,2026-05-05,990
7834296851738,2026-05-06,990
7834296851738,2026-05-07,982
7834296851738,2026-05-08,982
7834296851738,2026-05-09,977
7834296851738,2026-05-10,975
7834296851738,2026-05-11,990
7834296851738,2026-05-12,990
7834296851738,2026-05-13,985
7834296851738,2026-05-14,985
7834296851738,2026-05-15,979
7834296851738,2026-05-16,979
7834296851738,2026-05-17,972
7834296851738,2026-05-18,972
7834296851738,2026-05-19,990
7834296851738,2026-05-20,990
7834296851738,2026-05-21,983
7834296851738,2026-05-22,983
7834296851738,2026-05-23,979
7834296851738,2026-05-24,979
7834296851738,2026-05-25,990
7834296851738,2026-05-26,984
7834296851738,2026-05-27,984
7834296851738,2026-05-28,980
7834296851738,2026-05-29,980
7834296851738,2026-05-30,977
7834296851738,2026-05-31,990
7834296851738,2026-06-01,987
7834296851738,2026-06-02,983
7834296851738,2026-06-03,983
7834296851738,2026-06-04,979
7834296851738,2026-06-05,990
7834296851738,2026-06-06,988
7834296851738,2026-06-07,985
7834296851738,2026-06-08,985
7834296851738,2026-06-09,978
7834296851738,2026-06-10,978
7834296851738,2026-06-11,990
7834296851738,2026-06-12,990
7834296851738,2026-06-13,984
7834296851738,2026-06-14,984
7834296851738,2026-06-15,977
7834296851738,2026-06-16,977
7834296851738,2026-06-17,977
7834296851738,2026-06-18,990
7834296851738,2026-06-19,990
7834296851738,2026-06-20,990
7834296851738,2026-06-21,989
7834296851738,2026-06-22,989
7834296851738,2026-06-23,983
7834296851738,2026-06-24,983
7834296851738,2026-06-25,980
7834296851738,2026-06-26,980
7834296851738,2026-06-27,990
7834296851738,2026-06-28,985
7834296851738,2026-06-29,985
7834296851738,2026-06-30,978
7834296851738,2026-07-01,978
7838625473916,2024-01-01,840
7838625473916,2024-01-02,836
7838625473916,2024-01-03,836
7838625473916,2024-01-04,827
7838625473916,2024-01-05,827
7838625473916,2024-01-06,827
7838625473916,2024-01-07,820
7838625473916,2024-01-08,820
7838625473916,2024-01-09,810
7838625473916,2024-01-10,810
7838625473916,2024-01-11,807
7838625473916,2024-01-12,807
7838625473916,2024-01-13,807
7838625473916,2024-01-14,807
7838625473916,2024-01-15,802
7838625473916,2024-01-16,796
7838625473916,2024-01-17,789
7838625473916,2024-01-18,787
7838625473916,2024-01-19,787
7838625473916,2024-01-20,782
7838625473916,2024-01-21,781
7838625473916,2024-01-22,781
7838625473916,2024-01-23,778
7838625473916,2024-01-24,774
7838625473916,2024-01-25,762
7838625473916,2024-01-26,760
7838625473916,2024-01-27,760
7838625473916,2024-01-28,759
7838625473916,2024-01-29,759
7838625473916,2024-01-30,753
7838625473916,2024-01-31,753
7838625473916,2024-02-01,744
7838625473916,2024-02-02,744
7838625473916,2024-02-03,734
7838625473916,2024-02-04,728
7838625473916,2024-02-05,728
7838625473916,2024-02-06,726
7838625473916,2024-02-07,721
7838625473916,2024-02-08,719
7838625473916,2024-02-09,719
7838625473916,2024-02-10,712
7838625473916,2024-02-11,705
7838625473916,2024-02-12,705
7838625473916,2024-02-13,702
7838625473916,2024-02-14,697
7838625473916,2024-02-15,686
7838625473916,2024-02-16,686
7838625473916,2024-02-17,677
7838625473916,2024-02-18,677
7838625473916,2024-02-19,668
7838625473916,2024-02-20,663
7838625473916,2024-02-21,655
7838625473916,2024-02-22,655
7838625473916,2024-02-23,648
7838625473916,2024-02-24,648
7838625473916,2024-02-25,643
7838625473916,2024-02-26,637
7838625473916,2024-02-27,637
7838625473916,2024-02-28,631
7838625473916,2024-02-29,631
7838625473916,2024-03-01,623
7838625473916,2024-03-02,651
7838625473916,2024-03-03,651
7838625473916,2024-03-04,650
7838625473916,2024-03-05,650
7838625473916,2024-03-06,645
7838625473916,2024-03-07,645
7838625473916,2024-03-08,651
7838625473916,2024-03-09,647
7838625473916,2024-03-10,647
7838625473916,2024-03-11,645
7838625473916,2024-03-12,639
7838625473916,2024-03-13,632
7838625473916,2024-03-14,651
7838625473916,2024-03-15,651
7838625473916,2024-03-16,649
7838625473916,2024-03-17,649
7838625473916,2024-03-18,646
7838625473916,2024-03-19,651
7838625473916,2024-03-20,642
7838625473916,2024-03-21,641
7838625473916,2024-03-22,641
7838625473916,2024-03-23,639
7838625473916,2024-03-24,635
7838625473916,2024-03-25,632
7838625473916,2024-03-26,651
7838625473916,2024-03-27,643
7838625473916,2024-03-28,640
7838625473916,2024-03-29,640
7838625473916,2024-03-30,633
7838625473916,2024-03-31,633
7838625473916,2024-04-01,628
7838625473916,2024-04-02,628
7838625473916,2024-04-03,625
7838625473916,2024-04-04,651
7838625473916,2024-04-05,651
7838625473916,2024-04-06,649
7838625473916,2024-04-07,649
7838625473916,2024-04-08,644
7838625473916,2024-04-09,644
7838625473916,2024-04-10,651
7838625473916,2024-04-11,651
7838625473916,2024-04-12,644
7838625473916,2024-04-13,636
7838625473916,2024-04-14,636
7838625473916,2024-04-15,651
7838625473916,2024-04-16,651
7838625473916,2024-04-17,649
7838625473916,2024-04-18,649
7838625473916,2024-04-19,639
7838625473916,2024-04-20,639
7838625473916,2024-04-21,651
7838625473916,2024-04-22,651
7838625473916,2024-04-23,647
7838625473916,2024-04-24,641
7838625473916,2024-04-25,632
7838625473916,2024-04-26,651
7838625473916,2024-04-27,651
7838625473916,2024-04-28,646
7838625473916,2024-04-29,646
7838625473916,2024-04-30,644
7838625473916,2024-05-01,637
7838625473916,2024-05-02,651
7838625473916,2024-05-03,647
7838625473916,2024-05-04,645
7838625473916,2024-05-05,645
7838625473916,2024-05-06,638
7838625473916,2024-05-07,638
7838625473916,2024-05-08,638
7838625473916,2024-05-09,651
7838625473916,2024-05-10,645
7838625473916,2024-05-11,638
7838625473916,2024-05-12,638
7838625473916,2024-05-13,630
7838625473916,2024-05-14,630
7838625473916,2024-05-15,624
7838625473916,2024-05-16,624
7838625473916,2024-05-17,624
7838625473916,2024-05-18,651
7838625473916,2024-05-19,651
7838625473916,2024-05-20,648
7838625473916,2024-05-21,648
7838625473916,2024-05-22,641
7838625473916,2024-05-23,641
7838625473916,2024-05-24,633
7838625473916,2024-05-25,633
7838625473916,2024-05-26,628
7838625473916,2024-05-27,651
7838625473916,2024-05-28,646
7838625473916,2024-05-29,640
7838625473916,2024-05-30,640
7838625473916,2024-05-31,640
7838625473916,2024-06-01,633
7838625473916,2024-06-02,621
7838625473916,2024-06-03,621
7838625473916,2024-06-04,615
7838625473916,2024-06-05,651
7838625473916,2024-06-06,643
7838625473916,2024-06-07,638
7838625473916,2024-06-08,638
7838625473916,2024-06-09,635
7838625473916,2024-06-10,635
7838625473916,2024-06-11,635
7838625473916,2024-06-12,628
7838625473916,2024-06-13,624
7838625473916,2024-06-14,651
7838625473916,2024-06-15,651
7838625473916,2024-06-16,650
7838625473916,2024-06-17,650
7838625473916,2024-06-18,645
7838625473916,2024-06-19,639
7838625473916,2024-06-20,651
7838625473916,2024-06-21,651
7838625473916,2024-06-22,644
7838625473916,2024-06-23,644
7838625473916,2024-06-24,644
7838625473916,2024-06-25,640
7838625473916,2024-06-26,637
7838625473916,2024-06-27,651
7838625473916,2024-06-28,651
7838625473916,2024-06-29,649
7838625473916,2024-06-30,649
7838625473916,2024-07-01,642
7838625473916,2024-07-02,642
7838625473916,2024-07-03,635
7838625473916,2024-07-04,625
7838625473916,2024-07-05,651
7838625473916,2024-07-06,645
7838625473916,2024-07-07,645
7838625473916,2024-07-08,638
7838625473916,2024-07-09,638
7838625473916,2024-07-10,632
7838625473916,2024-07-11,632
7838625473916,2024-07-12,625
7838625473916,2024-07-13,620
7838625473916,2024-07-14,651
7838625473916,2024-07-15,651
7838625473916,2024-07-16,649
7838625473916,2024-07-17,643
7838625473916,2024-07-18,643
7838625473916,2024-07-19,651
7838625473916,2024-07-20,646
7838625473916,2024-07-21,645
7838625473916,2024-07-22,645
7838625473916,2024-07-23,634
7838625473916,2024-07-24,634
7838625473916,2024-07-25,630
7838625473916,2024-07-26,624
7838625473916,2024-07-27,624
7838625473916,2024-07-28,651
7838625473916,2024-07-29,651
7838625473916,2024-07-30,646
7838625473916,2024-07-31,641
7838625473916,2024-08-01,637
7838625473916,2024-08-02,631
7838625473916,2024-08-03,651
7838625473916,2024-08-04,651
7838625473916,2024-08-05,643
7838625473916,2024-08-06,643
7838625473916,2024-08-07,637
7838625473916,2024-08-08,651
7838625473916,2024-08-09,651
7838625473916,2024-08-10,647
7838625473916,2024-08-11,644
7838625473916,2024-08-12,636
7838625473916,2024-08-13,630
7838625473916,2024-08-14,630
7838625473916,2024-08-15,623
7838625473916,2024-08-16,651
7838625473916,2024-08-17,648
7838625473916,2024-08-18,641
7838625473916,2024-08-19,638
7838625473916,2024-08-20,638
7838625473916,2024-08-21,630
7838625473916,2024-08-22,622
7838625473916,2024-08-23,616
7838625473916,2024-08-24,616
7838625473916,2024-08-25,651
7838625473916,2024-08-26,647
7838625473916,2024-08-27,647
7838625473916,2024-08-28,641
7838625473916,2024-08-29,633
7838625473916,2024-08-30,651
7838625473916,2024-08-31,648
7838625473916,2024-09-01,646
7838625473916,2024-09-02,642
7838625473916,2024-09-03,642
7838625473916,2024-09-04,651
7838625473916,2024-09-05,651
7838625473916,2024-09-06,649
7838625473916,2024-09-07,640
7838625473916,2024-09-08,640
7838625473916,2024-09-09,631
7838625473916,2024-09-10,651
7838625473916,2024-09-11,646
7838625473916,2024-09-12,646
7838625473916,2024-09-13,646
7838625473916,2024-09-14,644
7838625473916,2024-09-15,641
7838625473916,2024-09-16,641
7838625473916,2024-09-17,651
7838625473916,2024-09-18,651
7838625473916,2024-09-19,649
7838625473916,2024-09-20,649
7838625473916,2024-09-21,636
7838625473916,2024-09-22,628
7838625473916,2024-09-23,651
7838625473916,2024-09-24,642
7838625473916,2024-09-25,642
7838625473916,2024-09-26,638
7838625473916,2024-09-27,638
7838625473916,2024-09-28,632
7838625473916,2024-09-29,626
7838625473916,2024-09-30,651
7838625473916,2024-10-01,645
7838625473916,2024-10-02,634
7838625473916,2024-10-03,631
7838625473916,2024-10-04,631
7838625473916,2024-10-05,651
7838625473916,2024-10-06,651
7838625473916,2024-10-07,641
7838625473916,2024-10-08,641
7838625473916,2024-10-09,638
7838625473916,2024-10-10,634
7838625473916,2024-10-11,651
7838625473916,2024-10-12,647
7838625473916,2024-10-13,640
7838625473916,2024-10-14,640
7838625473916,2024-10-15,639
7838625473916,2024-10-16,639
7838625473916,2024-10-17,632
7838625473916,2024-10-18,651
7838625473916,2024-10-19,651
7838625473916,2024-10-20,647
7838625473916,2024-10-21,647
7838625473916,2024-10-22,644
7838625473916,2024-10-23,644
7838625473916,2024-10-24,640
7838625473916,2024-10-25,651
7838625473916,2024-10-26,645
7838625473916,2024-10-27,638
7838625473916,2024-10-28,638
7838625473916,2024-10-29,630
7838625473916,2024-10-30,630
7838625473916,2024-10-31,626
7838625473916,2024-11-01,651
7838625473916,2024-11-02,651
7838625473916,2024-11-03,651
7838625473916,2024-11-04,651
7838625473916,2024-11-05,651
7838625473916,2024-11-06,648
7838625473916,2024-11-07,642
7838625473916,2024-11-08,651
7838625473916,2024-11-09,649
7838625473916,2024-11-10,649
7838625473916,2024-11-11,644
7838625473916,2024-11-12,641
7838625473916,2024-11-13,636
7838625473916,2024-11-14,634
7838625473916,2024-11-15,631
7838625473916,2024-11-16,627
7838625473916,2024-11-17,651
7838625473916,2024-11-18,646
7838625473916,2024-11-19,646
7838625473916,2024-11-20,636
7838625473916,2024-11-21,629
7838625473916,2024-11-22,629
7838625473916,2024-11-23,629
7838625473916,2024-11-24,629
7838625473916,2024-11-25,626
7838625473916,2024-11-26,651
7838625473916,2024-11-27,645
7838625473916,2024-11-28,645
7838625473916,2024-11-29,632
7838625473916,2024-11-30,632
7838625473916,2024-12-01,651
7838625473916,2024-12-02,644
7838625473916,2024-12-03,637
7838625473916,2024-12-04,637
7838625473916,2024-12-05,632
7838625473916,2024-12-06,625
7838625473916,2024-12-07,651
7838625473916,2024-12-08,648
7838625473916,2024-12-09,643
7838625473916,2024-12-10,638
7838625473916,2024-12-11,636
7838625473916,2024-12-12,651
7838625473916,2024-12-13,647
7838625473916,2024-12-14,647
7838625473916,2024-12-15,642
7838625473916,2024-12-16,636
7838625473916,2024-12-17,635
7838625473916,2024-12-18,630
7838625473916,2024-12-19,625
7838625473916,2024-12-20,651
7838625473916,2024-12-21,640
7838625473916,2024-12-22,640
7838625473916,2024-12-23,637
7838625473916,2024-12-24,631
7838625473916,2024-12-25,631
7838625473916,2024-12-26,627
7838625473916,2024-12-27,617
7838625473916,2024-12-28,617
7838625473916,2024-12-29,651
7838625473916,2024-12-30,641
7838625473916,2024-12-31,641
7838625473916,2025-01-01,636
7838625473916,2025-01-02,636
7838625473916,2025-01-03,636
7838625473916,2025-01-04,633
7838625473916,2025-01-05,633
7838625473916,2025-01-06,651
7838625473916,2025-01-07,646
7838625473916,2025-01-08,637
7838625473916,2025-01-09,637
7838625473916,2025-01-10,631
7838625473916,2025-01-11,651
7838625473916,2025-01-12,644
7838625473916,2025-01-13,644
7838625473916,2025-01-14,638
7838625473916,2025-01-15,632
7838625473916,2025-01-16,632
7838625473916,2025-01-17,651
7838625473916,2025-01-18,651
7838625473916,2025-01-19,644
7838625473916,2025-01-20,644
7838625473916,2025-01-21,644
7838625473916,2025-01-22,644
7838625473916,2025-01-23,639
7838625473916,2025-01-24,651
7838625473916,2025-01-25,651
7838625473916,2025-01-26,646
7838625473916,2025-01-27,643
7838625473916,2025-01-28,636
7838625473916,2025-01-29,651
7838625473916,2025-01-30,649
7838625473916,2025-01-31,649
7838625473916,2025-02-01,642
7838625473916,2025-02-02,642
7838625473916,2025-02-03,638
7838625473916,2025-02-04,638
7838625473916,2025-02-05,627
7838625473916,2025-02-06,651
7838625473916,2025-02-07,650
7838625473916,2025-02-08,643
7838625473916,2025-02-09,640
7838625473916,2025-02-10,636
7838625473916,2025-02-11,632
7838625473916,2025-02-12,631
7838625473916,2025-02-13,622
7838625473916,2025-02-14,651
7838625473916,2025-02-15,648
7838625473916,2025-02-16,648
7838625473916,2025-02-17,641
7838625473916,2025-02-18,641
7838625473916,2025-02-19,636
7838625473916,2025-02-20,628
7838625473916,2025-02-21,622
7838625473916,2025-02-22,622
7838625473916,2025-02-23,651
7838625473916,2025-02-24,643
7838625473916,2025-02-25,637
7838625473916,2025-02-26,635
7838625473916,2025-02-27,635
7838625473916,2025-02-28,633
7838625473916,2025-03-01,621
7838625473916,2025-03-02,621
7838625473916,2025-03-03,651
7838625473916,2025-03-04,651
7838625473916,2025-03-05,646
7838625473916,2025-03-06,646
7838625473916,2025-03-07,646
7838625473916,2025-03-08,651
7838625473916,2025-03-09,650
7838625473916,2025-03-10,646
7838625473916,2025-03-11,639
7838625473916,2025-03-12,639
7838625473916,2025-03-13,651
7838625473916,2025-03-14,649
7838625473916,2025-03-15,649
7838625473916,2025-03-16,640
7838625473916,2025-03-17,633
7838625473916,2025-03-18,628
7838625473916,2025-03-19,620
7838625473916,2025-03-20,651
7838625473916,2025-03-21,644
7838625473916,2025-03-22,634
7838625473916,2025-03-23,628
7838625473916,2025-03-24,621
7838625473916,2025-03-25,621
7838625473916,2025-03-26,616
7838625473916,2025-03-27,612
7838625473916,2025-03-28,651
7838625473916,2025-03-29,645
7838625473916,2025-03-30,645
7838625473916,2025-03-31,635
7838625473916,2025-04-01,635
7838625473916,2025-04-02,630
7838625473916,2025-04-03,630
7838625473916,2025-04-04,624
7838625473916,2025-04-05,624
7838625473916,2025-04-06,651
7838625473916,2025-04-07,651
7838625473916,2025-04-08,647
7838625473916,2025-04-09,647
7838625473916,2025-04-10,647
7838625473916,2025-04-11,635
7838625473916,2025-04-12,635
7838625473916,2025-04-13,635
7838625473916,2025-04-14,651
7838625473916,2025-04-15,648
7838625473916,2025-04-16,643
7838625473916,2025-04-17,643
7838625473916,2025-04-18,638
7838625473916,2025-04-19,651
7838625473916,2025-04-20,647
7838625473916,2025-04-21,646
7838625473916,2025-04-22,635
7838625473916,2025-04-23,635
7838625473916,2025-04-24,626
7838625473916,2025-04-25,621
7838625473916,2025-04-26,651
7838625473916,2025-04-27,646
7838625473916,2025-04-28,646
7838625473916,2025-04-29,643
7838625473916,2025-04-30,643
7838625473916,2025-05-01,651
7838625473916,2025-05-02,641
7838625473916,2025-05-03,641
7838625473916,2025-05-04,630
7838625473916,2025-05-05,630
7838625473916,2025-05-06,628
7838625473916,2025-05-07,622
7838625473916,2025-05-08,619
7838625473916,2025-05-09,651
7838625473916,2025-05-10,644
7838625473916,2025-05-11,644
7838625473916,2025-05-12,642
7838625473916,2025-05-13,642
7838625473916,2025-05-14,642
7838625473916,2025-05-15,636
7838625473916,2025-05-16,633
7838625473916,2025-05-17,651
7838625473916,2025-05-18,651
7838625473916,2025-05-19,645
7838625473916,2025-05-20,645
7838625473916,2025-05-21,642
7838625473916,2025-05-22,651
7838625473916,2025-05-23,644
7838625473916,2025-05-24,644
7838625473916,2025-05-25,637
7838625473916,2025-05-26,633
7838625473916,2025-05-27,633
7838625473916,2025-05-28,651
7838625473916,2025-05-29,651
7838625473916,2025-05-30,645
7838625473916,2025-05-31,639
7838625473916,2025-06-01,639
7838625473916,2025-06-02,633
7838625473916,2025-06-03,633
7838625473916,2025-06-04,631
7838625473916,2025-06-05,631
7838625473916,2025-06-06,651
7838625473916,2025-06-07,644
7838625473916,2025-06-08,644
7838625473916,2025-06-09,640
7838625473916,2025-06-10,640
7838625473916,2025-06-11,651
7838625473916,2025-06-12,642
7838625473916,2025-06-13,642
7838625473916,2025-06-14,634
7838625473916,2025-06-15,630
7838625473916,2025-06-16,651
7838625473916,2025-06-17,651
7838625473916,2025-06-18,642
7838625473916,2025-06-19,637
7838625473916,2025-06-20,637
7838625473916,2025-06-21,631
7838625473916,2025-06-22,651
7838625473916,2025-06-23,642
7838625473916,2025-06-24,638
7838625473916,2025-06-25,638
7838625473916,2025-06-26,637
7838625473916,2025-06-27,637
7838625473916,2025-06-28,637
7838625473916,2025-06-29,637
7838625473916,2025-06-30,634
7838625473916,2025-07-01,651
7838625473916,2025-07-02,647
7838625473916,2025-07-03,641
7838625473916,2025-07-04,635
7838625473916,2025-07-05,635
7838625473916,2025-07-06,651
7838625473916,2025-07-07,651
7838625473916,2025-07-08,647
7838625473916,2025-07-09,644
7838625473916,2025-07-10,638
7838625473916,2025-07-11,638
7838625473916,2025-07-12,651
7838625473916,2025-07-13,651
7838625473916,2025-07-14,651
7838625473916,2025-07-15,651
7838625473916,2025-07-16,645
7838625473916,2025-07-17,642
7838625473916,2025-07-18,638
7838625473916,2025-07-19,651
7838625473916,2025-07-20,650
7838625473916,2025-07-21,645
7838625473916,2025-07-22,639
7838625473916,2025-07-23,637
7838625473916,2025-07-24,651
7838625473916,2025-07-25,646
7838625473916,2025-07-26,642
7838625473916,2025-07-27,639
7838625473916,2025-07-28,627
7838625473916,2025-07-29,651
7838625473916,2025-07-30,643
7838625473916,2025-07-31,643
7838625473916,2025-08-01,638
7838625473916,2025-08-02,637
7838625473916,2025-08-03,628
7838625473916,2025-08-04,626
7838625473916,2025-08-05,626
7838625473916,2025-08-06,623
7838625473916,2025-08-07,651
7838625473916,2025-08-08,651
7838625473916,2025-08-09,648
7838625473916,2025-08-10,648
7838625473916,2025-08-11,644
7838625473916,2025-08-12,651
7838625473916,2025-08-13,642
7838625473916,2025-08-14,639
7838625473916,2025-08-15,631
7838625473916,2025-08-16,631
7838625473916,2025-08-17,627
7838625473916,2025-08-18,622
7838625473916,2025-08-19,651
7838625473916,2025-08-20,651
7838625473916,2025-08-21,646
7838625473916,2025-08-22,646
7838625473916,2025-08-23,644
7838625473916,2025-08-24,640
7838625473916,2025-08-25,640
7838625473916,2025-08-26,638
7838625473916,2025-08-27,636
7838625473916,2025-08-28,651
7838625473916,2025-08-29,651
7838625473916,2025-08-30,645
7838625473916,2025-08-31,645
7838625473916,2025-09-01,639
7838625473916,2025-09-02,639
7838625473916,2025-09-03,651
7838625473916,2025-09-04,645
7838625473916,2025-09-05,645
7838625473916,2025-09-06,640
7838625473916,2025-09-07,640
7838625473916,2025-09-08,636
7838625473916,2025-09-09,631
7838625473916,2025-09-10,631
7838625473916,2025-09-11,651
7838625473916,2025-09-12,648
7838625473916,2025-09-13,641
7838625473916,2025-09-14,635
7838625473916,2025-09-15,635
7838625473916,2025-09-16,628
7838625473916,2025-09-17,623
7838625473916,2025-09-18,623
7838625473916,2025-09-19,620
7838625473916,2025-09-20,651
7838625473916,2025-09-21,651
7838625473916,2025-09-22,641
7838625473916,2025-09-23,635
7838625473916,2025-09-24,635
7838625473916,2025-09-25,633
7838625473916,2025-09-26,633
7838625473916,2025-09-27,627
7838625473916,2025-09-28,627
7838625473916,2025-09-29,651
7838625473916,2025-09-30,645
7838625473916,2025-10-01,645
7838625473916,2025-10-02,644
7838625473916,2025-10-03,643
7838625473916,2025-10-04,636
7838625473916,2025-10-05,636
7838625473916,2025-10-06,633
7838625473916,2025-10-07,651
7838625473916,2025-10-08,645
7838625473916,2025-10-09,645
7838625473916,2025-10-10,639
7838625473916,2025-10-11,639
7838625473916,2025-10-12,633
7838625473916,2025-10-13,631
7838625473916,2025-10-14,651
7838625473916,2025-10-15,645
7838625473916,2025-10-16,645
7838625473916,2025-10-17,637
7838625473916,2025-10-18,632
7838625473916,2025-10-19,651
7838625473916,2025-10-20,644
7838625473916,2025-10-21,644
7838625473916,2025-10-22,636
7838625473916,2025-10-23,631
7838625473916,2025-10-24,626
7838625473916,2025-10-25,626
7838625473916,2025-10-26,625
7838625473916,2025-10-27,623
7838625473916,2025-10-28,651
7838625473916,2025-10-29,645
7838625473916,2025-10-30,640
7838625473916,2025-10-31,640
7838625473916,2025-11-01,638
7838625473916,2025-11-02,638
7838625473916,2025-11-03,651
7838625473916,2025-11-04,651
7838625473916,2025-11-05,647
7838625473916,2025-11-06,647
7838625473916,2025-11-07,644
7838625473916,2025-11-08,639
7838625473916,2025-11-09,633
7838625473916,2025-11-10,633
7838625473916,2025-11-11,651
7838625473916,2025-11-12,651
7838625473916,2025-11-13,646
7838625473916,2025-11-14,646
7838625473916,2025-11-15,642
7838625473916,2025-11-16,642
7838625473916,2025-11-17,627
7838625473916,2025-11-18,627
7838625473916,2025-11-19,651
7838625473916,2025-11-20,651
7838625473916,2025-11-21,647
7838625473916,2025-11-22,647
7838625473916,2025-11-23,644
7838625473916,2025-11-24,634
7838625473916,2025-11-25,651
7838625473916,2025-11-26,651
7838625473916,2025-11-27,646
7838625473916,2025-11-28,646
7838625473916,2025-11-29,640
7838625473916,2025-11-30,640
7838625473916,2025-12-01,637
7838625473916,2025-12-02,637
7838625473916,2025-12-03,651
7838625473916,2025-12-04,651
7838625473916,2025-12-05,646
7838625473916,2025-12-06,646
7838625473916,2025-12-07,638
7838625473916,2025-12-08,638
7838625473916,2025-12-09,651
7838625473916,2025-12-10,646
7838625473916,2025-12-11,646
7838625473916,2025-12-12,642
7838625473916,2025-12-13,642
7838625473916,2025-12-14,642
7838625473916,2025-12-15,651
7838625473916,2025-12-16,644
7838625473916,2025-12-17,644
7838625473916,2025-12-18,639
7838625473916,2025-12-19,637
7838625473916,2025-12-20,637
7838625473916,2025-12-21,631
7838625473916,2025-12-22,651
7838625473916,2025-12-23,645
7838625473916,2025-12-24,638
7838625473916,2025-12-25,638
7838625473916,2025-12-26,636
7838625473916,2025-12-27,636
7838625473916,2025-12-28,651
7838625473916,2025-12-29,651
7838625473916,2025-12-30,651
7838625473916,2025-12-31,651
7838625473916,2026-01-01,645
7838625473916,2026-01-02,643
7838625473916,2026-01-03,638
7838625473916,2026-01-04,632
7838625473916,2026-01-05,632
7838625473916,2026-01-06,651
7838625473916,2026-01-07,649
7838625473916,2026-01-08,649
7838625473916,2026-01-09,644
7838625473916,2026-01-10,640
7838625473916,2026-01-11,634
7838625473916,2026-01-12,634
7838625473916,2026-01-13,651
7838625473916,2026-01-14,651
7838625473916,2026-01-15,641
7838625473916,2026-01-16,641
7838625473916,2026-01-17,635
7838625473916,2026-01-18,635
7838625473916,2026-01-19,651
7838625473916,2026-01-20,648
7838625473916,2026-01-21,642
7838625473916,2026-01-22,642
7838625473916,2026-01-23,639
7838625473916,2026-01-24,636
7838625473916,2026-01-25,632
7838625473916,2026-01-26,627
7838625473916,2026-01-27,651
7838625473916,2026-01-28,647
7838625473916,2026-01-29,647
7838625473916,2026-01-30,647
7838625473916,2026-01-31,647
7838625473916,2026-02-01,643
7838625473916,2026-02-02,651
7838625473916,2026-02-03,649
7838625473916,2026-02-04,649
7838625473916,2026-02-05,643
7838625473916,2026-02-06,642
7838625473916,2026-02-07,635
7838625473916,2026-02-08,635
7838625473916,2026-02-09,635
7838625473916,2026-02-10,635
7838625473916,2026-02-11,651
7838625473916,2026-02-12,643
7838625473916,2026-02-13,643
7838625473916,2026-02-14,637
7838625473916,2026-02-15,632
7838625473916,2026-02-16,624
7838625473916,2026-02-17,651
7838625473916,2026-02-18,645
7838625473916,2026-02-19,645
7838625473916,2026-02-20,642
7838625473916,2026-02-21,636
7838625473916,2026-02-22,636
7838625473916,2026-02-23,629
7838625473916,2026-02-24,651
7838625473916,2026-02-25,642
7838625473916,2026-02-26,642
7838625473916,2026-02-27,634
7838625473916,2026-02-28,634
7838625473916,2026-03-01,628
7838625473916,2026-03-02,628
7838625473916,2026-03-03,624
7838625473916,2026-03-04,651
7838625473916,2026-03-05,651
7838625473916,2026-03-06,651
7838625473916,2026-03-07,649
7838625473916,2026-03-08,649
7838625473916,2026-03-09,651
7838625473916,2026-03-10,644
7838625473916,2026-03-11,641
7838625473916,2026-03-12,635
7838625473916,2026-03-13,628
7838625473916,2026-03-14,628
7838625473916,2026-03-15,619
7838625473916,2026-03-16,613
7838625473916,2026-03-17,651
7838625473916,2026-03-18,645
7838625473916,2026-03-19,645
7838625473916,2026-03-20,641
7838625473916,2026-03-21,641
7838625473916,2026-03-22,635
7838625473916,2026-03-23,631
7838625473916,2026-03-24,651
7838625473916,2026-03-25,646
7838625473916,2026-03-26,646
7838625473916,2026-03-27,639
7838625473916,2026-03-28,639
7838625473916,2026-03-29,632
7838625473916,2026-03-30,651
7838625473916,2026-03-31,646
7838625473916,2026-04-01,639
7838625473916,2026-04-02,628
7838625473916,2026-04-03,621
7838625473916,2026-04-04,621
7838625473916,2026-04-05,616
7838625473916,2026-04-06,604
7838625473916,2026-04-07,651
7838625473916,2026-04-08,641
7838625473916,2026-04-09,641
7838625473916,2026-04-10,637
7838625473916,2026-04-11,626
7838625473916,2026-04-12,626
7838625473916,2026-04-13,651
7838625473916,2026-04-14,651
7838625473916,2026-04-15,648
7838625473916,2026-04-16,638
7838625473916,2026-04-17,636
7838625473916,2026-04-18,636
7838625473916,2026-04-19,628
7838625473916,2026-04-20,625
7838625473916,2026-04-21,651
7838625473916,2026-04-22,644
7838625473916,2026-04-23,640
7838625473916,2026-04-24,633
7838625473916,2026-04-25,623
7838625473916,2026-04-26,651
7838625473916,2026-04-27,648
7838625473916,2026-04-28,642
7838625473916,2026-04-29,642
7838625473916,2026-04-30,636
7838625473916,2026-05-01,636
7838625473916,2026-05-02,629
7838625473916,2026-05-03,651
7838625473916,2026-05-04,646
7838625473916,2026-05-05,641
7838625473916,2026-05-06,636
7838625473916,2026-05-07,636
7838625473916,2026-05-08,636
7838625473916,2026-05-09,651
7838625473916,2026-05-10,644
7838625473916,2026-05-11,644
7838625473916,2026-05-12,637
7838625473916,2026-05-13,633
7838625473916,2026-05-14,651
7838625473916,2026-05-15,649
7838625473916,2026-05-16,649
7838625473916,2026-05-17,649
7838625473916,2026-05-18,645
7838625473916,2026-05-19,640
7838625473916,2026-05-20,640
7838625473916,2026-05-21,634
7838625473916,2026-05-22,651
7838625473916,2026-05-23,642
7838625473916,2026-05-24,642
7838625473916,2026-05-25,632
7838625473916,2026-05-26,632
7838625473916,2026-05-27,625
7838625473916,2026-05-28,625
7838625473916,2026-05-29,622
7838625473916,2026-05-30,615
7838625473916,2026-05-31,651
7838625473916,2026-06-01,648
7838625473916,2026-06-02,644
7838625473916,2026-06-03,644
7838625473916,2026-06-04,639
7838625473916,2026-06-05,639
7838625473916,2026-06-06,651
7838625473916,2026-06-07,647
7838625473916,2026-06-08,647
7838625473916,2026-06-09,646
7838625473916,2026-06-10,646
7838625473916,2026-06-11,640
7838625473916,2026-06-12,640
7838625473916,2026-06-13,638
7838625473916,2026-06-14,651
7838625473916,2026-06-15,646
7838625473916,2026-06-16,642
7838625473916,2026-06-17,640
7838625473916,2026-06-18,640
7838625473916,2026-06-19,632
7838625473916,2026-06-20,632
7838625473916,2026-06-21,623
7838625473916,2026-06-22,651
7838625473916,2026-06-23,648
7838625473916,2026-06-24,645
7838625473916,2026-06-25,639
7838625473916,2026-06-26,632
7838625473916,2026-06-27,627
7838625473916,2026-06-28,651
7838625473916,2026-06-29,644
7838625473916,2026-06-30,644
7838625473916,2026-07-01,638
7831957386244,2024-01-01,452
7831957386244,2024-01-02,452
7831957386244,2024-01-03,452
7831957386244,2024-01-04,452
7831957386244,2024-01-05,433
7831957386244,2024-01-06,433
7831957386244,2024-01-07,433
7831957386244,2024-01-08,433
7831957386244,2024-01-09,433
7831957386244,2024-01-10,433
7831957386244,2024-01-11,433
7831957386244,2024-01-12,413
7831957386244,2024-01-13,413
7831957386244,2024-01-14,413
7831957386244,2024-01-15,413
7831957386244,2024-01-16,413
7831957386244,2024-01-17,413
7831957386244,2024-01-18,413
7831957386244,2024-01-19,392
7831957386244,2024-01-20,392
7831957386244,2024-01-21,973
7831957386244,2024-01-22,973
7831957386244,2024-01-23,973
7831957386244,2024-01-24,941
7831957386244,2024-01-25,941
7831957386244,2024-01-26,941
7831957386244,2024-01-27,941
7831957386244,2024-01-28,941
7831957386244,2024-01-29,941
7831957386244,2024-01-30,941
7831957386244,2024-01-31,941
7831957386244,2024-02-01,924
7831957386244,2024-02-02,924
7831957386244,2024-02-03,924
7831957386244,2024-02-04,924
7831957386244,2024-02-05,924
7831957386244,2024-02-06,924
7831957386244,2024-02-07,924
7831957386244,2024-02-08,924
7831957386244,2024-02-09,924
7831957386244,2024-02-10,903
7831957386244,2024-02-11,903
7831957386244,2024-02-12,903
7831957386244,2024-02-13,903
7831957386244,2024-02-14,903
7831957386244,2024-02-15,903
7831957386244,2024-02-16,903
7831957386244,2024-02-17,973
7831957386244,2024-02-18,973
7831957386244,2024-02-19,973
7831957386244,2024-02-20,973
7831957386244,2024-02-21,973
7831957386244,2024-02-22,973
7831957386244,2024-02-23,951
7831957386244,2024-02-24,951
7831957386244,2024-02-25,951
7831957386244,2024-02-26,951
7831957386244,2024-02-27,951
7831957386244,2024-02-28,951
7831957386244,2024-02-29,923
7831957386244,2024-03-01,923
7831957386244,2024-03-02,923
7831957386244,2024-03-03,923
7831957386244,2024-03-04,923
7831957386244,2024-03-05,923
7831957386244,2024-03-06,901
7831957386244,2024-03-07,901
7831957386244,2024-03-08,901
7831957386244,2024-03-09,901
7831957386244,2024-03-10,901
7831957386244,2024-03-11,901
7831957386244,2024-03-12,901
7831957386244,2024-03-13,901
7831957386244,2024-03-14,870
7831957386244,2024-03-15,973
7831957386244,2024-03-16,973
7831957386244,2024-03-17,973
7831957386244,2024-03-18,973
7831957386244,2024-03-19,973
7831957386244,2024-03-20,951
7831957386244,2024-03-21,951
7831957386244,2024-03-22,951
7831957386244,2024-03-23,951
7831957386244,2024-03-24,951
7831957386244,2024-03-25,951
7831957386244,2024-03-26,951
7831957386244,2024-03-27,951
7831957386244,2024-03-28,951
7831957386244,2024-03-29,920
7831957386244,2024-03-30,920
7831957386244,2024-03-31,920
7831957386244,2024-04-01,920
7831957386244,2024-04-02,920
7831957386244,2024-04-03,920
7831957386244,2024-04-04,973
7831957386244,2024-04-05,973
7831957386244,2024-04-06,973
7831957386244,2024-04-07,973
7831957386244,2024-04-08,947
7831957386244,2024-04-09,947
7831957386244,2024-04-10,947
7831957386244,2024-04-11,947
7831957386244,2024-04-12,947
7831957386244,2024-04-13,947
7831957386244,2024-04-14,947
7831957386244,2024-04-15,947
7831957386244,2024-04-16,947
7831957386244,2024-04-17,947
7831957386244,2024-04-18,922
7831957386244,2024-04-19,922
7831957386244,2024-04-20,922
7831957386244,2024-04-21,922
7831957386244,2024-04-22,922
7831957386244,2024-04-23,922
7831957386244,2024-04-24,922
7831957386244,2024-04-25,894
7831957386244,2024-04-26,894
7831957386244,2024-04-27,894
7831957386244,2024-04-28,894
7831957386244,2024-04-29,894
7831957386244,2024-04-30,894
7831957386244,2024-05-01,894
7831957386244,2024-05-02,860
7831957386244,2024-05-03,860
7831957386244,2024-05-04,860
7831957386244,2024-05-05,860
7831957386244,2024-05-06,860
7831957386244,2024-05-07,829
7831957386244,2024-05-08,829
7831957386244,2024-05-09,829
7831957386244,2024-05-10,829
7831957386244,2024-05-11,973
7831957386244,2024-05-12,973
7831957386244,2024-05-13,973
7831957386244,2024-05-14,973
7831957386244,2024-05-15,948
7831957386244,2024-05-16,948
7831957386244,2024-05-17,948
7831957386244,2024-05-18,948
7831957386244,2024-05-19,948
7831957386244,2024-05-20,948
7831957386244,2024-05-21,948
7831957386244,2024-05-22,948
7831957386244,2024-05-23,948
7831957386244,2024-05-24,928
7831957386244,2024-05-25,928
7831957386244,2024-05-26,928
7831957386244,2024-05-27,928
7831957386244,2024-05-28,928
7831957386244,2024-05-29,928
7831957386244,2024-05-30,928
7831957386244,2024-05-31,928
7831957386244,2024-06-01,928
7831957386244,2024-06-02,912
7831957386244,2024-06-03,912
7831957386244,2024-06-04,912
7831957386244,2024-06-05,912
7831957386244,2024-06-06,912
7831957386244,2024-06-07,895
7831957386244,2024-06-08,895
7831957386244,2024-06-09,895
7831957386244,2024-06-10,973
7831957386244,2024-06-11,973
7831957386244,2024-06-12,973
7831957386244,2024-06-13,943
7831957386244,2024-06-14,943
7831957386244,2024-06-15,943
7831957386244,2024-06-16,943
7831957386244,2024-06-17,943
7831957386244,2024-06-18,919
7831957386244,2024-06-19,919
7831957386244,2024-06-20,919
7831957386244,2024-06-21,919
7831957386244,2024-06-22,919
7831957386244,2024-06-23,919
7831957386244,2024-06-24,919
7831957386244,2024-06-25,919
7831957386244,2024-06-26,900
7831957386244,2024-06-27,900
7831957386244,2024-06-28,900
7831957386244,2024-06-29,900
7831957386244,2024-06-30,900
7831957386244,2024-07-01,900
7831957386244,2024-07-02,900
7831957386244,2024-07-03,873
7831957386244,2024-07-04,873
7831957386244,2024-07-05,873
7831957386244,2024-07-06,873
7831957386244,2024-07-07,973
7831957386244,2024-07-08,973
7831957386244,2024-07-09,944
7831957386244,2024-07-10,944
7831957386244,2024-07-11,944
7831957386244,2024-07-12,944
7831957386244,2024-07-13,944
7831957386244,2024-07-14,944
7831957386244,2024-07-15,944
7831957386244,2024-07-16,944
7831957386244,2024-07-17,944
7831957386244,2024-07-18,922
7831957386244,2024-07-19,922
7831957386244,2024-07-20,922
7831957386244,2024-07-21,922
7831957386244,2024-07-22,922
7831957386244,2024-07-23,922
7831957386244,2024-07-24,922
7831957386244,2024-07-25,901
7831957386244,2024-07-26,901
7831957386244,2024-07-27,901
7831957386244,2024-07-28,901
7831957386244,2024-07-29,973
7831957386244,2024-07-30,973
7831957386244,2024-07-31,973
7831957386244,2024-08-01,973
7831957386244,2024-08-02,953
7831957386244,2024-08-03,953
7831957386244,2024-08-04,953
7831957386244,2024-08-05,953
7831957386244,2024-08-06,953
7831957386244,2024-08-07,953
7831957386244,2024-08-08,953
7831957386244,2024-08-09,953
7831957386244,2024-08-10,953
7831957386244,2024-08-11,926
7831957386244,2024-08-12,926
7831957386244,2024-08-13,926
7831957386244,2024-08-14,926
7831957386244,2024-08-15,926
7831957386244,2024-08-16,926
7831957386244,2024-08-17,901
7831957386244,2024-08-18,901
7831957386244,2024-08-19,901
7831957386244,2024-08-20,901
7831957386244,2024-08-21,901
7831957386244,2024-08-22,901
7831957386244,2024-08-23,878
7831957386244,2024-08-24,878
7831957386244,2024-08-25,878
7831957386244,2024-08-26,878
7831957386244,2024-08-27,878
7831957386244,2024-08-28,973
7831957386244,2024-08-29,947
7831957386244,2024-08-30,947
7831957386244,2024-08-31,947
7831957386244,2024-09-01,947
7831957386244,2024-09-02,947
7831957386244,2024-09-03,947
7831957386244,2024-09-04,947
7831957386244,2024-09-05,947
7831957386244,2024-09-06,928
7831957386244,2024-09-07,928
7831957386244,2024-09-08,928
7831957386244,2024-09-09,928
7831957386244,2024-09-10,928
7831957386244,2024-09-11,928
7831957386244,2024-09-12,897
7831957386244,2024-09-13,897
7831957386244,2024-09-14,897
7831957386244,2024-09-15,897
7831957386244,2024-09-16,897
7831957386244,2024-09-17,897
7831957386244,2024-09-18,897
7831957386244,2024-09-19,897
7831957386244,2024-09-20,973
7831957386244,2024-09-21,973
7831957386244,2024-09-22,973
7831957386244,2024-09-23,973
7831957386244,2024-09-24,973
7831957386244,2024-09-25,973
7831957386244,2024-09-26,973
7831957386244,2024-09-27,951
7831957386244,2024-09-28,951
7831957386244,2024-09-29,951
7831957386244,2024-09-30,951
7831957386244,2024-10-01,951
7831957386244,2024-10-02,951
7831957386244,2024-10-03,951
7831957386244,2024-10-04,951
7831957386244,2024-10-05,951
7831957386244,2024-10-06,951
7831957386244,2024-10-07,922
7831957386244,2024-10-08,922
7831957386244,2024-10-09,922
7831957386244,2024-10-10,922
7831957386244,2024-10-11,922
7831957386244,2024-10-12,922
7831957386244,2024-10-13,922
7831957386244,2024-10-14,973
7831957386244,2024-10-15,954
7831957386244,2024-10-16,954
7831957386244,2024-10-17,954
7831957386244,2024-10-18,954
7831957386244,2024-10-19,954
7831957386244,2024-10-20,954
7831957386244,2024-10-21,954
7831957386244,2024-10-22,954
7831957386244,2024-10-23,920
7831957386244,2024-10-24,920
7831957386244,2024-10-25,920
7831957386244,2024-10-26,920
7831957386244,2024-10-27,920
7831957386244,2024-10-28,920
7831957386244,2024-10-29,920
7831957386244,2024-10-30,920
7831957386244,2024-10-31,920
7831957386244,2024-11-01,920
7831957386244,2024-11-02,888
7831957386244,2024-11-03,888
7831957386244,2024-11-04,888
7831957386244,2024-11-05,888
7831957386244,2024-11-06,888
7831957386244,2024-11-07,859
7831957386244,2024-11-08,859
7831957386244,2024-11-09,859
7831957386244,2024-11-10,859
7831957386244,2024-11-11,973
7831957386244,2024-11-12,973
7831957386244,2024-11-13,973
7831957386244,2024-11-14,973
7831957386244,2024-11-15,951
7831957386244,2024-11-16,951
7831957386244,2024-11-17,951
7831957386244,2024-11-18,951
7831957386244,2024-11-19,951
7831957386244,2024-11-20,919
7831957386244,2024-11-21,919
7831957386244,2024-11-22,919
7831957386244,2024-11-23,919
7831957386244,2024-11-24,919
7831957386244,2024-11-25,919
7831957386244,2024-11-26,919
7831957386244,2024-11-27,919
7831957386244,2024-11-28,919
7831957386244,2024-11-29,919
7831957386244,2024-11-30,894
7831957386244,2024-12-01,894
7831957386244,2024-12-02,894
7831957386244,2024-12-03,894
7831957386244,2024-12-04,894
7831957386244,2024-12-05,894
7831957386244,2024-12-06,894
7831957386244,2024-12-07,894
7831957386244,2024-12-08,973
7831957386244,2024-12-09,973
7831957386244,2024-12-10,944
7831957386244,2024-12-11,944
7831957386244,2024-12-12,944
7831957386244,2024-12-13,944
7831957386244,2024-12-14,944
7831957386244,2024-12-15,944
7831957386244,2024-12-16,922
7831957386244,2024-12-17,922
7831957386244,2024-12-18,922
7831957386244,2024-12-19,922
7831957386244,2024-12-20,922
7831957386244,2024-12-21,922
7831957386244,2024-12-22,922
7831957386244,2024-12-23,894
7831957386244,2024-12-24,894
7831957386244,2024-12-25,894
7831957386244,2024-12-26,894
7831957386244,2024-12-27,894
7831957386244,2024-12-28,868
7831957386244,2024-12-29,868
7831957386244,2024-12-30,868
7831957386244,2024-12-31,868
7831957386244,2025-01-01,868
7831957386244,2025-01-02,845
7831957386244,2025-01-03,845
7831957386244,2025-01-04,845
7831957386244,2025-01-05,845
7831957386244,2025-01-06,845
7831957386244,2025-01-07,845
7831957386244,2025-01-08,845
7831957386244,2025-01-09,817
7831957386244,2025-01-10,817
7831957386244,2025-01-11,817
7831957386244,2025-01-12,817
7831957386244,2025-01-13,817
7831957386244,2025-01-14,973
7831957386244,2025-01-15,973
7831957386244,2025-01-16,950
7831957386244,2025-01-17,950
7831957386244,2025-01-18,950
7831957386244,2025-01-19,950
7831957386244,2025-01-20,950
7831957386244,2025-01-21,950
7831957386244,2025-01-22,950
7831957386244,2025-01-23,950
7831957386244,2025-01-24,950
7831957386244,2025-01-25,950
7831957386244,2025-01-26,921
7831957386244,2025-01-27,921
7831957386244,2025-01-28,921
7831957386244,2025-01-29,921
7831957386244,2025-01-30,921
7831957386244,2025-01-31,921
7831957386244,2025-02-01,890
7831957386244,2025-02-02,890
7831957386244,2025-02-03,973
7831957386244,2025-02-04,973
7831957386244,2025-02-05,973
7831957386244,2025-02-06,973
7831957386244,2025-02-07,973
7831957386244,2025-02-08,944
7831957386244,2025-02-09,944
7831957386244,2025-02-10,944
7831957386244,2025-02-11,944
7831957386244,2025-02-12,944
7831957386244,2025-02-13,944
7831957386244,2025-02-14,944
7831957386244,2025-02-15,944
7831957386244,2025-02-16,944
7831957386244,2025-02-17,944
7831957386244,2025-02-18,916
7831957386244,2025-02-19,916
7831957386244,2025-02-20,916
7831957386244,2025-02-21,916
7831957386244,2025-02-22,916
7831957386244,2025-02-23,916
7831957386244,2025-02-24,916
7831957386244,2025-02-25,916
7831957386244,2025-02-26,896
7831957386244,2025-02-27,896
7831957386244,2025-02-28,896
7831957386244,2025-03-01,896
7831957386244,2025-03-02,973
7831957386244,2025-03-03,973
7831957386244,2025-03-04,973
7831957386244,2025-03-05,973
7831957386244,2025-03-06,951
7831957386244,2025-03-07,951
7831957386244,2025-03-08,951
7831957386244,2025-03-09,951
7831957386244,2025-03-10,951
7831957386244,2025-03-11,951
7831957386244,2025-03-12,951
7831957386244,2025-03-13,951
7831957386244,2025-03-14,925
7831957386244,2025-03-15,925
7831957386244,2025-03-16,925
7831957386244,2025-03-17,925
7831957386244,2025-03-18,925
7831957386244,2025-03-19,925
7831957386244,2025-03-20,925
7831957386244,2025-03-21,925
7831957386244,2025-03-22,925
7831957386244,2025-03-23,895
7831957386244,2025-03-24,895
7831957386244,2025-03-25,895
7831957386244,2025-03-26,895
7831957386244,2025-03-27,895
7831957386244,2025-03-28,895
7831957386244,2025-03-29,895
7831957386244,2025-03-30,895
7831957386244,2025-03-31,895
7831957386244,2025-04-01,895
7831957386244,2025-04-02,871
7831957386244,2025-04-03,871
7831957386244,2025-04-04,871
7831957386244,2025-04-05,871
7831957386244,2025-04-06,871
7831957386244,2025-04-07,871
7831957386244,2025-04-08,871
7831957386244,2025-04-09,973
7831957386244,2025-04-10,973
7831957386244,2025-04-11,973
7831957386244,2025-04-12,973
7831957386244,2025-04-13,973
7831957386244,2025-04-14,950
7831957386244,2025-04-15,950
7831957386244,2025-04-16,950
7831957386244,2025-04-17,950
7831957386244,2025-04-18,950
7831957386244,2025-04-19,950
7831957386244,2025-04-20,950
7831957386244,2025-04-21,950
7831957386244,2025-04-22,950
7831957386244,2025-04-23,924
7831957386244,2025-04-24,924
7831957386244,2025-04-25,924
7831957386244,2025-04-26,924
7831957386244,2025-04-27,924
7831957386244,2025-04-28,924
7831957386244,2025-04-29,924
7831957386244,2025-04-30,924
7831957386244,2025-05-01,924
7831957386244,2025-05-02,924
7831957386244,2025-05-03,890
7831957386244,2025-05-04,890
7831957386244,2025-05-05,890
7831957386244,2025-05-06,890
7831957386244,2025-05-07,890
7831957386244,2025-05-08,890
7831957386244,2025-05-09,890
7831957386244,2025-05-10,890
7831957386244,2025-05-11,890
7831957386244,2025-05-12,890
7831957386244,2025-05-13,870
7831957386244,2025-05-14,870
7831957386244,2025-05-15,973
7831957386244,2025-05-16,973
7831957386244,2025-05-17,973
7831957386244,2025-05-18,938
7831957386244,2025-05-19,938
7831957386244,2025-05-20,938
7831957386244,2025-05-21,938
7831957386244,2025-05-22,938
7831957386244,2025-05-23,938
7831957386244,2025-05-24,914
7831957386244,2025-05-25,914
7831957386244,2025-05-26,914
7831957386244,2025-05-27,914
7831957386244,2025-05-28,914
7831957386244,2025-05-29,914
7831957386244,2025-05-30,914
7831957386244,2025-05-31,902
7831957386244,2025-06-01,902
7831957386244,2025-06-02,902
7831957386244,2025-06-03,902
7831957386244,2025-06-04,902
7831957386244,2025-06-05,902
7831957386244,2025-06-06,902
7831957386244,2025-06-07,902
7831957386244,2025-06-08,902
7831957386244,2025-06-09,878
7831957386244,2025-06-10,878
7831957386244,2025-06-11,878
7831957386244,2025-06-12,878
7831957386244,2025-06-13,878
7831957386244,2025-06-14,878
7831957386244,2025-06-15,878
7831957386244,2025-06-16,878
7831957386244,2025-06-17,853
7831957386244,2025-06-18,853
7831957386244,2025-06-19,853
7831957386244,2025-06-20,853
7831957386244,2025-06-21,853
7831957386244,2025-06-22,973
7831957386244,2025-06-23,973
7831957386244,2025-06-24,973
7831957386244,2025-06-25,973
7831957386244,2025-06-26,973
7831957386244,2025-06-27,946
7831957386244,2025-06-28,946
7831957386244,2025-06-29,946
7831957386244,2025-06-30,946
7831957386244,2025-07-01,946
7831957386244,2025-07-02,946
7831957386244,2025-07-03,924
7831957386244,2025-07-04,924
7831957386244,2025-07-05,924
7831957386244,2025-07-06,924
7831957386244,2025-07-07,924
7831957386244,2025-07-08,924
7831957386244,2025-07-09,899
7831957386244,2025-07-10,899
7831957386244,2025-07-11,899
7831957386244,2025-07-12,899
7831957386244,2025-07-13,899
7831957386244,2025-07-14,899
7831957386244,2025-07-15,899
7831957386244,2025-07-16,899
7831957386244,2025-07-17,899
7831957386244,2025-07-18,881
7831957386244,2025-07-19,881
7831957386244,2025-07-20,881
7831957386244,2025-07-21,881
7831957386244,2025-07-22,881
7831957386244,2025-07-23,881
7831957386244,2025-07-24,973
7831957386244,2025-07-25,973
7831957386244,2025-07-26,940
7831957386244,2025-07-27,940
7831957386244,2025-07-28,940
7831957386244,2025-07-29,940
7831957386244,2025-07-30,940
7831957386244,2025-07-31,909
7831957386244,2025-08-01,909
7831957386244,2025-08-02,909
7831957386244,2025-08-03,909
7831957386244,2025-08-04,909
7831957386244,2025-08-05,909
7831957386244,2025-08-06,888
7831957386244,2025-08-07,888
7831957386244,2025-08-08,888
7831957386244,2025-08-09,888
7831957386244,2025-08-10,888
7831957386244,2025-08-11,888
7831957386244,2025-08-12,888
7831957386244,2025-08-13,888
7831957386244,2025-08-14,888
7831957386244,2025-08-15,888
7831957386244,2025-08-16,856
7831957386244,2025-08-17,856
7831957386244,2025-08-18,856
7831957386244,2025-08-19,856
7831957386244,2025-08-20,856
7831957386244,2025-08-21,856
7831957386244,2025-08-22,856
7831957386244,2025-08-23,827
7831957386244,2025-08-24,973
7831957386244,2025-08-25,973
7831957386244,2025-08-26,973
7831957386244,2025-08-27,973
7831957386244,2025-08-28,973
7831957386244,2025-08-29,973
7831957386244,2025-08-30,973
7831957386244,2025-08-31,973
7831957386244,2025-09-01,949
7831957386244,2025-09-02,949
7831957386244,2025-09-03,949
7831957386244,2025-09-04,949
7831957386244,2025-09-05,949
7831957386244,2025-09-06,949
7831957386244,2025-09-07,949
7831957386244,2025-09-08,949
7831957386244,2025-09-09,949
7831957386244,2025-09-10,949
7831957386244,2025-09-11,933
7831957386244,2025-09-12,933
7831957386244,2025-09-13,933
7831957386244,2025-09-14,933
7831957386244,2025-09-15,933
7831957386244,2025-09-16,933
7831957386244,2025-09-17,933
7831957386244,2025-09-18,933
7831957386244,2025-09-19,933
7831957386244,2025-09-20,933
7831957386244,2025-09-21,908
7831957386244,2025-09-22,908
7831957386244,2025-09-23,973
7831957386244,2025-09-24,973
7831957386244,2025-09-25,973
7831957386244,2025-09-26,973
7831957386244,2025-09-27,973
7831957386244,2025-09-28,973
7831957386244,2025-09-29,973
7831957386244,2025-09-30,945
7831957386244,2025-10-01,945
7831957386244,2025-10-02,945
7831957386244,2025-10-03,945
7831957386244,2025-10-04,945
7831957386244,2025-10-05,945
7831957386244,2025-10-06,912
7831957386244,2025-10-07,912
7831957386244,2025-10-08,912
7831957386244,2025-10-09,912
7831957386244,2025-10-10,912
7831957386244,2025-10-11,912
7831957386244,2025-10-12,912
7831957386244,2025-10-13,889
7831957386244,2025-10-14,889
7831957386244,2025-10-15,889
7831957386244,2025-10-16,889
7831957386244,2025-10-17,889
7831957386244,2025-10-18,889
7831957386244,2025-10-19,889
7831957386244,2025-10-20,889
7831957386244,2025-10-21,871
7831957386244,2025-10-22,871
7831957386244,2025-10-23,871
7831957386244,2025-10-24,871
7831957386244,2025-10-25,871
7831957386244,2025-10-26,871
7831957386244,2025-10-27,849
7831957386244,2025-10-28,849
7831957386244,2025-10-29,973
7831957386244,2025-10-30,973
7831957386244,2025-10-31,973
7831957386244,2025-11-01,973
7831957386244,2025-11-02,973
7831957386244,2025-11-03,973
7831957386244,2025-11-04,973
7831957386244,2025-11-05,973
7831957386244,2025-11-06,946
7831957386244,2025-11-07,946
7831957386244,2025-11-08,946
7831957386244,2025-11-09,946
7831957386244,2025-11-10,946
7831957386244,2025-11-11,946
7831957386244,2025-11-12,946
7831957386244,2025-11-13,923
7831957386244,2025-11-14,923
7831957386244,2025-11-15,923
7831957386244,2025-11-16,923
7831957386244,2025-11-17,923
7831957386244,2025-11-18,923
7831957386244,2025-11-19,923
7831957386244,2025-11-20,923
7831957386244,2025-11-21,923
7831957386244,2025-11-22,896
7831957386244,2025-11-23,896
7831957386244,2025-11-24,896
7831957386244,2025-11-25,896
7831957386244,2025-11-26,896
7831957386244,2025-11-27,896
7831957386244,2025-11-28,878
7831957386244,2025-11-29,878
7831957386244,2025-11-30,878
7831957386244,2025-12-01,878
7831957386244,2025-12-02,878
7831957386244,2025-12-03,878
7831957386244,2025-12-04,973
7831957386244,2025-12-05,973
7831957386244,2025-12-06,973
7831957386244,2025-12-07,973
7831957386244,2025-12-08,939
7831957386244,2025-12-09,939
7831957386244,2025-12-10,939
7831957386244,2025-12-11,939
7831957386244,2025-12-12,939
7831957386244,2025-12-13,939
7831957386244,2025-12-14,939
7831957386244,2025-12-15,939
7831957386244,2025-12-16,939
7831957386244,2025-12-17,939
7831957386244,2025-12-18,920
7831957386244,2025-12-19,920
7831957386244,2025-12-20,920
7831957386244,2025-12-21,920
7831957386244,2025-12-22,920
7831957386244,2025-12-23,920
7831957386244,2025-12-24,920
7831957386244,2025-12-25,920
7831957386244,2025-12-26,889
7831957386244,2025-12-27,889
7831957386244,2025-12-28,889
7831957386244,2025-12-29,889
7831957386244,2025-12-30,889
7831957386244,2025-12-31,889
7831957386244,2026-01-01,867
7831957386244,2026-01-02,867
7831957386244,2026-01-03,973
7831957386244,2026-01-04,973
7831957386244,2026-01-05,973
7831957386244,2026-01-06,973
7831957386244,2026-01-07,973
7831957386244,2026-01-08,949
7831957386244,2026-01-09,949
7831957386244,2026-01-10,949
7831957386244,2026-01-11,949
7831957386244,2026-01-12,949
7831957386244,2026-01-13,929
7831957386244,2026-01-14,929
7831957386244,2026-01-15,929
7831957386244,2026-01-16,929
7831957386244,2026-01-17,929
7831957386244,2026-01-18,929
7831957386244,2026-01-19,929
7831957386244,2026-01-20,929
7831957386244,2026-01-21,929
7831957386244,2026-01-22,929
7831957386244,2026-01-23,973
7831957386244,2026-01-24,973
7831957386244,2026-01-25,973
7831957386244,2026-01-26,973
7831957386244,2026-01-27,973
7831957386244,2026-01-28,973
7831957386244,2026-01-29,973
7831957386244,2026-01-30,973
7831957386244,2026-01-31,973
7831957386244,2026-02-01,973
7831957386244,2026-02-02,943
7831957386244,2026-02-03,943
7831957386244,2026-02-04,943
7831957386244,2026-02-05,943
7831957386244,2026-02-06,943
7831957386244,2026-02-07,943
7831957386244,2026-02-08,943
7831957386244,2026-02-09,909
7831957386244,2026-02-10,909
7831957386244,2026-02-11,909
7831957386244,2026-02-12,909
7831957386244,2026-02-13,909
7831957386244,2026-02-14,909
7831957386244,2026-02-15,909
7831957386244,2026-02-16,909
7831957386244,2026-02-17,882
7831957386244,2026-02-18,882
7831957386244,2026-02-19,882
7831957386244,2026-02-20,882
7831957386244,2026-02-21,882
7831957386244,2026-02-22,882
7831957386244,2026-02-23,882
7831957386244,2026-02-24,973
7831957386244,2026-02-25,973
7831957386244,2026-02-26,943
7831957386244,2026-02-27,943
7831957386244,2026-02-28,943
7831957386244,2026-03-01,943
7831957386244,2026-03-02,943
7831957386244,2026-03-03,943
7831957386244,2026-03-04,919
7831957386244,2026-03-05,919
7831957386244,2026-03-06,919
7831957386244,2026-03-07,919
7831957386244,2026-03-08,919
7831957386244,2026-03-09,919
7831957386244,2026-03-10,896
7831957386244,2026-03-11,896
7831957386244,2026-03-12,896
7831957386244,2026-03-13,896
7831957386244,2026-03-14,896
7831957386244,2026-03-15,896
7831957386244,2026-03-16,871
7831957386244,2026-03-17,871
7831957386244,2026-03-18,871
7831957386244,2026-03-19,871
7831957386244,2026-03-20,871
7831957386244,2026-03-21,871
7831957386244,2026-03-22,871
7831957386244,2026-03-23,842
7831957386244,2026-03-24,973
7831957386244,2026-03-25,973
7831957386244,2026-03-26,973
7831957386244,2026-03-27,973
7831957386244,2026-03-28,973
7831957386244,2026-03-29,973
7831957386244,2026-03-30,973
7831957386244,2026-03-31,973
7831957386244,2026-04-01,948
7831957386244,2026-04-02,948
7831957386244,2026-04-03,948
7831957386244,2026-04-04,948
7831957386244,2026-04-05,948
7831957386244,2026-04-06,922
7831957386244,2026-04-07,922
7831957386244,2026-04-08,922
7831957386244,2026-04-09,922
7831957386244,2026-04-10,922
7831957386244,2026-04-11,922
7831957386244,2026-04-12,922
7831957386244,2026-04-13,922
7831957386244,2026-04-14,922
7831957386244,2026-04-15,899
7831957386244,2026-04-16,899
7831957386244,2026-04-17,899
7831957386244,2026-04-18,899
7831957386244,2026-04-19,899
7831957386244,2026-04-20,899
7831957386244,2026-04-21,879
7831957386244,2026-04-22,879
7831957386244,2026-04-23,879
7831957386244,2026-04-24,879
7831957386244,2026-04-25,879
7831957386244,2026-04-26,879
7831957386244,2026-04-27,879
7831957386244,2026-04-28,879
7831957386244,2026-04-29,879
7831957386244,2026-04-30,879
7831957386244,2026-05-01,973
7831957386244,2026-05-02,973
7831957386244,2026-05-03,973
7831957386244,2026-05-04,973
7831957386244,2026-05-05,973
7831957386244,2026-05-06,973
7831957386244,2026-05-07,973
7831957386244,2026-05-08,973
7831957386244,2026-05-09,947
7831957386244,2026-05-10,947
7831957386244,2026-05-11,947
7831957386244,2026-05-12,947
7831957386244,2026-05-13,947
7831957386244,2026-05-14,947
7831957386244,2026-05-15,947
7831957386244,2026-05-16,913
7831957386244,2026-05-17,913
7831957386244,2026-05-18,913
7831957386244,2026-05-19,913
7831957386244,2026-05-20,913
7831957386244,2026-05-21,973
7831957386244,2026-05-22,973
7831957386244,2026-05-23,973
7831957386244,2026-05-24,973
7831957386244,2026-05-25,973
7831957386244,2026-05-26,973
7831957386244,2026-05-27,973
7831957386244,2026-05-28,973
7831957386244,2026-05-29,973
7831957386244,2026-05-30,951
7831957386244,2026-05-31,951
7831957386244,2026-06-01,951
7831957386244,2026-06-02,951
7831957386244,2026-06-03,951
7831957386244,2026-06-04,951
7831957386244,2026-06-05,951
7831957386244,2026-06-06,951
7831957386244,2026-06-07,925
7831957386244,2026-06-08,925
7831957386244,2026-06-09,925
7831957386244,2026-06-10,925
7831957386244,2026-06-11,925
7831957386244,2026-06-12,925
7831957386244,2026-06-13,925
7831957386244,2026-06-14,901
7831957386244,2026-06-15,901
7831957386244,2026-06-16,901
7831957386244,2026-06-17,901
7831957386244,2026-06-18,901
7831957386244,2026-06-19,901
7831957386244,2026-06-20,877
7831957386244,2026-06-21,973
7831957386244,2026-06-22,973
7831957386244,2026-06-23,973
7831957386244,2026-06-24,973
7831957386244,2026-06-25,973
7831957386244,2026-06-26,973
7831957386244,2026-06-27,973
7831957386244,2026-06-28,973
7831957386244,2026-06-29,940
7831957386244,2026-06-30,940
7831957386244,2026-07-01,940
7835472819632,2024-01-01,324
7835472819632,2024-01-02,324
7835472819632,2024-01-03,324
7835472819632,2024-01-04,324
7835472819632,2024-01-05,324
7835472819632,2024-01-06,296
7835472819632,2024-01-07,296
7835472819632,2024-01-08,296
7835472819632,2024-01-09,296
7835472819632,2024-01-10,296
7835472819632,2024-01-11,296
7835472819632,2024-01-12,296
7835472819632,2024-01-13,296
7835472819632,2024-01-14,296
7835472819632,2024-01-15,273
7835472819632,2024-01-16,273
7835472819632,2024-01-17,273
7835472819632,2024-01-18,273
7835472819632,2024-01-19,273
7835472819632,2024-01-20,273
7835472819632,2024-01-21,273
7835472819632,2024-01-22,250
7835472819632,2024-01-23,250
7835472819632,2024-01-24,250
7835472819632,2024-01-25,250
7835472819632,2024-01-26,250
7835472819632,2024-01-27,250
7835472819632,2024-01-28,250
7835472819632,2024-01-29,250
7835472819632,2024-01-30,215
7835472819632,2024-01-31,351
7835472819632,2024-02-01,351
7835472819632,2024-02-02,351
7835472819632,2024-02-03,351
7835472819632,2024-02-04,351
7835472819632,2024-02-05,319
7835472819632,2024-02-06,319
7835472819632,2024-02-07,319
7835472819632,2024-02-08,319
7835472819632,2024-02-09,319
7835472819632,2024-02-10,296
7835472819632,2024-02-11,296
7835472819632,2024-02-12,296
7835472819632,2024-02-13,296
7835472819632,2024-02-14,296
7835472819632,2024-02-15,276
7835472819632,2024-02-16,276
7835472819632,2024-02-17,276
7835472819632,2024-02-18,276
7835472819632,2024-02-19,276
7835472819632,2024-02-20,276
7835472819632,2024-02-21,276
7835472819632,2024-02-22,276
7835472819632,2024-02-23,276
7835472819632,2024-02-24,247
7835472819632,2024-02-25,247
7835472819632,2024-02-26,247
7835472819632,2024-02-27,247
7835472819632,2024-02-28,247
7835472819632,2024-02-29,217
7835472819632,2024-03-01,217
7835472819632,2024-03-02,217
7835472819632,2024-03-03,351
7835472819632,2024-03-04,351
7835472819632,2024-03-05,351
7835472819632,2024-03-06,351
7835472819632,2024-03-07,326
7835472819632,2024-03-08,326
7835472819632,2024-03-09,326
7835472819632,2024-03-10,326
7835472819632,2024-03-11,326
7835472819632,2024-03-12,326
7835472819632,2024-03-13,326
7835472819632,2024-03-14,326
7835472819632,2024-03-15,326
7835472819632,2024-03-16,326
7835472819632,2024-03-17,299
7835472819632,2024-03-18,299
7835472819632,2024-03-19,299
7835472819632,2024-03-20,299
7835472819632,2024-03-21,299
7835472819632,2024-03-22,299
7835472819632,2024-03-23,299
7835472819632,2024-03-24,299
7835472819632,2024-03-25,299
7835472819632,2024-03-26,299
7835472819632,2024-03-27,282
7835472819632,2024-03-28,282
7835472819632,2024-03-29,282
7835472819632,2024-03-30,282
7835472819632,2024-03-31,282
7835472819632,2024-04-01,282
7835472819632,2024-04-02,282
7835472819632,2024-04-03,282
7835472819632,2024-04-04,351
7835472819632,2024-04-05,351
7835472819632,2024-04-06,351
7835472819632,2024-04-07,351
7835472819632,2024-04-08,351
7835472819632,2024-04-09,351
7835472819632,2024-04-10,351
7835472819632,2024-04-11,351
7835472819632,2024-04-12,329
7835472819632,2024-04-13,329
7835472819632,2024-04-14,329
7835472819632,2024-04-15,329
7835472819632,2024-04-16,329
7835472819632,2024-04-17,329
7835472819632,2024-04-18,329
7835472819632,2024-04-19,329
7835472819632,2024-04-20,329
7835472819632,2024-04-21,302
7835472819632,2024-04-22,302
7835472819632,2024-04-23,302
7835472819632,2024-04-24,302
7835472819632,2024-04-25,302
7835472819632,2024-04-26,302
7835472819632,2024-04-27,302
7835472819632,2024-04-28,351
7835472819632,2024-04-29,351
7835472819632,2024-04-30,351
7835472819632,2024-05-01,319
7835472819632,2024-05-02,319
7835472819632,2024-05-03,319
7835472819632,2024-05-04,319
7835472819632,2024-05-05,319
7835472819632,2024-05-06,319
7835472819632,2024-05-07,294
7835472819632,2024-05-08,294
7835472819632,2024-05-09,294
7835472819632,2024-05-10,294
7835472819632,2024-05-11,294
7835472819632,2024-05-12,294
7835472819632,2024-05-13,294
7835472819632,2024-05-14,294
7835472819632,2024-05-15,267
7835472819632,2024-05-16,267
7835472819632,2024-05-17,267
7835472819632,2024-05-18,267
7835472819632,2024-05-19,267
7835472819632,2024-05-20,238
7835472819632,2024-05-21,238
7835472819632,2024-05-22,238
7835472819632,2024-05-23,238
7835472819632,2024-05-24,238
7835472819632,2024-05-25,238
7835472819632,2024-05-26,238
7835472819632,2024-05-27,238
7835472819632,2024-05-28,210
7835472819632,2024-05-29,351
7835472819632,2024-05-30,351
7835472819632,2024-05-31,351
7835472819632,2024-06-01,351
7835472819632,2024-06-02,351
7835472819632,2024-06-03,333
7835472819632,2024-06-04,333
7835472819632,2024-06-05,333
7835472819632,2024-06-06,333
7835472819632,2024-06-07,333
7835472819632,2024-06-08,333
7835472819632,2024-06-09,298
7835472819632,2024-06-10,298
7835472819632,2024-06-11,298
7835472819632,2024-06-12,298
7835472819632,2024-06-13,298
7835472819632,2024-06-14,298
7835472819632,2024-06-15,298
7835472819632,2024-06-16,298
7835472819632,2024-06-17,274
7835472819632,2024-06-18,274
7835472819632,2024-06-19,274
7835472819632,2024-06-20,274
7835472819632,2024-06-21,351
7835472819632,2024-06-22,332
7835472819632,2024-06-23,332
7835472819632,2024-06-24,332
7835472819632,2024-06-25,332
7835472819632,2024-06-26,332
7835472819632,2024-06-27,332
7835472819632,2024-06-28,332
7835472819632,2024-06-29,314
7835472819632,2024-06-30,314
7835472819632,2024-07-01,314
7835472819632,2024-07-02,314
7835472819632,2024-07-03,314
7835472819632,2024-07-04,314
7835472819632,2024-07-05,314
7835472819632,2024-07-06,292
7835472819632,2024-07-07,292
7835472819632,2024-07-08,292
7835472819632,2024-07-09,292
7835472819632,2024-07-10,292
7835472819632,2024-07-11,351
7835472819632,2024-07-12,351
7835472819632,2024-07-13,339
7835472819632,2024-07-14,339
7835472819632,2024-07-15,339
7835472819632,2024-07-16,339
7835472819632,2024-07-17,339
7835472819632,2024-07-18,339
7835472819632,2024-07-19,315
7835472819632,2024-07-20,315
7835472819632,2024-07-21,315
7835472819632,2024-07-22,315
7835472819632,2024-07-23,315
7835472819632,2024-07-24,315
7835472819632,2024-07-25,315
7835472819632,2024-07-26,295
7835472819632,2024-07-27,295
7835472819632,2024-07-28,295
7835472819632,2024-07-29,295
7835472819632,2024-07-30,295
7835472819632,2024-07-31,295
7835472819632,2024-08-01,295
7835472819632,2024-08-02,264
7835472819632,2024-08-03,264
7835472819632,2024-08-04,351
7835472819632,2024-08-05,351
7835472819632,2024-08-06,351
7835472819632,2024-08-07,351
7835472819632,2024-08-08,351
7835472819632,2024-08-09,351
7835472819632,2024-08-10,320
7835472819632,2024-08-11,320
7835472819632,2024-08-12,320
7835472819632,2024-08-13,320
7835472819632,2024-08-14,320
7835472819632,2024-08-15,320
7835472819632,2024-08-16,320
7835472819632,2024-08-17,320
7835472819632,2024-08-18,305
7835472819632,2024-08-19,305
7835472819632,2024-08-20,305
7835472819632,2024-08-21,305
7835472819632,2024-08-22,305
7835472819632,2024-08-23,305
7835472819632,2024-08-24,305
7835472819632,2024-08-25,305
7835472819632,2024-08-26,305
7835472819632,2024-08-27,278
7835472819632,2024-08-28,278
7835472819632,2024-08-29,351
7835472819632,2024-08-30,351
7835472819632,2024-08-31,351
7835472819632,2024-09-01,351
7835472819632,2024-09-02,351
7835472819632,2024-09-03,316
7835472819632,2024-09-04,316
7835472819632,2024-09-05,316
7835472819632,2024-09-06,316
7835472819632,2024-09-07,316
7835472819632,2024-09-08,294
7835472819632,2024-09-09,294
7835472819632,2024-09-10,294
7835472819632,2024-09-11,294
7835472819632,2024-09-12,294
7835472819632,2024-09-13,294
7835472819632,2024-09-14,294
7835472819632,2024-09-15,294
7835472819632,2024-09-16,267
7835472819632,2024-09-17,267
7835472819632,2024-09-18,267
7835472819632,2024-09-19,267
7835472819632,2024-09-20,267
7835472819632,2024-09-21,267
7835472819632,2024-09-22,267
7835472819632,2024-09-23,245
7835472819632,2024-09-24,245
7835472819632,2024-09-25,245
7835472819632,2024-09-26,245
7835472819632,2024-09-27,245
7835472819632,2024-09-28,245
7835472819632,2024-09-29,245
7835472819632,2024-09-30,245
7835472819632,2024-10-01,245
7835472819632,2024-10-02,222
7835472819632,2024-10-03,351
7835472819632,2024-10-04,351
7835472819632,2024-10-05,351
7835472819632,2024-10-06,351
7835472819632,2024-10-07,319
7835472819632,2024-10-08,319
7835472819632,2024-10-09,319
7835472819632,2024-10-10,319
7835472819632,2024-10-11,319
7835472819632,2024-10-12,319
7835472819632,2024-10-13,319
7835472819632,2024-10-14,319
7835472819632,2024-10-15,292
7835472819632,2024-10-16,292
7835472819632,2024-10-17,292
7835472819632,2024-10-18,292
7835472819632,2024-10-19,292
7835472819632,2024-10-20,292
7835472819632,2024-10-21,292
7835472819632,2024-10-22,272
7835472819632,2024-10-23,272
7835472819632,2024-10-24,272
7835472819632,2024-10-25,272
7835472819632,2024-10-26,272
7835472819632,2024-10-27,252
7835472819632,2024-10-28,252
7835472819632,2024-10-29,252
7835472819632,2024-10-30,252
7835472819632,2024-10-31,351
7835472819632,2024-11-01,326
7835472819632,2024-11-02,326
7835472819632,2024-11-03,326
7835472819632,2024-11-04,326
7835472819632,2024-11-05,326
7835472819632,2024-11-06,326
7835472819632,2024-11-07,326
7835472819632,2024-11-08,326
7835472819632,2024-11-09,326
7835472819632,2024-11-10,303
7835472819632,2024-11-11,303
7835472819632,2024-11-12,303
7835472819632,2024-11-13,303
7835472819632,2024-11-14,303
7835472819632,2024-11-15,303
7835472819632,2024-11-16,303
7835472819632,2024-11-17,280
7835472819632,2024-11-18,280
7835472819632,2024-11-19,280
7835472819632,2024-11-20,280
7835472819632,2024-11-21,280
7835472819632,2024-11-22,280
7835472819632,2024-11-23,280
7835472819632,2024-11-24,280
7835472819632,2024-11-25,280
7835472819632,2024-11-26,280
7835472819632,2024-11-27,251
7835472819632,2024-11-28,251
7835472819632,2024-11-29,251
7835472819632,2024-11-30,251
7835472819632,2024-12-01,251
7835472819632,2024-12-02,251
7835472819632,2024-12-03,251
7835472819632,2024-12-04,217
7835472819632,2024-12-05,351
7835472819632,2024-12-06,351
7835472819632,2024-12-07,351
7835472819632,2024-12-08,351
7835472819632,2024-12-09,351
7835472819632,2024-12-10,351
7835472819632,2024-12-11,351
7835472819632,2024-12-12,351
7835472819632,2024-12-13,330
7835472819632,2024-12-14,330
7835472819632,2024-12-15,330
7835472819632,2024-12-16,330
7835472819632,2024-12-17,330
7835472819632,2024-12-18,330
7835472819632,2024-12-19,330
7835472819632,2024-12-20,304
7835472819632,2024-12-21,304
7835472819632,2024-12-22,304
7835472819632,2024-12-23,304
7835472819632,2024-12-24,304
7835472819632,2024-12-25,279
7835472819632,2024-12-26,279
7835472819632,2024-12-27,279
7835472819632,2024-12-28,279
7835472819632,2024-12-29,279
7835472819632,2024-12-30,279
7835472819632,2024-12-31,279
7835472819632,2025-01-01,351
7835472819632,2025-01-02,351
7835472819632,2025-01-03,351
7835472819632,2025-01-04,351
7835472819632,2025-01-05,351
7835472819632,2025-01-06,351
7835472819632,2025-01-07,351
7835472819632,2025-01-08,324
7835472819632,2025-01-09,324
7835472819632,2025-01-10,324
7835472819632,2025-01-11,324
7835472819632,2025-01-12,324
7835472819632,2025-01-13,324
7835472819632,2025-01-14,324
7835472819632,2025-01-15,324
7835472819632,2025-01-16,324
7835472819632,2025-01-17,308
7835472819632,2025-01-18,308
7835472819632,2025-01-19,308
7835472819632,2025-01-20,308
7835472819632,2025-01-21,308
7835472819632,2025-01-22,308
7835472819632,2025-01-23,308
7835472819632,2025-01-24,308
7835472819632,2025-01-25,288
7835472819632,2025-01-26,288
7835472819632,2025-01-27,288
7835472819632,2025-01-28,288
7835472819632,2025-01-29,288
7835472819632,2025-01-30,265
7835472819632,2025-01-31,265
7835472819632,2025-02-01,265
7835472819632,2025-02-02,265
7835472819632,2025-02-03,351
7835472819632,2025-02-04,351
7835472819632,2025-02-05,320
7835472819632,2025-02-06,320
7835472819632,2025-02-07,320
7835472819632,2025-02-08,320
7835472819632,2025-02-09,320
7835472819632,2025-02-10,320
7835472819632,2025-02-11,320
7835472819632,2025-02-12,301
7835472819632,2025-02-13,301
7835472819632,2025-02-14,301
7835472819632,2025-02-15,301
7835472819632,2025-02-16,301
7835472819632,2025-02-17,301
7835472819632,2025-02-18,301
7835472819632,2025-02-19,301
7835472819632,2025-02-20,301
7835472819632,2025-02-21,301
7835472819632,2025-02-22,275
7835472819632,2025-02-23,275
7835472819632,2025-02-24,275
7835472819632,2025-02-25,275
7835472819632,2025-02-26,275
7835472819632,2025-02-27,275
7835472819632,2025-02-28,241
7835472819632,2025-03-01,241
7835472819632,2025-03-02,241
7835472819632,2025-03-03,241
7835472819632,2025-03-04,241
7835472819632,2025-03-05,241
7835472819632,2025-03-06,351
7835472819632,2025-03-07,351
7835472819632,2025-03-08,330
7835472819632,2025-03-09,330
7835472819632,2025-03-10,330
7835472819632,2025-03-11,330
7835472819632,2025-03-12,330
7835472819632,2025-03-13,330
7835472819632,2025-03-14,330
7835472819632,2025-03-15,330
7835472819632,2025-03-16,307
7835472819632,2025-03-17,307
7835472819632,2025-03-18,307
7835472819632,2025-03-19,307
7835472819632,2025-03-20,307
7835472819632,2025-03-21,307
7835472819632,2025-03-22,280
7835472819632,2025-03-23,280
7835472819632,2025-03-24,280
7835472819632,2025-03-25,280
7835472819632,2025-03-26,280
7835472819632,2025-03-27,280
7835472819632,2025-03-28,280
7835472819632,2025-03-29,280
7835472819632,2025-03-30,280
7835472819632,2025-03-31,280
7835472819632,2025-04-01,250
7835472819632,2025-04-02,250
7835472819632,2025-04-03,250
7835472819632,2025-04-04,250
7835472819632,2025-04-05,250
7835472819632,2025-04-06,250
7835472819632,2025-04-07,250
7835472819632,2025-04-08,224
7835472819632,2025-04-09,224
7835472819632,2025-04-10,224
7835472819632,2025-04-11,224
7835472819632,2025-04-12,351
7835472819632,2025-04-13,326
7835472819632,2025-04-14,326
7835472819632,2025-04-15,326
7835472819632,2025-04-16,326
7835472819632,2025-04-17,326
7835472819632,2025-04-18,326
7835472819632,2025-04-19,326
7835472819632,2025-04-20,300
7835472819632,2025-04-21,300
7835472819632,2025-04-22,300
7835472819632,2025-04-23,300
7835472819632,2025-04-24,300
7835472819632,2025-04-25,300
7835472819632,2025-04-26,300
7835472819632,2025-04-27,300
7835472819632,2025-04-28,300
7835472819632,2025-04-29,300
7835472819632,2025-04-30,265
7835472819632,2025-05-01,265
7835472819632,2025-05-02,265
7835472819632,2025-05-03,265
7835472819632,2025-05-04,265
7835472819632,2025-05-05,265
7835472819632,2025-05-06,265
7835472819632,2025-05-07,252
7835472819632,2025-05-08,252
7835472819632,2025-05-09,252
7835472819632,2025-05-10,252
7835472819632,2025-05-11,252
7835472819632,2025-05-12,252
7835472819632,2025-05-13,226
7835472819632,2025-05-14,226
7835472819632,2025-05-15,226
7835472819632,2025-05-16,226
7835472819632,2025-05-17,226
7835472819632,2025-05-18,204
7835472819632,2025-05-19,204
7835472819632,2025-05-20,204
7835472819632,2025-05-21,351
7835472819632,2025-05-22,351
7835472819632,2025-05-23,351
7835472819632,2025-05-24,351
7835472819632,2025-05-25,323
7835472819632,2025-05-26,323
7835472819632,2025-05-27,323
7835472819632,2025-05-28,323
7835472819632,2025-05-29,323
7835472819632,2025-05-30,323
7835472819632,2025-05-31,323
7835472819632,2025-06-01,323
7835472819632,2025-06-02,323
7835472819632,2025-06-03,289
7835472819632,2025-06-04,289
7835472819632,2025-06-05,289
7835472819632,2025-06-06,289
7835472819632,2025-06-07,289
7835472819632,2025-06-08,289
7835472819632,2025-06-09,289
7835472819632,2025-06-10,289
7835472819632,2025-06-11,289
7835472819632,2025-06-12,263
7835472819632,2025-06-13,263
7835472819632,2025-06-14,263
7835472819632,2025-06-15,263
7835472819632,2025-06-16,263
7835472819632,2025-06-17,263
7835472819632,2025-06-18,240
7835472819632,2025-06-19,240
7835472819632,2025-06-20,240
7835472819632,2025-06-21,240
7835472819632,2025-06-22,240
7835472819632,2025-06-23,240
7835472819632,2025-06-24,240
7835472819632,2025-06-25,240
7835472819632,2025-06-26,240
7835472819632,2025-06-27,240
7835472819632,2025-06-28,351
7835472819632,2025-06-29,351
7835472819632,2025-06-30,351
7835472819632,2025-07-01,351
7835472819632,2025-07-02,351
7835472819632,2025-07-03,351
7835472819632,2025-07-04,351
7835472819632,2025-07-05,351
7835472819632,2025-07-06,329
7835472819632,2025-07-07,329
7835472819632,2025-07-08,329
7835472819632,2025-07-09,329
7835472819632,2025-07-10,329
7835472819632,2025-07-11,329
7835472819632,2025-07-12,329
7835472819632,2025-07-13,329
7835472819632,2025-07-14,329
7835472819632,2025-07-15,329
7835472819632,2025-07-16,295
7835472819632,2025-07-17,295
7835472819632,2025-07-18,295
7835472819632,2025-07-19,351
7835472819632,2025-07-20,351
7835472819632,2025-07-21,351
7835472819632,2025-07-22,351
7835472819632,2025-07-23,351
7835472819632,2025-07-24,327
7835472819632,2025-07-25,327
7835472819632,2025-07-26,327
7835472819632,2025-07-27,327
7835472819632,2025-07-28,327
7835472819632,2025-07-29,327
7835472819632,2025-07-30,327
7835472819632,2025-07-31,327
7835472819632,2025-08-01,327
7835472819632,2025-08-02,297
7835472819632,2025-08-03,297
7835472819632,2025-08-04,297
7835472819632,2025-08-05,297
7835472819632,2025-08-06,297
7835472819632,2025-08-07,297
7835472819632,2025-08-08,297
7835472819632,2025-08-09,273
7835472819632,2025-08-10,273
7835472819632,2025-08-11,351
7835472819632,2025-08-12,351
7835472819632,2025-08-13,351
7835472819632,2025-08-14,351
7835472819632,2025-08-15,351
7835472819632,2025-08-16,351
7835472819632,2025-08-17,321
7835472819632,2025-08-18,321
7835472819632,2025-08-19,321
7835472819632,2025-08-20,321
7835472819632,2025-08-21,321
7835472819632,2025-08-22,301
7835472819632,2025-08-23,301
7835472819632,2025-08-24,301
7835472819632,2025-08-25,301
7835472819632,2025-08-26,301
7835472819632,2025-08-27,301
7835472819632,2025-08-28,301
7835472819632,2025-08-29,301
7835472819632,2025-08-30,301
7835472819632,2025-08-31,301
7835472819632,2025-09-01,277
7835472819632,2025-09-02,277
7835472819632,2025-09-03,277
7835472819632,2025-09-04,277
7835472819632,2025-09-05,277
7835472819632,2025-09-06,277
7835472819632,2025-09-07,277
7835472819632,2025-09-08,249
7835472819632,2025-09-09,249
7835472819632,2025-09-10,249
7835472819632,2025-09-11,249
7835472819632,2025-09-12,351
7835472819632,2025-09-13,351
7835472819632,2025-09-14,351
7835472819632,2025-09-15,351
7835472819632,2025-09-16,329
7835472819632,2025-09-17,329
7835472819632,2025-09-18,329
7835472819632,2025-09-19,329
7835472819632,2025-09-20,329
7835472819632,2025-09-21,329
7835472819632,2025-09-22,306
7835472819632,2025-09-23,306
7835472819632,2025-09-24,306
7835472819632,2025-09-25,306
7835472819632,2025-09-26,306
7835472819632,2025-09-27,306
7835472819632,2025-09-28,285
7835472819632,2025-09-29,285
7835472819632,2025-09-30,285
7835472819632,2025-10-01,285
7835472819632,2025-10-02,285
7835472819632,2025-10-03,285
7835472819632,2025-10-04,285
7835472819632,2025-10-05,285
7835472819632,2025-10-06,269
7835472819632,2025-10-07,269
7835472819632,2025-10-08,269
7835472819632,2025-10-09,269
7835472819632,2025-10-10,269
7835472819632,2025-10-11,247
7835472819632,2025-10-12,247
7835472819632,2025-10-13,247
7835472819632,2025-10-14,247
7835472819632,2025-10-15,247
7835472819632,2025-10-16,351
7835472819632,2025-10-17,351
7835472819632,2025-10-18,324
7835472819632,2025-10-19,324
7835472819632,2025-10-20,324
7835472819632,2025-10-21,324
7835472819632,2025-10-22,324
7835472819632,2025-10-23,324
7835472819632,2025-10-24,324
7835472819632,2025-10-25,300
7835472819632,2025-10-26,300
7835472819632,2025-10-27,300
7835472819632,2025-10-28,300
7835472819632,2025-10-29,300
7835472819632,2025-10-30,300
7835472819632,2025-10-31,300
7835472819632,2025-11-01,300
7835472819632,2025-11-02,300
7835472819632,2025-11-03,275
7835472819632,2025-11-04,275
7835472819632,2025-11-05,275
7835472819632,2025-11-06,275
7835472819632,2025-11-07,275
7835472819632,2025-11-08,257
7835472819632,2025-11-09,257
7835472819632,2025-11-10,257
7835472819632,2025-11-11,257
7835472819632,2025-11-12,257
7835472819632,2025-11-13,257
7835472819632,2025-11-14,351
7835472819632,2025-11-15,351
7835472819632,2025-11-16,351
7835472819632,2025-11-17,351
7835472819632,2025-11-18,351
7835472819632,2025-11-19,351
7835472819632,2025-11-20,323
7835472819632,2025-11-21,323
7835472819632,2025-11-22,323
7835472819632,2025-11-23,323
7835472819632,2025-11-24,323
7835472819632,2025-11-25,292
7835472819632,2025-11-26,292
7835472819632,2025-11-27,292
7835472819632,2025-11-28,292
7835472819632,2025-11-29,292
7835472819632,2025-11-30,292
7835472819632,2025-12-01,292
7835472819632,2025-12-02,267
7835472819632,2025-12-03,267
7835472819632,2025-12-04,267
7835472819632,2025-12-05,267
7835472819632,2025-12-06,267
7835472819632,2025-12-07,244
7835472819632,2025-12-08,244
7835472819632,2025-12-09,244
7835472819632,2025-12-10,244
7835472819632,2025-12-11,244
7835472819632,2025-12-12,244
7835472819632,2025-12-13,244
7835472819632,2025-12-14,244
7835472819632,2025-12-15,244
7835472819632,2025-12-16,226
7835472819632,2025-12-17,226
7835472819632,2025-12-18,226
7835472819632,2025-12-19,226
7835472819632,2025-12-20,226
7835472819632,2025-12-21,226
7835472819632,2025-12-22,351
7835472819632,2025-12-23,351
7835472819632,2025-12-24,327
7835472819632,2025-12-25,327
7835472819632,2025-12-26,327
7835472819632,2025-12-27,327
7835472819632,2025-12-28,327
7835472819632,2025-12-29,327
7835472819632,2025-12-30,327
7835472819632,2025-12-31,327
7835472819632,2026-01-01,298
7835472819632,2026-01-02,298
7835472819632,2026-01-03,298
7835472819632,2026-01-04,298
7835472819632,2026-01-05,298
7835472819632,2026-01-06,298
7835472819632,2026-01-07,298
7835472819632,2026-01-08,298
7835472819632,2026-01-09,263
7835472819632,2026-01-10,263
7835472819632,2026-01-11,351
7835472819632,2026-01-12,351
7835472819632,2026-01-13,351
7835472819632,2026-01-14,351
7835472819632,2026-01-15,324
7835472819632,2026-01-16,324
7835472819632,2026-01-17,324
7835472819632,2026-01-18,324
7835472819632,2026-01-19,324
7835472819632,2026-01-20,324
7835472819632,2026-01-21,324
7835472819632,2026-01-22,324
7835472819632,2026-01-23,300
7835472819632,2026-01-24,300
7835472819632,2026-01-25,300
7835472819632,2026-01-26,300
7835472819632,2026-01-27,300
7835472819632,2026-01-28,300
7835472819632,2026-01-29,300
7835472819632,2026-01-30,300
7835472819632,2026-01-31,300
7835472819632,2026-02-01,270
7835472819632,2026-02-02,270
7835472819632,2026-02-03,270
7835472819632,2026-02-04,270
7835472819632,2026-02-05,270
7835472819632,2026-02-06,270
7835472819632,2026-02-07,351
7835472819632,2026-02-08,351
7835472819632,2026-02-09,351
7835472819632,2026-02-10,351
7835472819632,2026-02-11,351
7835472819632,2026-02-12,351
7835472819632,2026-02-13,351
7835472819632,2026-02-14,351
7835472819632,2026-02-15,351
7835472819632,2026-02-16,351
7835472819632,2026-02-17,321
7835472819632,2026-02-18,321
7835472819632,2026-02-19,321
7835472819632,2026-02-20,321
7835472819632,2026-02-21,321
7835472819632,2026-02-22,321
7835472819632,2026-02-23,321
7835472819632,2026-02-24,321
7835472819632,2026-02-25,321
7835472819632,2026-02-26,321
7835472819632,2026-02-27,294
7835472819632,2026-02-28,294
7835472819632,2026-03-01,294
7835472819632,2026-03-02,294
7835472819632,2026-03-03,294
7835472819632,2026-03-04,294
7835472819632,2026-03-05,294
7835472819632,2026-03-06,294
7835472819632,2026-03-07,260
7835472819632,2026-03-08,260
7835472819632,2026-03-09,260
7835472819632,2026-03-10,260
7835472819632,2026-03-11,260
7835472819632,2026-03-12,260
7835472819632,2026-03-13,351
7835472819632,2026-03-14,351
7835472819632,2026-03-15,351
7835472819632,2026-03-16,351
7835472819632,2026-03-17,329
7835472819632,2026-03-18,329
7835472819632,2026-03-19,329
7835472819632,2026-03-20,329
7835472819632,2026-03-21,329
7835472819632,2026-03-22,329
7835472819632,2026-03-23,329
7835472819632,2026-03-24,329
7835472819632,2026-03-25,329
7835472819632,2026-03-26,329
7835472819632,2026-03-27,305
7835472819632,2026-03-28,305
7835472819632,2026-03-29,305
7835472819632,2026-03-30,305
7835472819632,2026-03-31,305
7835472819632,2026-04-01,305
7835472819632,2026-04-02,289
7835472819632,2026-04-03,289
7835472819632,2026-04-04,289
7835472819632,2026-04-05,351
7835472819632,2026-04-06,351
7835472819632,2026-04-07,351
7835472819632,2026-04-08,351
7835472819632,2026-04-09,351
7835472819632,2026-04-10,321
7835472819632,2026-04-11,321
7835472819632,2026-04-12,321
7835472819632,2026-04-13,321
7835472819632,2026-04-14,321
7835472819632,2026-04-15,321
7835472819632,2026-04-16,321
7835472819632,2026-04-17,321
7835472819632,2026-04-18,321
7835472819632,2026-04-19,321
7835472819632,2026-04-20,296
7835472819632,2026-04-21,296
7835472819632,2026-04-22,296
7835472819632,2026-04-23,296
7835472819632,2026-04-24,296
7835472819632,2026-04-25,269
7835472819632,2026-04-26,269
7835472819632,2026-04-27,269
7835472819632,2026-04-28,269
7835472819632,2026-04-29,269
7835472819632,2026-04-30,269
7835472819632,2026-05-01,269
7835472819632,2026-05-02,269
7835472819632,2026-05-03,269
7835472819632,2026-05-04,251
7835472819632,2026-05-05,251
7835472819632,2026-05-06,251
7835472819632,2026-05-07,251
7835472819632,2026-05-08,251
7835472819632,2026-05-09,251
7835472819632,2026-05-10,251
7835472819632,2026-05-11,251
7835472819632,2026-05-12,224
7835472819632,2026-05-13,351
7835472819632,2026-05-14,351
7835472819632,2026-05-15,351
7835472819632,2026-05-16,351
7835472819632,2026-05-17,351
7835472819632,2026-05-18,351
7835472819632,2026-05-19,330
7835472819632,2026-05-20,330
7835472819632,2026-05-21,330
7835472819632,2026-05-22,330
7835472819632,2026-05-23,330
7835472819632,2026-05-24,330
7835472819632,2026-05-25,330
7835472819632,2026-05-26,330
7835472819632,2026-05-27,330
7835472819632,2026-05-28,305
7835472819632,2026-05-29,305
7835472819632,2026-05-30,305
7835472819632,2026-05-31,305
7835472819632,2026-06-01,305
7835472819632,2026-06-02,286
7835472819632,2026-06-03,286
7835472819632,2026-06-04,286
7835472819632,2026-06-05,286
7835472819632,2026-06-06,286
7835472819632,2026-06-07,286
7835472819632,2026-06-08,351
7835472819632,2026-06-09,351
7835472819632,2026-06-10,351
7835472819632,2026-06-11,321
7835472819632,2026-06-12,321
7835472819632,2026-06-13,321
7835472819632,2026-06-14,321
7835472819632,2026-06-15,321
7835472819632,2026-06-16,321
7835472819632,2026-06-17,299
7835472819632,2026-06-18,299
7835472819632,2026-06-19,299
7835472819632,2026-06-20,299
7835472819632,2026-06-21,299
7835472819632,2026-06-22,299
7835472819632,2026-06-23,299
7835472819632,2026-06-24,299
7835472819632,2026-06-25,299
7835472819632,2026-06-26,299
7835472819632,2026-06-27,265
7835472819632,2026-06-28,265
7835472819632,2026-06-29,265
7835472819632,2026-06-30,265
7835472819632,2026-07-01,265
7841759382640,2024-01-01,810
7841759382640,2024-01-02,810
7841759382640,2024-01-03,810
7841759382640,2024-01-04,810
7841759382640,2024-01-05,810
7841759382640,2024-01-06,810
7841759382640,2024-01-07,810
7841759382640,2024-01-08,796
7841759382640,2024-01-09,796
7841759382640,2024-01-10,796
7841759382640,2024-01-11,796
7841759382640,2024-01-12,796
7841759382640,2024-01-13,796
7841759382640,2024-01-14,796
7841759382640,2024-01-15,783
7841759382640,2024-01-16,783
7841759382640,2024-01-17,783
7841759382640,2024-01-18,783
7841759382640,2024-01-19,783
7841759382640,2024-01-20,783
7841759382640,2024-01-21,783
7841759382640,2024-01-22,783
7841759382640,2024-01-23,783
7841759382640,2024-01-24,783
7841759382640,2024-01-25,770
7841759382640,2024-01-26,770
7841759382640,2024-01-27,770
7841759382640,2024-01-28,770
7841759382640,2024-01-29,770
7841759382640,2024-01-30,770
7841759382640,2024-01-31,770
7841759382640,2024-02-01,770
7841759382640,2024-02-02,770
7841759382640,2024-02-03,770
7841759382640,2024-02-04,755
7841759382640,2024-02-05,774
7841759382640,2024-02-06,774
7841759382640,2024-02-07,774
7841759382640,2024-02-08,774
7841759382640,2024-02-09,774
7841759382640,2024-02-10,774
7841759382640,2024-02-11,774
7841759382640,2024-02-12,774
7841759382640,2024-02-13,774
7841759382640,2024-02-14,762
7841759382640,2024-02-15,762
7841759382640,2024-02-16,762
7841759382640,2024-02-17,762
7841759382640,2024-02-18,762
7841759382640,2024-02-19,749
7841759382640,2024-02-20,749
7841759382640,2024-02-21,749
7841759382640,2024-02-22,749
7841759382640,2024-02-23,749
7841759382640,2024-02-24,749
7841759382640,2024-02-25,749
7841759382640,2024-02-26,749
7841759382640,2024-02-27,749
7841759382640,2024-02-28,749
7841759382640,2024-02-29,738
7841759382640,2024-03-01,738
7841759382640,2024-03-02,738
7841759382640,2024-03-03,738
7841759382640,2024-03-04,738
7841759382640,2024-03-05,809
7841759382640,2024-03-06,809
7841759382640,2024-03-07,809
7841759382640,2024-03-08,809
7841759382640,2024-03-09,793
7841759382640,2024-03-10,793
7841759382640,2024-03-11,793
7841759382640,2024-03-12,793
7841759382640,2024-03-13,793
7841759382640,2024-03-14,793
7841759382640,2024-03-15,793
7841759382640,2024-03-16,793
7841759382640,2024-03-17,793
7841759382640,2024-03-18,793
7841759382640,2024-03-19,777
7841759382640,2024-03-20,777
7841759382640,2024-03-21,777
7841759382640,2024-03-22,777
7841759382640,2024-03-23,777
7841759382640,2024-03-24,777
7841759382640,2024-03-25,777
7841759382640,2024-03-26,777
7841759382640,2024-03-27,767
7841759382640,2024-03-28,767
7841759382640,2024-03-29,767
7841759382640,2024-03-30,767
7841759382640,2024-03-31,767
7841759382640,2024-04-01,767
7841759382640,2024-04-02,767
7841759382640,2024-04-03,767
7841759382640,2024-04-04,767
7841759382640,2024-04-05,767
7841759382640,2024-04-06,751
7841759382640,2024-04-07,849
7841759382640,2024-04-08,849
7841759382640,2024-04-09,849
7841759382640,2024-04-10,849
7841759382640,2024-04-11,849
7841759382640,2024-04-12,849
7841759382640,2024-04-13,849
7841759382640,2024-04-14,833
7841759382640,2024-04-15,833
7841759382640,2024-04-16,833
7841759382640,2024-04-17,833
7841759382640,2024-04-18,833
7841759382640,2024-04-19,833
7841759382640,2024-04-20,811
7841759382640,2024-04-21,811
7841759382640,2024-04-22,811
7841759382640,2024-04-23,811
7841759382640,2024-04-24,811
7841759382640,2024-04-25,811
7841759382640,2024-04-26,811
7841759382640,2024-04-27,811
7841759382640,2024-04-28,801
7841759382640,2024-04-29,801
7841759382640,2024-04-30,801
7841759382640,2024-05-01,801
7841759382640,2024-05-02,801
7841759382640,2024-05-03,880
7841759382640,2024-05-04,856
7841759382640,2024-05-05,856
7841759382640,2024-05-06,856
7841759382640,2024-05-07,856
7841759382640,2024-05-08,856
7841759382640,2024-05-09,841
7841759382640,2024-05-10,841
7841759382640,2024-05-11,841
7841759382640,2024-05-12,841
7841759382640,2024-05-13,841
7841759382640,2024-05-14,841
7841759382640,2024-05-15,841
7841759382640,2024-05-16,841
7841759382640,2024-05-17,820
7841759382640,2024-05-18,820
7841759382640,2024-05-19,820
7841759382640,2024-05-20,820
7841759382640,2024-05-21,820
7841759382640,2024-05-22,820
7841759382640,2024-05-23,820
7841759382640,2024-05-24,820
7841759382640,2024-05-25,820
7841759382640,2024-05-26,793
7841759382640,2024-05-27,793
7841759382640,2024-05-28,793
7841759382640,2024-05-29,793
7841759382640,2024-05-30,793
7841759382640,2024-05-31,793
7841759382640,2024-06-01,774
7841759382640,2024-06-02,774
7841759382640,2024-06-03,774
7841759382640,2024-06-04,774
7841759382640,2024-06-05,774
7841759382640,2024-06-06,774
7841759382640,2024-06-07,774
7841759382640,2024-06-08,774
7841759382640,2024-06-09,774
7841759382640,2024-06-10,926
7841759382640,2024-06-11,926
7841759382640,2024-06-12,926
7841759382640,2024-06-13,926
7841759382640,2024-06-14,926
7841759382640,2024-06-15,902
7841759382640,2024-06-16,902
7841759382640,2024-06-17,902
7841759382640,2024-06-18,902
7841759382640,2024-06-19,902
7841759382640,2024-06-20,902
7841759382640,2024-06-21,902
7841759382640,2024-06-22,902
7841759382640,2024-06-23,893
7841759382640,2024-06-24,893
7841759382640,2024-06-25,893
7841759382640,2024-06-26,893
7841759382640,2024-06-27,893
7841759382640,2024-06-28,878
7841759382640,2024-06-29,878
7841759382640,2024-06-30,878
7841759382640,2024-07-01,878
7841759382640,2024-07-02,878
7841759382640,2024-07-03,878
7841759382640,2024-07-04,878
7841759382640,2024-07-05,860
7841759382640,2024-07-06,860
7841759382640,2024-07-07,860
7841759382640,2024-07-08,860
7841759382640,2024-07-09,860
7841759382640,2024-07-10,860
7841759382640,2024-07-11,839
7841759382640,2024-07-12,839
7841759382640,2024-07-13,839
7841759382640,2024-07-14,839
7841759382640,2024-07-15,839
7841759382640,2024-07-16,822
7841759382640,2024-07-17,822
7841759382640,2024-07-18,971
7841759382640,2024-07-19,971
7841759382640,2024-07-20,971
7841759382640,2024-07-21,971
7841759382640,2024-07-22,971
7841759382640,2024-07-23,971
7841759382640,2024-07-24,959
7841759382640,2024-07-25,959
7841759382640,2024-07-26,959
7841759382640,2024-07-27,959
7841759382640,2024-07-28,959
7841759382640,2024-07-29,959
7841759382640,2024-07-30,959
7841759382640,2024-07-31,940
7841759382640,2024-08-01,940
7841759382640,2024-08-02,940
7841759382640,2024-08-03,940
7841759382640,2024-08-04,940
7841759382640,2024-08-05,940
7841759382640,2024-08-06,940
7841759382640,2024-08-07,995
7841759382640,2024-08-08,995
7841759382640,2024-08-09,970
7841759382640,2024-08-10,970
7841759382640,2024-08-11,970
7841759382640,2024-08-12,970
7841759382640,2024-08-13,970
7841759382640,2024-08-14,970
7841759382640,2024-08-15,942
7841759382640,2024-08-16,942
7841759382640,2024-08-17,942
7841759382640,2024-08-18,942
7841759382640,2024-08-19,942
7841759382640,2024-08-20,918
7841759382640,2024-08-21,918
7841759382640,2024-08-22,918
7841759382640,2024-08-23,918
7841759382640,2024-08-24,918
7841759382640,2024-08-25,918
7841759382640,2024-08-26,918
7841759382640,2024-08-27,918
7841759382640,2024-08-28,918
7841759382640,2024-08-29,888
7841759382640,2024-08-30,888
7841759382640,2024-08-31,888
7841759382640,2024-09-01,888
7841759382640,2024-09-02,888
7841759382640,2024-09-03,888
7841759382640,2024-09-04,1029
7841759382640,2024-09-05,1029
7841759382640,2024-09-06,1029
7841759382640,2024-09-07,1029
7841759382640,2024-09-08,1004
7841759382640,2024-09-09,1004
7841759382640,2024-09-10,1004
7841759382640,2024-09-11,1004
7841759382640,2024-09-12,1004
7841759382640,2024-09-13,1004
7841759382640,2024-09-14,981
7841759382640,2024-09-15,981
7841759382640,2024-09-16,981
7841759382640,2024-09-17,981
7841759382640,2024-09-18,981
7841759382640,2024-09-19,981
7841759382640,2024-09-20,981
7841759382640,2024-09-21,963
7841759382640,2024-09-22,963
7841759382640,2024-09-23,963
7841759382640,2024-09-24,963
7841759382640,2024-09-25,963
7841759382640,2024-09-26,963
7841759382640,2024-09-27,963
7841759382640,2024-09-28,963
7841759382640,2024-09-29,963
7841759382640,2024-09-30,925
7841759382640,2024-10-01,1062
7841759382640,2024-10-02,1062
7841759382640,2024-10-03,1062
7841759382640,2024-10-04,1062
7841759382640,2024-10-05,1062
7841759382640,2024-10-06,1062
7841759382640,2024-10-07,1062
7841759382640,2024-10-08,1062
7841759382640,2024-10-09,1062
7841759382640,2024-10-10,1034
7841759382640,2024-10-11,1034
7841759382640,2024-10-12,1034
7841759382640,2024-10-13,1034
7841759382640,2024-10-14,1034
7841759382640,2024-10-15,1034
7841759382640,2024-10-16,1034
7841759382640,2024-10-17,1034
7841759382640,2024-10-18,1034
7841759382640,2024-10-19,1006
7841759382640,2024-10-20,1006
7841759382640,2024-10-21,1086
7841759382640,2024-10-22,1086
7841759382640,2024-10-23,1086
7841759382640,2024-10-24,1086
7841759382640,2024-10-25,1086
7841759382640,2024-10-26,1086
7841759382640,2024-10-27,1086
7841759382640,2024-10-28,1076
7841759382640,2024-10-29,1076
7841759382640,2024-10-30,1076
7841759382640,2024-10-31,1076
7841759382640,2024-11-01,1076
7841759382640,2024-11-02,1076
7841759382640,2024-11-03,1076
7841759382640,2024-11-04,1076
7841759382640,2024-11-05,1076
7841759382640,2024-11-06,1046
7841759382640,2024-11-07,1046
7841759382640,2024-11-08,1046
7841759382640,2024-11-09,1046
7841759382640,2024-11-10,1046
7841759382640,2024-11-11,1046
7841759382640,2024-11-12,1016
7841759382640,2024-11-13,1016
7841759382640,2024-11-14,1016
7841759382640,2024-11-15,1016
7841759382640,2024-11-16,1016
7841759382640,2024-11-17,1016
7841759382640,2024-11-18,1016
7841759382640,2024-11-19,1016
7841759382640,2024-11-20,1016
7841759382640,2024-11-21,988
7841759382640,2024-11-22,988
7841759382640,2024-11-23,1125
7841759382640,2024-11-24,1125
7841759382640,2024-11-25,1125
7841759382640,2024-11-26,1125
7841759382640,2024-11-27,1125
7841759382640,2024-11-28,1125
7841759382640,2024-11-29,1095
7841759382640,2024-11-30,1095
7841759382640,2024-12-01,1095
7841759382640,2024-12-02,1095
7841759382640,2024-12-03,1095
7841759382640,2024-12-04,1095
7841759382640,2024-12-05,1095
7841759382640,2024-12-06,1095
7841759382640,2024-12-07,1095
7841759382640,2024-12-08,1068
7841759382640,2024-12-09,1068
7841759382640,2024-12-10,1068
7841759382640,2024-12-11,1068
7841759382640,2024-12-12,1068
7841759382640,2024-12-13,1068
7841759382640,2024-12-14,1068
7841759382640,2024-12-15,1068
7841759382640,2024-12-16,1068
7841759382640,2024-12-17,1031
7841759382640,2024-12-18,1031
7841759382640,2024-12-19,1157
7841759382640,2024-12-20,1157
7841759382640,2024-12-21,1157
7841759382640,2024-12-22,1157
7841759382640,2024-12-23,1114
7841759382640,2024-12-24,1114
7841759382640,2024-12-25,1114
7841759382640,2024-12-26,1114
7841759382640,2024-12-27,1114
7841759382640,2024-12-28,1114
7841759382640,2024-12-29,1114
7841759382640,2024-12-30,1114
7841759382640,2024-12-31,1114
7841759382640,2025-01-01,1087
7841759382640,2025-01-02,1087
7841759382640,2025-01-03,1087
7841759382640,2025-01-04,1087
7841759382640,2025-01-05,1087
7841759382640,2025-01-06,1087
7841759382640,2025-01-07,1063
7841759382640,2025-01-08,1063
7841759382640,2025-01-09,1063
7841759382640,2025-01-10,1063
7841759382640,2025-01-11,1063
7841759382640,2025-01-12,1038
7841759382640,2025-01-13,1038
7841759382640,2025-01-14,1038
7841759382640,2025-01-15,1038
7841759382640,2025-01-16,1038
7841759382640,2025-01-17,1038
7841759382640,2025-01-18,1038
7841759382640,2025-01-19,1038
7841759382640,2025-01-20,1038
7841759382640,2025-01-21,1038
7841759382640,2025-01-22,1018
7841759382640,2025-01-23,1018
7841759382640,2025-01-24,1018
7841759382640,2025-01-25,1201
7841759382640,2025-01-26,1201
7841759382640,2025-01-27,1201
7841759382640,2025-01-28,1201
7841759382640,2025-01-29,1201
7841759382640,2025-01-30,1201
7841759382640,2025-01-31,1201
7841759382640,2025-02-01,1178
7841759382640,2025-02-02,1178
7841759382640,2025-02-03,1178
7841759382640,2025-02-04,1178
7841759382640,2025-02-05,1178
7841759382640,2025-02-06,1178
7841759382640,2025-02-07,1178
7841759382640,2025-02-08,1178
7841759382640,2025-02-09,1148
7841759382640,2025-02-10,1148
7841759382640,2025-02-11,1148
7841759382640,2025-02-12,1148
7841759382640,2025-02-13,1148
7841759382640,2025-02-14,1148
7841759382640,2025-02-15,1148
7841759382640,2025-02-16,1227
7841759382640,2025-02-17,1197
7841759382640,2025-02-18,1197
7841759382640,2025-02-19,1197
7841759382640,2025-02-20,1197
7841759382640,2025-02-21,1197
7841759382640,2025-02-22,1197
7841759382640,2025-02-23,1197
7841759382640,2025-02-24,1197
7841759382640,2025-02-25,1197
7841759382640,2025-02-26,1197
7841759382640,2025-02-27,1168
7841759382640,2025-02-28,1168
7841759382640,2025-03-01,1168
7841759382640,2025-03-02,1168
7841759382640,2025-03-03,1168
7841759382640,2025-03-04,1168
7841759382640,2025-03-05,1168
7841759382640,2025-03-06,1168
7841759382640,2025-03-07,1134
7841759382640,2025-03-08,1134
7841759382640,2025-03-09,1134
7841759382640,2025-03-10,1134
7841759382640,2025-03-11,1134
7841759382640,2025-03-12,1134
7841759382640,2025-03-13,1105
7841759382640,2025-03-14,1105
7841759382640,2025-03-15,1105
7841759382640,2025-03-16,1105
7841759382640,2025-03-17,1105
7841759382640,2025-03-18,1105
7841759382640,2025-03-19,1105
7841759382640,2025-03-20,1105
7841759382640,2025-03-21,1105
7841759382640,2025-03-22,1105
7841759382640,2025-03-23,1066
7841759382640,2025-03-24,1271
7841759382640,2025-03-25,1271
7841759382640,2025-03-26,1271
7841759382640,2025-03-27,1271
7841759382640,2025-03-28,1271
7841759382640,2025-03-29,1271
7841759382640,2025-03-30,1271
7841759382640,2025-03-31,1271
7841759382640,2025-04-01,1233
7841759382640,2025-04-02,1233
7841759382640,2025-04-03,1233
7841759382640,2025-04-04,1233
7841759382640,2025-04-05,1233
7841759382640,2025-04-06,1196
7841759382640,2025-04-07,1196
7841759382640,2025-04-08,1196
7841759382640,2025-04-09,1196
7841759382640,2025-04-10,1196
7841759382640,2025-04-11,1196
7841759382640,2025-04-12,1196
7841759382640,2025-04-13,1160
7841759382640,2025-04-14,1160
7841759382640,2025-04-15,1160
7841759382640,2025-04-16,1160
7841759382640,2025-04-17,1160
7841759382640,2025-04-18,1160
7841759382640,2025-04-19,1160
7841759382640,2025-04-20,1160
7841759382640,2025-04-21,1160
7841759382640,2025-04-22,1121
7841759382640,2025-04-23,1121
7841759382640,2025-04-24,1121
7841759382640,2025-04-25,1121
7841759382640,2025-04-26,1121
7841759382640,2025-04-27,1121
7841759382640,2025-04-28,1121
7841759382640,2025-04-29,1121
7841759382640,2025-04-30,1121
7841759382640,2025-05-01,1316
7841759382640,2025-05-02,1287
7841759382640,2025-05-03,1287
7841759382640,2025-05-04,1287
7841759382640,2025-05-05,1287
7841759382640,2025-05-06,1287
7841759382640,2025-05-07,1256
7841759382640,2025-05-08,1256
7841759382640,2025-05-09,1256
7841759382640,2025-05-10,1256
7841759382640,2025-05-11,1256
7841759382640,2025-05-12,1256
7841759382640,2025-05-13,1256
7841759382640,2025-05-14,1256
7841759382640,2025-05-15,1220
7841759382640,2025-05-16,1220
7841759382640,2025-05-17,1220
7841759382640,2025-05-18,1220
7841759382640,2025-05-19,1220
7841759382640,2025-05-20,1185
7841759382640,2025-05-21,1185
7841759382640,2025-05-22,1185
7841759382640,2025-05-23,1185
7841759382640,2025-05-24,1185
7841759382640,2025-05-25,1185
7841759382640,2025-05-26,1185
7841759382640,2025-05-27,1185
7841759382640,2025-05-28,1185
7841759382640,2025-05-29,1150
7841759382640,2025-05-30,1150
7841759382640,2025-05-31,1150
7841759382640,2025-06-01,1150
7841759382640,2025-06-02,1150
7841759382640,2025-06-03,1150
7841759382640,2025-06-04,1120
7841759382640,2025-06-05,1120
7841759382640,2025-06-06,1360
7841759382640,2025-06-07,1360
7841759382640,2025-06-08,1360
7841759382640,2025-06-09,1360
7841759382640,2025-06-10,1360
7841759382640,2025-06-11,1360
7841759382640,2025-06-12,1324
7841759382640,2025-06-13,1324
7841759382640,2025-06-14,1324
7841759382640,2025-06-15,1324
7841759382640,2025-06-16,1324
7841759382640,2025-06-17,1324
7841759382640,2025-06-18,1283
7841759382640,2025-06-19,1283
7841759382640,2025-06-20,1283
7841759382640,2025-06-21,1283
7841759382640,2025-06-22,1283
7841759382640,2025-06-23,1247
7841759382640,2025-06-24,1247
7841759382640,2025-06-25,1247
7841759382640,2025-06-26,1247
7841759382640,2025-06-27,1385
7841759382640,2025-06-28,1385
7841759382640,2025-06-29,1385
7841759382640,2025-06-30,1385
7841759382640,2025-07-01,1385
7841759382640,2025-07-02,1340
7841759382640,2025-07-03,1340
7841759382640,2025-07-04,1340
7841759382640,2025-07-05,1340
7841759382640,2025-07-06,1340
7841759382640,2025-07-07,1312
7841759382640,2025-07-08,1312
7841759382640,2025-07-09,1312
7841759382640,2025-07-10,1312
7841759382640,2025-07-11,1312
7841759382640,2025-07-12,1312
7841759382640,2025-07-13,1312
7841759382640,2025-07-14,1312
7841759382640,2025-07-15,1275
7841759382640,2025-07-16,1275
7841759382640,2025-07-17,1275
7841759382640,2025-07-18,1275
7841759382640,2025-07-19,1275
7841759382640,2025-07-20,1275
7841759382640,2025-07-21,1237
7841759382640,2025-07-22,1237
7841759382640,2025-07-23,1237
7841759382640,2025-07-24,1237
7841759382640,2025-07-25,1237
7841759382640,2025-07-26,1237
7841759382640,2025-07-27,1237
7841759382640,2025-07-28,1237
7841759382640,2025-07-29,1237
7841759382640,2025-07-30,1195
7841759382640,2025-07-31,1195
7841759382640,2025-08-01,1195
7841759382640,2025-08-02,1195
7841759382640,2025-08-03,1195
7841759382640,2025-08-04,1195
7841759382640,2025-08-05,1195
7841759382640,2025-08-06,1433
7841759382640,2025-08-07,1433
7841759382640,2025-08-08,1433
7841759382640,2025-08-09,1399
7841759382640,2025-08-10,1399
7841759382640,2025-08-11,1399
7841759382640,2025-08-12,1399
7841759382640,2025-08-13,1399
7841759382640,2025-08-14,1399
7841759382640,2025-08-15,1399
7841759382640,2025-08-16,1360
7841759382640,2025-08-17,1360
7841759382640,2025-08-18,1360
7841759382640,2025-08-19,1360
7841759382640,2025-08-20,1360
7841759382640,2025-08-21,1327
7841759382640,2025-08-22,1327
7841759382640,2025-08-23,1327
7841759382640,2025-08-24,1327
7841759382640,2025-08-25,1327
7841759382640,2025-08-26,1327
7841759382640,2025-08-27,1327
7841759382640,2025-08-28,1327
7841759382640,2025-08-29,1327
7841759382640,2025-08-30,1327
7841759382640,2025-08-31,1286
7841759382640,2025-09-01,1286
7841759382640,2025-09-02,1286
7841759382640,2025-09-03,1286
7841759382640,2025-09-04,1468
7841759382640,2025-09-05,1468
7841759382640,2025-09-06,1468
7841759382640,2025-09-07,1468
7841759382640,2025-09-08,1468
7841759382640,2025-09-09,1435
7841759382640,2025-09-10,1435
7841759382640,2025-09-11,1435
7841759382640,2025-09-12,1435
7841759382640,2025-09-13,1435
7841759382640,2025-09-14,1435
7841759382640,2025-09-15,1435
7841759382640,2025-09-16,1435
7841759382640,2025-09-17,1435
7841759382640,2025-09-18,1435
7841759382640,2025-09-19,1401
7841759382640,2025-09-20,1401
7841759382640,2025-09-21,1401
7841759382640,2025-09-22,1401
7841759382640,2025-09-23,1401
7841759382640,2025-09-24,1401
7841759382640,2025-09-25,1401
7841759382640,2025-09-26,1401
7841759382640,2025-09-27,1401
7841759382640,2025-09-28,1365
7841759382640,2025-09-29,1365
7841759382640,2025-09-30,1365
7841759382640,2025-10-01,1365
7841759382640,2025-10-02,1365
7841759382640,2025-10-03,1365
7841759382640,2025-10-04,1330
7841759382640,2025-10-05,1330
7841759382640,2025-10-06,1330
7841759382640,2025-10-07,1330
7841759382640,2025-10-08,1330
7841759382640,2025-10-09,1330
7841759382640,2025-10-10,1511
7841759382640,2025-10-11,1476
7841759382640,2025-10-12,1476
7841759382640,2025-10-13,1476
7841759382640,2025-10-14,1476
7841759382640,2025-10-15,1476
7841759382640,2025-10-16,1437
7841759382640,2025-10-17,1437
7841759382640,2025-10-18,1437
7841759382640,2025-10-19,1437
7841759382640,2025-10-20,1437
7841759382640,2025-10-21,1437
7841759382640,2025-10-22,1437
7841759382640,2025-10-23,1437
7841759382640,2025-10-24,1437
7841759382640,2025-10-25,1397
7841759382640,2025-10-26,1397
7841759382640,2025-10-27,1397
7841759382640,2025-10-28,1397
7841759382640,2025-10-29,1397
7841759382640,2025-10-30,1397
7841759382640,2025-10-31,1397
7841759382640,2025-11-01,1538
7841759382640,2025-11-02,1538
7841759382640,2025-11-03,1538
7841759382640,2025-11-04,1500
7841759382640,2025-11-05,1500
7841759382640,2025-11-06,1500
7841759382640,2025-11-07,1500
7841759382640,2025-11-08,1500
7841759382640,2025-11-09,1500
7841759382640,2025-11-10,1500
7841759382640,2025-11-11,1500
7841759382640,2025-11-12,1470
7841759382640,2025-11-13,1470
7841759382640,2025-11-14,1470
7841759382640,2025-11-15,1470
7841759382640,2025-11-16,1470
7841759382640,2025-11-17,1427
7841759382640,2025-11-18,1427
7841759382640,2025-11-19,1427
7841759382640,2025-11-20,1427
7841759382640,2025-11-21,1427
7841759382640,2025-11-22,1427
7841759382640,2025-11-23,1427
7841759382640,2025-11-24,1565
7841759382640,2025-11-25,1519
7841759382640,2025-11-26,1519
7841759382640,2025-11-27,1519
7841759382640,2025-11-28,1519
7841759382640,2025-11-29,1519
7841759382640,2025-11-30,1484
7841759382640,2025-12-01,1484
7841759382640,2025-12-02,1484
7841759382640,2025-12-03,1484
7841759382640,2025-12-04,1484
7841759382640,2025-12-05,1445
7841759382640,2025-12-06,1445
7841759382640,2025-12-07,1445
7841759382640,2025-12-08,1445
7841759382640,2025-12-09,1445
7841759382640,2025-12-10,1445
7841759382640,2025-12-11,1407
7841759382640,2025-12-12,1407
7841759382640,2025-12-13,1407
7841759382640,2025-12-14,1407
7841759382640,2025-12-15,1407
7841759382640,2025-12-16,1407
7841759382640,2025-12-17,1407
7841759382640,2025-12-18,1594
7841759382640,2025-12-19,1594
7841759382640,2025-12-20,1594
7841759382640,2025-12-21,1556
7841759382640,2025-12-22,1556
7841759382640,2025-12-23,1556
7841759382640,2025-12-24,1556
7841759382640,2025-12-25,1556
7841759382640,2025-12-26,1556
7841759382640,2025-12-27,1556
7841759382640,2025-12-28,1556
7841759382640,2025-12-29,1510
7841759382640,2025-12-30,1510
7841759382640,2025-12-31,1510
7841759382640,2026-01-01,1510
7841759382640,2026-01-02,1510
7841759382640,2026-01-03,1510
7841759382640,2026-01-04,1510
7841759382640,2026-01-05,1457
7841759382640,2026-01-06,1457
7841759382640,2026-01-07,1457
7841759382640,2026-01-08,1457
7841759382640,2026-01-09,1457
7841759382640,2026-01-10,1457
7841759382640,2026-01-11,1457
7841759382640,2026-01-12,1624
7841759382640,2026-01-13,1624
7841759382640,2026-01-14,1624
7841759382640,2026-01-15,1624
7841759382640,2026-01-16,1624
7841759382640,2026-01-17,1624
7841759382640,2026-01-18,1624
7841759382640,2026-01-19,1624
7841759382640,2026-01-20,1624
7841759382640,2026-01-21,1576
7841759382640,2026-01-22,1576
7841759382640,2026-01-23,1576
7841759382640,2026-01-24,1576
7841759382640,2026-01-25,1576
7841759382640,2026-01-26,1576
7841759382640,2026-01-27,1576
7841759382640,2026-01-28,1576
7841759382640,2026-01-29,1576
7841759382640,2026-01-30,1576
7841759382640,2026-01-31,1536
7841759382640,2026-02-01,1536
7841759382640,2026-02-02,1536
7841759382640,2026-02-03,1536
7841759382640,2026-02-04,1536
7841759382640,2026-02-05,1536
7841759382640,2026-02-06,1536
7841759382640,2026-02-07,1498
7841759382640,2026-02-08,1498
7841759382640,2026-02-09,1498
7841759382640,2026-02-10,1498
7841759382640,2026-02-11,1498
7841759382640,2026-02-12,1498
7841759382640,2026-02-13,1663
7841759382640,2026-02-14,1663
7841759382640,2026-02-15,1663
7841759382640,2026-02-16,1617
7841759382640,2026-02-17,1617
7841759382640,2026-02-18,1617
7841759382640,2026-02-19,1617
7841759382640,2026-02-20,1617
7841759382640,2026-02-21,1574
7841759382640,2026-02-22,1574
7841759382640,2026-02-23,1574
7841759382640,2026-02-24,1574
7841759382640,2026-02-25,1574
7841759382640,2026-02-26,1574
7841759382640,2026-02-27,1574
7841759382640,2026-02-28,1574
7841759382640,2026-03-01,1574
7841759382640,2026-03-02,1574
7841759382640,2026-03-03,1529
7841759382640,2026-03-04,1529
7841759382640,2026-03-05,1529
7841759382640,2026-03-06,1529
7841759382640,2026-03-07,1529
7841759382640,2026-03-08,1529
7841759382640,2026-03-09,1529
7841759382640,2026-03-10,1529
7841759382640,2026-03-11,1529
7841759382640,2026-03-12,1529
7841759382640,2026-03-13,1493
7841759382640,2026-03-14,1493
7841759382640,2026-03-15,1493
7841759382640,2026-03-16,1493
7841759382640,2026-03-17,1493
7841759382640,2026-03-18,1493
7841759382640,2026-03-19,1449
7841759382640,2026-03-20,1705
7841759382640,2026-03-21,1705
7841759382640,2026-03-22,1705
7841759382640,2026-03-23,1705
7841759382640,2026-03-24,1705
7841759382640,2026-03-25,1705
7841759382640,2026-03-26,1652
7841759382640,2026-03-27,1652
7841759382640,2026-03-28,1652
7841759382640,2026-03-29,1652
7841759382640,2026-03-30,1652
7841759382640,2026-03-31,1652
7841759382640,2026-04-01,1652
7841759382640,2026-04-02,1652
7841759382640,2026-04-03,1611
7841759382640,2026-04-04,1611
7841759382640,2026-04-05,1611
7841759382640,2026-04-06,1611
7841759382640,2026-04-07,1611
7841759382640,2026-04-08,1611
7841759382640,2026-04-09,1568
7841759382640,2026-04-10,1568
7841759382640,2026-04-11,1568
7841759382640,2026-04-12,1568
7841759382640,2026-04-13,1568
7841759382640,2026-04-14,1568
7841759382640,2026-04-15,1736
7841759382640,2026-04-16,1736
7841759382640,2026-04-17,1736
7841759382640,2026-04-18,1736
7841759382640,2026-04-19,1736
7841759382640,2026-04-20,1736
7841759382640,2026-04-21,1688
7841759382640,2026-04-22,1688
7841759382640,2026-04-23,1688
7841759382640,2026-04-24,1688
7841759382640,2026-04-25,1688
7841759382640,2026-04-26,1688
7841759382640,2026-04-27,1688
7841759382640,2026-04-28,1645
7841759382640,2026-04-29,1645
7841759382640,2026-04-30,1645
7841759382640,2026-05-01,1645
7841759382640,2026-05-02,1645
7841759382640,2026-05-03,1645
7841759382640,2026-05-04,1645
7841759382640,2026-05-05,1645
7841759382640,2026-05-06,1645
7841759382640,2026-05-07,1645
7841759382640,2026-05-08,1599
7841759382640,2026-05-09,1599
7841759382640,2026-05-10,1599
7841759382640,2026-05-11,1599
7841759382640,2026-05-12,1599
7841759382640,2026-05-13,1551
7841759382640,2026-05-14,1551
7841759382640,2026-05-15,1551
7841759382640,2026-05-16,1551
7841759382640,2026-05-17,1551
7841759382640,2026-05-18,1551
7841759382640,2026-05-19,1551
7841759382640,2026-05-20,1551
7841759382640,2026-05-21,1498
7841759382640,2026-05-22,1781
7841759382640,2026-05-23,1781
7841759382640,2026-05-24,1781
7841759382640,2026-05-25,1781
7841759382640,2026-05-26,1729
7841759382640,2026-05-27,1729
7841759382640,2026-05-28,1729
7841759382640,2026-05-29,1729
7841759382640,2026-05-30,1729
7841759382640,2026-05-31,1729
7841759382640,2026-06-01,1729
7841759382640,2026-06-02,1729
7841759382640,2026-06-03,1682
7841759382640,2026-06-04,1682
7841759382640,2026-06-05,1682
7841759382640,2026-06-06,1682
7841759382640,2026-06-07,1682
7841759382640,2026-06-08,1682
7841759382640,2026-06-09,1682
7841759382640,2026-06-10,1627
7841759382640,2026-06-11,1627
7841759382640,2026-06-12,1627
7841759382640,2026-06-13,1627
7841759382640,2026-06-14,1627
7841759382640,2026-06-15,1810
7841759382640,2026-06-16,1810
7841759382640,2026-06-17,1810
7841759382640,2026-06-18,1810
7841759382640,2026-06-19,1810
7841759382640,2026-06-20,1754
7841759382640,2026-06-21,1754
7841759382640,2026-06-22,1754
7841759382640,2026-06-23,1754
7841759382640,2026-06-24,1754
7841759382640,2026-06-25,1706
7841759382640,2026-06-26,1706
7841759382640,2026-06-27,1706
7841759382640,2026-06-28,1706
7841759382640,2026-06-29,1706
7841759382640,2026-06-30,1706
7841759382640,2026-07-01,1706
7846284917531,2024-01-01,361
7846284917531,2024-01-02,361
7846284917531,2024-01-03,361
7846284917531,2024-01-04,361
7846284917531,2024-01-05,361
7846284917531,2024-01-06,361
7846284917531,2024-01-07,361
7846284917531,2024-01-08,361
7846284917531,2024-01-09,361
7846284917531,2024-01-10,345
7846284917531,2024-01-11,345
7846284917531,2024-01-12,345
7846284917531,2024-01-13,345
7846284917531,2024-01-14,345
7846284917531,2024-01-15,345
7846284917531,2024-01-16,345
7846284917531,2024-01-17,345
7846284917531,2024-01-18,345
7846284917531,2024-01-19,328
7846284917531,2024-01-20,328
7846284917531,2024-01-21,328
7846284917531,2024-01-22,634
7846284917531,2024-01-23,634
7846284917531,2024-01-24,634
7846284917531,2024-01-25,634
7846284917531,2024-01-26,629
7846284917531,2024-01-27,629
7846284917531,2024-01-28,629
7846284917531,2024-01-29,629
7846284917531,2024-01-30,629
7846284917531,2024-01-31,629
7846284917531,2024-02-01,609
7846284917531,2024-02-02,609
7846284917531,2024-02-03,609
7846284917531,2024-02-04,609
7846284917531,2024-02-05,609
7846284917531,2024-02-06,609
7846284917531,2024-02-07,609
7846284917531,2024-02-08,602
7846284917531,2024-02-09,602
7846284917531,2024-02-10,602
7846284917531,2024-02-11,654
7846284917531,2024-02-12,654
7846284917531,2024-02-13,654
7846284917531,2024-02-14,654
7846284917531,2024-02-15,654
7846284917531,2024-02-16,654
7846284917531,2024-02-17,637
7846284917531,2024-02-18,637
7846284917531,2024-02-19,637
7846284917531,2024-02-20,637
7846284917531,2024-02-21,637
7846284917531,2024-02-22,637
7846284917531,2024-02-23,637
7846284917531,2024-02-24,637
7846284917531,2024-02-25,637
7846284917531,2024-02-26,637
7846284917531,2024-02-27,618
7846284917531,2024-02-28,618
7846284917531,2024-02-29,618
7846284917531,2024-03-01,618
7846284917531,2024-03-02,618
7846284917531,2024-03-03,618
7846284917531,2024-03-04,618
7846284917531,2024-03-05,618
7846284917531,2024-03-06,618
7846284917531,2024-03-07,608
7846284917531,2024-03-08,608
7846284917531,2024-03-09,608
7846284917531,2024-03-10,608
7846284917531,2024-03-11,608
7846284917531,2024-03-12,608
7846284917531,2024-03-13,608
7846284917531,2024-03-14,608
7846284917531,2024-03-15,608
7846284917531,2024-03-16,591
7846284917531,2024-03-17,591
7846284917531,2024-03-18,591
7846284917531,2024-03-19,692
7846284917531,2024-03-20,692
7846284917531,2024-03-21,692
7846284917531,2024-03-22,692
7846284917531,2024-03-23,671
7846284917531,2024-03-24,671
7846284917531,2024-03-25,671
7846284917531,2024-03-26,671
7846284917531,2024-03-27,671
7846284917531,2024-03-28,671
7846284917531,2024-03-29,657
7846284917531,2024-03-30,657
7846284917531,2024-03-31,657
7846284917531,2024-04-01,657
7846284917531,2024-04-02,657
7846284917531,2024-04-03,657
7846284917531,2024-04-04,637
7846284917531,2024-04-05,637
7846284917531,2024-04-06,637
7846284917531,2024-04-07,637
7846284917531,2024-04-08,637
7846284917531,2024-04-09,621
7846284917531,2024-04-10,621
7846284917531,2024-04-11,621
7846284917531,2024-04-12,621
7846284917531,2024-04-13,621
7846284917531,2024-04-14,621
7846284917531,2024-04-15,621
7846284917531,2024-04-16,720
7846284917531,2024-04-17,701
7846284917531,2024-04-18,701
7846284917531,2024-04-19,701
7846284917531,2024-04-20,701
7846284917531,2024-04-21,701
7846284917531,2024-04-22,701
7846284917531,2024-04-23,701
7846284917531,2024-04-24,701
7846284917531,2024-04-25,701
7846284917531,2024-04-26,690
7846284917531,2024-04-27,690
7846284917531,2024-04-28,690
7846284917531,2024-04-29,690
7846284917531,2024-04-30,690
7846284917531,2024-05-01,690
7846284917531,2024-05-02,690
7846284917531,2024-05-03,690
7846284917531,2024-05-04,690
7846284917531,2024-05-05,678
7846284917531,2024-05-06,678
7846284917531,2024-05-07,678
7846284917531,2024-05-08,678
7846284917531,2024-05-09,678
7846284917531,2024-05-10,678
7846284917531,2024-05-11,656
7846284917531,2024-05-12,656
7846284917531,2024-05-13,656
7846284917531,2024-05-14,656
7846284917531,2024-05-15,656
7846284917531,2024-05-16,656
7846284917531,2024-05-17,656
7846284917531,2024-05-18,752
7846284917531,2024-05-19,752
7846284917531,2024-05-20,752
7846284917531,2024-05-21,752
7846284917531,2024-05-22,752
7846284917531,2024-05-23,752
7846284917531,2024-05-24,752
7846284917531,2024-05-25,752
7846284917531,2024-05-26,737
7846284917531,2024-05-27,737
7846284917531,2024-05-28,737
7846284917531,2024-05-29,737
7846284917531,2024-05-30,737
7846284917531,2024-05-31,737
7846284917531,2024-06-01,718
7846284917531,2024-06-02,718
7846284917531,2024-06-03,718
7846284917531,2024-06-04,718
7846284917531,2024-06-05,718
7846284917531,2024-06-06,718
7846284917531,2024-06-07,711
7846284917531,2024-06-08,711
7846284917531,2024-06-09,711
7846284917531,2024-06-10,711
7846284917531,2024-06-11,711
7846284917531,2024-06-12,777
7846284917531,2024-06-13,777
7846284917531,2024-06-14,777
7846284917531,2024-06-15,777
7846284917531,2024-06-16,760
7846284917531,2024-06-17,760
7846284917531,2024-06-18,760
7846284917531,2024-06-19,760
7846284917531,2024-06-20,760
7846284917531,2024-06-21,760
7846284917531,2024-06-22,760
7846284917531,2024-06-23,760
7846284917531,2024-06-24,738
7846284917531,2024-06-25,738
7846284917531,2024-06-26,738
7846284917531,2024-06-27,738
7846284917531,2024-06-28,738
7846284917531,2024-06-29,738
7846284917531,2024-06-30,738
7846284917531,2024-07-01,738
7846284917531,2024-07-02,738
7846284917531,2024-07-03,718
7846284917531,2024-07-04,718
7846284917531,2024-07-05,718
7846284917531,2024-07-06,718
7846284917531,2024-07-07,718
7846284917531,2024-07-08,718
7846284917531,2024-07-09,718
7846284917531,2024-07-10,718
7846284917531,2024-07-11,698
7846284917531,2024-07-12,698
7846284917531,2024-07-13,698
7846284917531,2024-07-14,698
7846284917531,2024-07-15,698
7846284917531,2024-07-16,698
7846284917531,2024-07-17,698
7846284917531,2024-07-18,813
7846284917531,2024-07-19,780
7846284917531,2024-07-20,780
7846284917531,2024-07-21,780
7846284917531,2024-07-22,780
7846284917531,2024-07-23,780
7846284917531,2024-07-24,780
7846284917531,2024-07-25,780
7846284917531,2024-07-26,780
7846284917531,2024-07-27,780
7846284917531,2024-07-28,761
7846284917531,2024-07-29,761
7846284917531,2024-07-30,761
7846284917531,2024-07-31,761
7846284917531,2024-08-01,761
7846284917531,2024-08-02,761
7846284917531,2024-08-03,761
7846284917531,2024-08-04,761
7846284917531,2024-08-05,761
7846284917531,2024-08-06,742
7846284917531,2024-08-07,742
7846284917531,2024-08-08,742
7846284917531,2024-08-09,836
7846284917531,2024-08-10,836
7846284917531,2024-08-11,836
7846284917531,2024-08-12,836
7846284917531,2024-08-13,812
7846284917531,2024-08-14,812
7846284917531,2024-08-15,812
7846284917531,2024-08-16,812
7846284917531,2024-08-17,812
7846284917531,2024-08-18,812
7846284917531,2024-08-19,812
7846284917531,2024-08-20,812
7846284917531,2024-08-21,812
7846284917531,2024-08-22,779
7846284917531,2024-08-23,779
7846284917531,2024-08-24,779
7846284917531,2024-08-25,779
7846284917531,2024-08-26,779
7846284917531,2024-08-27,779
7846284917531,2024-08-28,779
7846284917531,2024-08-29,779
7846284917531,2024-08-30,779
7846284917531,2024-08-31,758
7846284917531,2024-09-01,758
7846284917531,2024-09-02,758
7846284917531,2024-09-03,758
7846284917531,2024-09-04,758
7846284917531,2024-09-05,758
7846284917531,2024-09-06,758
7846284917531,2024-09-07,758
7846284917531,2024-09-08,758
7846284917531,2024-09-09,758
7846284917531,2024-09-10,868
7846284917531,2024-09-11,868
7846284917531,2024-09-12,868
7846284917531,2024-09-13,868
7846284917531,2024-09-14,868
7846284917531,2024-09-15,868
7846284917531,2024-09-16,868
7846284917531,2024-09-17,868
7846284917531,2024-09-18,868
7846284917531,2024-09-19,868
7846284917531,2024-09-20,851
7846284917531,2024-09-21,851
7846284917531,2024-09-22,851
7846284917531,2024-09-23,851
7846284917531,2024-09-24,851
7846284917531,2024-09-25,851
7846284917531,2024-09-26,851
7846284917531,2024-09-27,851
7846284917531,2024-09-28,851
7846284917531,2024-09-29,851
7846284917531,2024-09-30,831
7846284917531,2024-10-01,831
7846284917531,2024-10-02,831
7846284917531,2024-10-03,831
7846284917531,2024-10-04,831
7846284917531,2024-10-05,831
7846284917531,2024-10-06,831
7846284917531,2024-10-07,831
7846284917531,2024-10-08,831
7846284917531,2024-10-09,808
7846284917531,2024-10-10,808
7846284917531,2024-10-11,808
7846284917531,2024-10-12,808
7846284917531,2024-10-13,808
7846284917531,2024-10-14,808
7846284917531,2024-10-15,808
7846284917531,2024-10-16,808
7846284917531,2024-10-17,808
7846284917531,2024-10-18,808
7846284917531,2024-10-19,907
7846284917531,2024-10-20,907
7846284917531,2024-10-21,907
7846284917531,2024-10-22,907
7846284917531,2024-10-23,907
7846284917531,2024-10-24,907
7846284917531,2024-10-25,907
7846284917531,2024-10-26,907
7846284917531,2024-10-27,907
7846284917531,2024-10-28,880
7846284917531,2024-10-29,880
7846284917531,2024-10-30,880
7846284917531,2024-10-31,880
7846284917531,2024-11-01,880
7846284917531,2024-11-02,880
7846284917531,2024-11-03,880
7846284917531,2024-11-04,880
7846284917531,2024-11-05,856
7846284917531,2024-11-06,856
7846284917531,2024-11-07,856
7846284917531,2024-11-08,856
7846284917531,2024-11-09,856
7846284917531,2024-11-10,856
7846284917531,2024-11-11,836
7846284917531,2024-11-12,836
7846284917531,2024-11-13,836
7846284917531,2024-11-14,836
7846284917531,2024-11-15,836
7846284917531,2024-11-16,836
7846284917531,2024-11-17,836
7846284917531,2024-11-18,806
7846284917531,2024-11-19,806
7846284917531,2024-11-20,806
7846284917531,2024-11-21,806
7846284917531,2024-11-22,806
7846284917531,2024-11-23,806
7846284917531,2024-11-24,943
7846284917531,2024-11-25,920
7846284917531,2024-11-26,920
7846284917531,2024-11-27,920
7846284917531,2024-11-28,920
7846284917531,2024-11-29,920
7846284917531,2024-11-30,920
7846284917531,2024-12-01,894
7846284917531,2024-12-02,894
7846284917531,2024-12-03,894
7846284917531,2024-12-04,894
7846284917531,2024-12-05,894
7846284917531,2024-12-06,894
7846284917531,2024-12-07,894
7846284917531,2024-12-08,894
7846284917531,2024-12-09,894
7846284917531,2024-12-10,864
7846284917531,2024-12-11,864
7846284917531,2024-12-12,864
7846284917531,2024-12-13,864
7846284917531,2024-12-14,864
7846284917531,2024-12-15,864
7846284917531,2024-12-16,864
7846284917531,2024-12-17,966
7846284917531,2024-12-18,966
7846284917531,2024-12-19,966
7846284917531,2024-12-20,966
7846284917531,2024-12-21,966
7846284917531,2024-12-22,944
7846284917531,2024-12-23,944
7846284917531,2024-12-24,944
7846284917531,2024-12-25,944
7846284917531,2024-12-26,944
7846284917531,2024-12-27,944
7846284917531,2024-12-28,923
7846284917531,2024-12-29,923
7846284917531,2024-12-30,923
7846284917531,2024-12-31,923
7846284917531,2025-01-01,923
7846284917531,2025-01-02,923
7846284917531,2025-01-03,923
7846284917531,2025-01-04,923
7846284917531,2025-01-05,923
7846284917531,2025-01-06,900
7846284917531,2025-01-07,900
7846284917531,2025-01-08,900
7846284917531,2025-01-09,900
7846284917531,2025-01-10,900
7846284917531,2025-01-11,871
7846284917531,2025-01-12,871
7846284917531,2025-01-13,871
7846284917531,2025-01-14,871
7846284917531,2025-01-15,871
7846284917531,2025-01-16,997
7846284917531,2025-01-17,997
7846284917531,2025-01-18,997
7846284917531,2025-01-19,997
7846284917531,2025-01-20,997
7846284917531,2025-01-21,965
7846284917531,2025-01-22,965
7846284917531,2025-01-23,965
7846284917531,2025-01-24,965
7846284917531,2025-01-25,965
7846284917531,2025-01-26,939
7846284917531,2025-01-27,939
7846284917531,2025-01-28,939
7846284917531,2025-01-29,939
7846284917531,2025-01-30,939
7846284917531,2025-01-31,939
7846284917531,2025-02-01,939
7846284917531,2025-02-02,939
7846284917531,2025-02-03,939
7846284917531,2025-02-04,939
7846284917531,2025-02-05,1017
7846284917531,2025-02-06,1017
7846284917531,2025-02-07,1017
7846284917531,2025-02-08,1017
7846284917531,2025-02-09,1017
7846284917531,2025-02-10,1017
7846284917531,2025-02-11,1017
7846284917531,2025-02-12,1017
7846284917531,2025-02-13,989
7846284917531,2025-02-14,989
7846284917531,2025-02-15,989
7846284917531,2025-02-16,989
7846284917531,2025-02-17,989
7846284917531,2025-02-18,989
7846284917531,2025-02-19,989
7846284917531,2025-02-20,989
7846284917531,2025-02-21,989
7846284917531,2025-02-22,961
7846284917531,2025-02-23,961
7846284917531,2025-02-24,961
7846284917531,2025-02-25,961
7846284917531,2025-02-26,961
7846284917531,2025-02-27,961
7846284917531,2025-02-28,961
7846284917531,2025-03-01,1041
7846284917531,2025-03-02,1041
7846284917531,2025-03-03,1041
7846284917531,2025-03-04,1041
7846284917531,2025-03-05,1041
7846284917531,2025-03-06,1041
7846284917531,2025-03-07,1041
7846284917531,2025-03-08,1041
7846284917531,2025-03-09,1041
7846284917531,2025-03-10,1041
7846284917531,2025-03-11,1016
7846284917531,2025-03-12,1016
7846284917531,2025-03-13,1016
7846284917531,2025-03-14,1016
7846284917531,2025-03-15,1016
7846284917531,2025-03-16,1016
7846284917531,2025-03-17,1016
7846284917531,2025-03-18,994
7846284917531,2025-03-19,994
7846284917531,2025-03-20,994
7846284917531,2025-03-21,994
7846284917531,2025-03-22,994
7846284917531,2025-03-23,994
7846284917531,2025-03-24,994
7846284917531,2025-03-25,994
7846284917531,2025-03-26,994
7846284917531,2025-03-27,994
7846284917531,2025-03-28,961
7846284917531,2025-03-29,961
7846284917531,2025-03-30,961
7846284917531,2025-03-31,961
7846284917531,2025-04-01,961
7846284917531,2025-04-02,961
7846284917531,2025-04-03,961
7846284917531,2025-04-04,930
7846284917531,2025-04-05,930
7846284917531,2025-04-06,930
7846284917531,2025-04-07,930
7846284917531,2025-04-08,930
7846284917531,2025-04-09,892
7846284917531,2025-04-10,1081
7846284917531,2025-04-11,1081
7846284917531,2025-04-12,1081
7846284917531,2025-04-13,1081
7846284917531,2025-04-14,1081
7846284917531,2025-04-15,1081
7846284917531,2025-04-16,1081
7846284917531,2025-04-17,1081
7846284917531,2025-04-18,1048
7846284917531,2025-04-19,1048
7846284917531,2025-04-20,1048
7846284917531,2025-04-21,1048
7846284917531,2025-04-22,1048
7846284917531,2025-04-23,1048
7846284917531,2025-04-24,1048
7846284917531,2025-04-25,1012
7846284917531,2025-04-26,1012
7846284917531,2025-04-27,1012
7846284917531,2025-04-28,1012
7846284917531,2025-04-29,1012
7846284917531,2025-04-30,1012
7846284917531,2025-05-01,1012
7846284917531,2025-05-02,1012
7846284917531,2025-05-03,1012
7846284917531,2025-05-04,974
7846284917531,2025-05-05,974
7846284917531,2025-05-06,974
7846284917531,2025-05-07,974
7846284917531,2025-05-08,974
7846284917531,2025-05-09,974
7846284917531,2025-05-10,974
7846284917531,2025-05-11,974
7846284917531,2025-05-12,937
7846284917531,2025-05-13,937
7846284917531,2025-05-14,937
7846284917531,2025-05-15,1117
7846284917531,2025-05-16,1117
7846284917531,2025-05-17,1117
7846284917531,2025-05-18,1117
7846284917531,2025-05-19,1117
7846284917531,2025-05-20,1117
7846284917531,2025-05-21,1079
7846284917531,2025-05-22,1079
7846284917531,2025-05-23,1079
7846284917531,2025-05-24,1079
7846284917531,2025-05-25,1079
7846284917531,2025-05-26,1079
7846284917531,2025-05-27,1079
7846284917531,2025-05-28,1079
7846284917531,2025-05-29,1079
7846284917531,2025-05-30,1079
7846284917531,2025-05-31,1049
7846284917531,2025-06-01,1049
7846284917531,2025-06-02,1049
7846284917531,2025-06-03,1049
7846284917531,2025-06-04,1049
7846284917531,2025-06-05,1049
7846284917531,2025-06-06,1049
7846284917531,2025-06-07,1008
7846284917531,2025-06-08,1008
7846284917531,2025-06-09,1008
7846284917531,2025-06-10,1008
7846284917531,2025-06-11,1008
7846284917531,2025-06-12,1008
7846284917531,2025-06-13,974
7846284917531,2025-06-14,974
7846284917531,2025-06-15,974
7846284917531,2025-06-16,974
7846284917531,2025-06-17,1150
7846284917531,2025-06-18,1150
7846284917531,2025-06-19,1150
7846284917531,2025-06-20,1150
7846284917531,2025-06-21,1150
7846284917531,2025-06-22,1150
7846284917531,2025-06-23,1123
7846284917531,2025-06-24,1123
7846284917531,2025-06-25,1123
7846284917531,2025-06-26,1123
7846284917531,2025-06-27,1123
7846284917531,2025-06-28,1123
7846284917531,2025-06-29,1123
7846284917531,2025-06-30,1084
7846284917531,2025-07-01,1084
7846284917531,2025-07-02,1084
7846284917531,2025-07-03,1084
7846284917531,2025-07-04,1084
7846284917531,2025-07-05,1084
7846284917531,2025-07-06,1084
7846284917531,2025-07-07,1084
7846284917531,2025-07-08,1084
7846284917531,2025-07-09,1084
7846284917531,2025-07-10,1051
7846284917531,2025-07-11,1174
7846284917531,2025-07-12,1174
7846284917531,2025-07-13,1174
7846284917531,2025-07-14,1174
7846284917531,2025-07-15,1174
7846284917531,2025-07-16,1174
7846284917531,2025-07-17,1174
7846284917531,2025-07-18,1174
7846284917531,2025-07-19,1174
7846284917531,2025-07-20,1135
7846284917531,2025-07-21,1135
7846284917531,2025-07-22,1135
7846284917531,2025-07-23,1135
7846284917531,2025-07-24,1135
7846284917531,2025-07-25,1135
7846284917531,2025-07-26,1135
7846284917531,2025-07-27,1098
7846284917531,2025-07-28,1098
7846284917531,2025-07-29,1098
7846284917531,2025-07-30,1098
7846284917531,2025-07-31,1098
7846284917531,2025-08-01,1098
7846284917531,2025-08-02,1050
7846284917531,2025-08-03,1050
7846284917531,2025-08-04,1198
7846284917531,2025-08-05,1198
7846284917531,2025-08-06,1198
7846284917531,2025-08-07,1198
7846284917531,2025-08-08,1198
7846284917531,2025-08-09,1198
7846284917531,2025-08-10,1159
7846284917531,2025-08-11,1159
7846284917531,2025-08-12,1159
7846284917531,2025-08-13,1159
7846284917531,2025-08-14,1159
7846284917531,2025-08-15,1159
7846284917531,2025-08-16,1159
7846284917531,2025-08-17,1159
7846284917531,2025-08-18,1159
7846284917531,2025-08-19,1120
7846284917531,2025-08-20,1120
7846284917531,2025-08-21,1120
7846284917531,2025-08-22,1120
7846284917531,2025-08-23,1120
7846284917531,2025-08-24,1120
7846284917531,2025-08-25,1120
7846284917531,2025-08-26,1084
7846284917531,2025-08-27,1084
7846284917531,2025-08-28,1084
7846284917531,2025-08-29,1084
7846284917531,2025-08-30,1084
7846284917531,2025-08-31,1084
7846284917531,2025-09-01,1084
7846284917531,2025-09-02,1084
7846284917531,2025-09-03,1084
7846284917531,2025-09-04,1042
7846284917531,2025-09-05,1042
7846284917531,2025-09-06,1231
7846284917531,2025-09-07,1231
7846284917531,2025-09-08,1231
7846284917531,2025-09-09,1231
7846284917531,2025-09-10,1231
7846284917531,2025-09-11,1231
7846284917531,2025-09-12,1231
7846284917531,2025-09-13,1196
7846284917531,2025-09-14,1196
7846284917531,2025-09-15,1196
7846284917531,2025-09-16,1196
7846284917531,2025-09-17,1196
7846284917531,2025-09-18,1164
7846284917531,2025-09-19,1164
7846284917531,2025-09-20,1164
7846284917531,2025-09-21,1164
7846284917531,2025-09-22,1164
7846284917531,2025-09-23,1164
7846284917531,2025-09-24,1164
7846284917531,2025-09-25,1164
7846284917531,2025-09-26,1133
7846284917531,2025-09-27,1133
7846284917531,2025-09-28,1133
7846284917531,2025-09-29,1133
7846284917531,2025-09-30,1133
7846284917531,2025-10-01,1133
7846284917531,2025-10-02,1133
7846284917531,2025-10-03,1133
7846284917531,2025-10-04,1133
7846284917531,2025-10-05,1094
7846284917531,2025-10-06,1094
7846284917531,2025-10-07,1094
7846284917531,2025-10-08,1094
7846284917531,2025-10-09,1094
7846284917531,2025-10-10,1094
7846284917531,2025-10-11,1094
7846284917531,2025-10-12,1094
7846284917531,2025-10-13,1269
7846284917531,2025-10-14,1269
7846284917531,2025-10-15,1269
7846284917531,2025-10-16,1269
7846284917531,2025-10-17,1269
7846284917531,2025-10-18,1269
7846284917531,2025-10-19,1269
7846284917531,2025-10-20,1269
7846284917531,2025-10-21,1269
7846284917531,2025-10-22,1269
7846284917531,2025-10-23,1229
7846284917531,2025-10-24,1229
7846284917531,2025-10-25,1229
7846284917531,2025-10-26,1229
7846284917531,2025-10-27,1229
7846284917531,2025-10-28,1229
7846284917531,2025-10-29,1229
7846284917531,2025-10-30,1229
7846284917531,2025-10-31,1177
7846284917531,2025-11-01,1177
7846284917531,2025-11-02,1177
7846284917531,2025-11-03,1177
7846284917531,2025-11-04,1177
7846284917531,2025-11-05,1177
7846284917531,2025-11-06,1177
7846284917531,2025-11-07,1177
7846284917531,2025-11-08,1177
7846284917531,2025-11-09,1139
7846284917531,2025-11-10,1139
7846284917531,2025-11-11,1139
7846284917531,2025-11-12,1139
7846284917531,2025-11-13,1300
7846284917531,2025-11-14,1300
7846284917531,2025-11-15,1300
7846284917531,2025-11-16,1300
7846284917531,2025-11-17,1300
7846284917531,2025-11-18,1258
7846284917531,2025-11-19,1258
7846284917531,2025-11-20,1258
7846284917531,2025-11-21,1258
7846284917531,2025-11-22,1258
7846284917531,2025-11-23,1258
7846284917531,2025-11-24,1258
7846284917531,2025-11-25,1258
7846284917531,2025-11-26,1258
7846284917531,2025-11-27,1220
7846284917531,2025-11-28,1220
7846284917531,2025-11-29,1220
7846284917531,2025-11-30,1220
7846284917531,2025-12-01,1220
7846284917531,2025-12-02,1220
7846284917531,2025-12-03,1220
7846284917531,2025-12-04,1220
7846284917531,2025-12-05,1220
7846284917531,2025-12-06,1220
7846284917531,2025-12-07,1174
7846284917531,2025-12-08,1174
7846284917531,2025-12-09,1174
7846284917531,2025-12-10,1174
7846284917531,2025-12-11,1174
7846284917531,2025-12-12,1174
7846284917531,2025-12-13,1174
7846284917531,2025-12-14,1174
7846284917531,2025-12-15,1174
7846284917531,2025-12-16,1333
7846284917531,2025-12-17,1287
7846284917531,2025-12-18,1287
7846284917531,2025-12-19,1287
7846284917531,2025-12-20,1287
7846284917531,2025-12-21,1287
7846284917531,2025-12-22,1246
7846284917531,2025-12-23,1246
7846284917531,2025-12-24,1246
7846284917531,2025-12-25,1246
7846284917531,2025-12-26,1246
7846284917531,2025-12-27,1246
7846284917531,2025-12-28,1246
7846284917531,2025-12-29,1203
7846284917531,2025-12-30,1203
7846284917531,2025-12-31,1203
7846284917531,2026-01-01,1203
7846284917531,2026-01-02,1203
7846284917531,2026-01-03,1203
7846284917531,2026-01-04,1203
7846284917531,2026-01-05,1203
7846284917531,2026-01-06,1148
7846284917531,2026-01-07,1148
7846284917531,2026-01-08,1148
7846284917531,2026-01-09,1148
7846284917531,2026-01-10,1148
7846284917531,2026-01-11,1148
7846284917531,2026-01-12,1148
7846284917531,2026-01-13,1103
7846284917531,2026-01-14,1103
7846284917531,2026-01-15,1103
7846284917531,2026-01-16,1103
7846284917531,2026-01-17,1103
7846284917531,2026-01-18,1103
7846284917531,2026-01-19,1058
7846284917531,2026-01-20,1058
7846284917531,2026-01-21,1058
7846284917531,2026-01-22,1058
7846284917531,2026-01-23,1058
7846284917531,2026-01-24,1018
7846284917531,2026-01-25,1373
7846284917531,2026-01-26,1373
7846284917531,2026-01-27,1373
7846284917531,2026-01-28,1373
7846284917531,2026-01-29,1373
7846284917531,2026-01-30,1373
7846284917531,2026-01-31,1373
7846284917531,2026-02-01,1373
7846284917531,2026-02-02,1334
7846284917531,2026-02-03,1334
7846284917531,2026-02-04,1334
7846284917531,2026-02-05,1334
7846284917531,2026-02-06,1334
7846284917531,2026-02-07,1334
7846284917531,2026-02-08,1334
7846284917531,2026-02-09,1334
7846284917531,2026-02-10,1288
7846284917531,2026-02-11,1288
7846284917531,2026-02-12,1288
7846284917531,2026-02-13,1288
7846284917531,2026-02-14,1288
7846284917531,2026-02-15,1288
7846284917531,2026-02-16,1288
7846284917531,2026-02-17,1288
7846284917531,2026-02-18,1243
7846284917531,2026-02-19,1243
7846284917531,2026-02-20,1243
7846284917531,2026-02-21,1243
7846284917531,2026-02-22,1243
7846284917531,2026-02-23,1243
7846284917531,2026-02-24,1404
7846284917531,2026-02-25,1404
7846284917531,2026-02-26,1360
7846284917531,2026-02-27,1360
7846284917531,2026-02-28,1360
7846284917531,2026-03-01,1360
7846284917531,2026-03-02,1360
7846284917531,2026-03-03,1360
7846284917531,2026-03-04,1360
7846284917531,2026-03-05,1316
7846284917531,2026-03-06,1316
7846284917531,2026-03-07,1316
7846284917531,2026-03-08,1316
7846284917531,2026-03-09,1316
7846284917531,2026-03-10,1270
7846284917531,2026-03-11,1270
7846284917531,2026-03-12,1270
7846284917531,2026-03-13,1270
7846284917531,2026-03-14,1270
7846284917531,2026-03-15,1270
7846284917531,2026-03-16,1270
7846284917531,2026-03-17,1270
7846284917531,2026-03-18,1270
7846284917531,2026-03-19,1222
7846284917531,2026-03-20,1222
7846284917531,2026-03-21,1222
7846284917531,2026-03-22,1430
7846284917531,2026-03-23,1430
7846284917531,2026-03-24,1430
7846284917531,2026-03-25,1430
7846284917531,2026-03-26,1430
7846284917531,2026-03-27,1430
7846284917531,2026-03-28,1430
7846284917531,2026-03-29,1381
7846284917531,2026-03-30,1381
7846284917531,2026-03-31,1381
7846284917531,2026-04-01,1381
7846284917531,2026-04-02,1381
7846284917531,2026-04-03,1381
7846284917531,2026-04-04,1381
7846284917531,2026-04-05,1335
7846284917531,2026-04-06,1335
7846284917531,2026-04-07,1335
7846284917531,2026-04-08,1335
7846284917531,2026-04-09,1335
7846284917531,2026-04-10,1335
7846284917531,2026-04-11,1335
7846284917531,2026-04-12,1335
7846284917531,2026-04-13,1335
7846284917531,2026-04-14,1288
7846284917531,2026-04-15,1288
7846284917531,2026-04-16,1455
7846284917531,2026-04-17,1455
7846284917531,2026-04-18,1455
7846284917531,2026-04-19,1455
7846284917531,2026-04-20,1455
7846284917531,2026-04-21,1455
7846284917531,2026-04-22,1455
7846284917531,2026-04-23,1455
7846284917531,2026-04-24,1414
7846284917531,2026-04-25,1414
7846284917531,2026-04-26,1414
7846284917531,2026-04-27,1414
7846284917531,2026-04-28,1414
7846284917531,2026-04-29,1414
7846284917531,2026-04-30,1414
7846284917531,2026-05-01,1414
7846284917531,2026-05-02,1414
7846284917531,2026-05-03,1365
7846284917531,2026-05-04,1365
7846284917531,2026-05-05,1365
7846284917531,2026-05-06,1365
7846284917531,2026-05-07,1365
7846284917531,2026-05-08,1477
7846284917531,2026-05-09,1424
7846284917531,2026-05-10,1424
7846284917531,2026-05-11,1424
7846284917531,2026-05-12,1424
7846284917531,2026-05-13,1424
7846284917531,2026-05-14,1373
7846284917531,2026-05-15,1373
7846284917531,2026-05-16,1373
7846284917531,2026-05-17,1373
7846284917531,2026-05-18,1373
7846284917531,2026-05-19,1373
7846284917531,2026-05-20,1373
7846284917531,2026-05-21,1317
7846284917531,2026-05-22,1317
7846284917531,2026-05-23,1317
7846284917531,2026-05-24,1317
7846284917531,2026-05-25,1317
7846284917531,2026-05-26,1317
7846284917531,2026-05-27,1317
7846284917531,2026-05-28,1269
7846284917531,2026-05-29,1269
7846284917531,2026-05-30,1269
7846284917531,2026-05-31,1269
7846284917531,2026-06-01,1269
7846284917531,2026-06-02,1269
7846284917531,2026-06-03,1269
7846284917531,2026-06-04,1269
7846284917531,2026-06-05,1269
7846284917531,2026-06-06,1215
7846284917531,2026-06-07,1215
7846284917531,2026-06-08,1215
7846284917531,2026-06-09,1215
7846284917531,2026-06-10,1215
7846284917531,2026-06-11,1511
7846284917531,2026-06-12,1511
7846284917531,2026-06-13,1511
7846284917531,2026-06-14,1511
7846284917531,2026-06-15,1461
7846284917531,2026-06-16,1461
7846284917531,2026-06-17,1461
7846284917531,2026-06-18,1461
7846284917531,2026-06-19,1461
7846284917531,2026-06-20,1417
7846284917531,2026-06-21,1417
7846284917531,2026-06-22,1417
7846284917531,2026-06-23,1417
7846284917531,2026-06-24,1417
7846284917531,2026-06-25,1417
7846284917531,2026-06-26,1417
7846284917531,2026-06-27,1417
7846284917531,2026-06-28,1367
7846284917531,2026-06-29,1367
7846284917531,2026-06-30,1367
7846284917531,2026-07-01,1531
7843928571646,2024-01-01,422
7843928571646,2024-01-02,422
7843928571646,2024-01-03,422
7843928571646,2024-01-04,422
7843928571646,2024-01-05,415
7843928571646,2024-01-06,415
7843928571646,2024-01-07,408
7843928571646,2024-01-08,408
7843928571646,2024-01-09,406
7843928571646,2024-01-10,406
7843928571646,2024-01-11,403
7843928571646,2024-01-12,403
7843928571646,2024-01-13,398
7843928571646,2024-01-14,394
7843928571646,2024-01-15,394
7843928571646,2024-01-16,386
7843928571646,2024-01-17,386
7843928571646,2024-01-18,382
7843928571646,2024-01-19,381
7843928571646,2024-01-20,375
7843928571646,2024-01-21,375
7843928571646,2024-01-22,370
7843928571646,2024-01-23,370
7843928571646,2024-01-24,369
7843928571646,2024-01-25,369
7843928571646,2024-01-26,366
7843928571646,2024-01-27,366
7843928571646,2024-01-28,359
7843928571646,2024-01-29,359
7843928571646,2024-01-30,359
7843928571646,2024-01-31,357
7843928571646,2024-02-01,350
7843928571646,2024-02-02,350
7843928571646,2024-02-03,346
7843928571646,2024-02-04,346
7843928571646,2024-02-05,344
7843928571646,2024-02-06,339
7843928571646,2024-02-07,336
7843928571646,2024-02-08,333
7843928571646,2024-02-09,331
7843928571646,2024-02-10,331
7843928571646,2024-02-11,330
7843928571646,2024-02-12,326
7843928571646,2024-02-13,326
7843928571646,2024-02-14,326
7843928571646,2024-02-15,319
7843928571646,2024-02-16,319
7843928571646,2024-02-17,319
7843928571646,2024-02-18,319
7843928571646,2024-02-19,319
7843928571646,2024-02-20,317
7843928571646,2024-02-21,317
7843928571646,2024-02-22,314
7843928571646,2024-02-23,313
7843928571646,2024-02-24,313
7843928571646,2024-02-25,312
7843928571646,2024-02-26,312
7843928571646,2024-02-27,311
7843928571646,2024-02-28,311
7843928571646,2024-02-29,310
7843928571646,2024-03-01,304
7843928571646,2024-03-02,297
7843928571646,2024-03-03,297
7843928571646,2024-03-04,296
7843928571646,2024-03-05,296
7843928571646,2024-03-06,291
7843928571646,2024-03-07,291
7843928571646,2024-03-08,291
7843928571646,2024-03-09,291
7843928571646,2024-03-10,291
7843928571646,2024-03-11,288
7843928571646,2024-03-12,286
7843928571646,2024-03-13,283
7843928571646,2024-03-14,283
7843928571646,2024-03-15,283
7843928571646,2024-03-16,281
7843928571646,2024-03-17,276
7843928571646,2024-03-18,272
7843928571646,2024-03-19,272
7843928571646,2024-03-20,270
7843928571646,2024-03-21,270
7843928571646,2024-03-22,266
7843928571646,2024-03-23,266
7843928571646,2024-03-24,265
7843928571646,2024-03-25,265
7843928571646,2024-03-26,263
7843928571646,2024-03-27,259
7843928571646,2024-03-28,259
7843928571646,2024-03-29,254
7843928571646,2024-03-30,252
7843928571646,2024-03-31,246
7843928571646,2024-04-01,244
7843928571646,2024-04-02,244
7843928571646,2024-04-03,237
7843928571646,2024-04-04,237
7843928571646,2024-04-05,237
7843928571646,2024-04-06,233
7843928571646,2024-04-07,233
7843928571646,2024-04-08,233
7843928571646,2024-04-09,229
7843928571646,2024-04-10,220
7843928571646,2024-04-11,220
7843928571646,2024-04-12,220
7843928571646,2024-04-13,218
7843928571646,2024-04-14,218
7843928571646,2024-04-15,210
7843928571646,2024-04-16,209
7843928571646,2024-04-17,209
7843928571646,2024-04-18,207
7843928571646,2024-04-19,207
7843928571646,2024-04-20,202
7843928571646,2024-04-21,196
7843928571646,2024-04-22,196
7843928571646,2024-04-23,194
7843928571646,2024-04-24,194
7843928571646,2024-04-25,199
7843928571646,2024-04-26,194
7843928571646,2024-04-27,194
7843928571646,2024-04-28,191
7843928571646,2024-04-29,188
7843928571646,2024-04-30,187
7843928571646,2024-05-01,200
7843928571646,2024-05-02,194
7843928571646,2024-05-03,194
7843928571646,2024-05-04,187
7843928571646,2024-05-05,185
7843928571646,2024-05-06,185
7843928571646,2024-05-07,181
7843928571646,2024-05-08,178
7843928571646,2024-05-09,202
7843928571646,2024-05-10,197
7843928571646,2024-05-11,191
7843928571646,2024-05-12,185
7843928571646,2024-05-13,185
7843928571646,2024-05-14,181
7843928571646,2024-05-15,177
7843928571646,2024-05-16,204
7843928571646,2024-05-17,203
7843928571646,2024-05-18,199
7843928571646,2024-05-19,197
7843928571646,2024-05-20,194
7843928571646,2024-05-21,194
7843928571646,2024-05-22,206
7843928571646,2024-05-23,206
7843928571646,2024-05-24,204
7843928571646,2024-05-25,204
7843928571646,2024-05-26,204
7843928571646,2024-05-27,204
7843928571646,2024-05-28,208
7843928571646,2024-05-29,208
7843928571646,2024-05-30,206
7843928571646,2024-05-31,206
7843928571646,2024-06-01,206
7843928571646,2024-06-02,205
7843928571646,2024-06-03,209
7843928571646,2024-06-04,209
7843928571646,2024-06-05,204
7843928571646,2024-06-06,198
7843928571646,2024-06-07,198
7843928571646,2024-06-08,211
7843928571646,2024-06-09,211
7843928571646,2024-06-10,207
7843928571646,2024-06-11,201
7843928571646,2024-06-12,199
7843928571646,2024-06-13,199
7843928571646,2024-06-14,191
7843928571646,2024-06-15,213
7843928571646,2024-06-16,209
7843928571646,2024-06-17,204
7843928571646,2024-06-18,201
7843928571646,2024-06-19,201
7843928571646,2024-06-20,201
7843928571646,2024-06-21,201
7843928571646,2024-06-22,214
7843928571646,2024-06-23,214
7843928571646,2024-06-24,211
7843928571646,2024-06-25,211
7843928571646,2024-06-26,205
7843928571646,2024-06-27,201
7843928571646,2024-06-28,201
7843928571646,2024-06-29,216
7843928571646,2024-06-30,216
7843928571646,2024-07-01,209
7843928571646,2024-07-02,209
7843928571646,2024-07-03,206
7843928571646,2024-07-04,218
7843928571646,2024-07-05,218
7843928571646,2024-07-06,212
7843928571646,2024-07-07,212
7843928571646,2024-07-08,212
7843928571646,2024-07-09,219
7843928571646,2024-07-10,217
7843928571646,2024-07-11,212
7843928571646,2024-07-12,212
7843928571646,2024-07-13,205
7843928571646,2024-07-14,221
7843928571646,2024-07-15,217
7843928571646,2024-07-16,217
7843928571646,2024-07-17,214
7843928571646,2024-07-18,203
7843928571646,2024-07-19,196
7843928571646,2024-07-20,196
7843928571646,2024-07-21,222
7843928571646,2024-07-22,222
7843928571646,2024-07-23,217
7843928571646,2024-07-24,215
7843928571646,2024-07-25,215
7843928571646,2024-07-26,215
7843928571646,2024-07-27,215
7843928571646,2024-07-28,211
7843928571646,2024-07-29,225
7843928571646,2024-07-30,218
7843928571646,2024-07-31,218
7843928571646,2024-08-01,215
7843928571646,2024-08-02,207
7843928571646,2024-08-03,207
7843928571646,2024-08-04,226
7843928571646,2024-08-05,226
7843928571646,2024-08-06,223
7843928571646,2024-08-07,220
7843928571646,2024-08-08,220
7843928571646,2024-08-09,218
7843928571646,2024-08-10,228
7843928571646,2024-08-11,221
7843928571646,2024-08-12,221
7843928571646,2024-08-13,221
7843928571646,2024-08-14,221
7843928571646,2024-08-15,215
7843928571646,2024-08-16,215
7843928571646,2024-08-17,213
7843928571646,2024-08-18,213
7843928571646,2024-08-19,230
7843928571646,2024-08-20,225
7843928571646,2024-08-21,225
7843928571646,2024-08-22,214
7843928571646,2024-08-23,214
7843928571646,2024-08-24,212
7843928571646,2024-08-25,212
7843928571646,2024-08-26,210
7843928571646,2024-08-27,208
7843928571646,2024-08-28,233
7843928571646,2024-08-29,225
7843928571646,2024-08-30,225
7843928571646,2024-08-31,225
7843928571646,2024-09-01,220
7843928571646,2024-09-02,215
7843928571646,2024-09-03,208
7843928571646,2024-09-04,208
7843928571646,2024-09-05,235
7843928571646,2024-09-06,235
7843928571646,2024-09-07,229
7843928571646,2024-09-08,219
7843928571646,2024-09-09,219
7843928571646,2024-09-10,213
7843928571646,2024-09-11,237
7843928571646,2024-09-12,237
7843928571646,2024-09-13,233
7843928571646,2024-09-14,226
7843928571646,2024-09-15,226
7843928571646,2024-09-16,221
7843928571646,2024-09-17,221
7843928571646,2024-09-18,239
7843928571646,2024-09-19,239
7843928571646,2024-09-20,237
7843928571646,2024-09-21,235
7843928571646,2024-09-22,235
7843928571646,2024-09-23,229
7843928571646,2024-09-24,221
7843928571646,2024-09-25,216
7843928571646,2024-09-26,241
7843928571646,2024-09-27,233
7843928571646,2024-09-28,225
7843928571646,2024-09-29,217
7843928571646,2024-09-30,212
7843928571646,2024-10-01,198
7843928571646,2024-10-02,242
7843928571646,2024-10-03,235
7843928571646,2024-10-04,226
7843928571646,2024-10-05,226
7843928571646,2024-10-06,222
7843928571646,2024-10-07,222
7843928571646,2024-10-08,215
7843928571646,2024-10-09,215
7843928571646,2024-10-10,212
7843928571646,2024-10-11,245
7843928571646,2024-10-12,241
7843928571646,2024-10-13,234
7843928571646,2024-10-14,234
7843928571646,2024-10-15,227
7843928571646,2024-10-16,226
7843928571646,2024-10-17,226
7843928571646,2024-10-18,215
7843928571646,2024-10-19,247
7843928571646,2024-10-20,240
7843928571646,2024-10-21,233
7843928571646,2024-10-22,221
7843928571646,2024-10-23,210
7843928571646,2024-10-24,210
7843928571646,2024-10-25,205
7843928571646,2024-10-26,200
7843928571646,2024-10-27,249
7843928571646,2024-10-28,242
7843928571646,2024-10-29,240
7843928571646,2024-10-30,235
7843928571646,2024-10-31,227
7843928571646,2024-11-01,223
7843928571646,2024-11-02,251
7843928571646,2024-11-03,242
7843928571646,2024-11-04,239
7843928571646,2024-11-05,239
7843928571646,2024-11-06,230
7843928571646,2024-11-07,225
7843928571646,2024-11-08,221
7843928571646,2024-11-09,221
7843928571646,2024-11-10,253
7843928571646,2024-11-11,250
7843928571646,2024-11-12,250
7843928571646,2024-11-13,245
7843928571646,2024-11-14,240
7843928571646,2024-11-15,240
7843928571646,2024-11-16,236
7843928571646,2024-11-17,236
7843928571646,2024-11-18,231
7843928571646,2024-11-19,256
7843928571646,2024-11-20,252
7843928571646,2024-11-21,250
7843928571646,2024-11-22,250
7843928571646,2024-11-23,250
7843928571646,2024-11-24,250
7843928571646,2024-11-25,248
7843928571646,2024-11-26,258
7843928571646,2024-11-27,253
7843928571646,2024-11-28,253
7843928571646,2024-11-29,248
7843928571646,2024-11-30,248
7843928571646,2024-12-01,243
7843928571646,2024-12-02,259
7843928571646,2024-12-03,259
7843928571646,2024-12-04,254
7843928571646,2024-12-05,254
7843928571646,2024-12-06,252
7843928571646,2024-12-07,252
7843928571646,2024-12-08,261
7843928571646,2024-12-09,261
7843928571646,2024-12-10,256
7843928571646,2024-12-11,256
7843928571646,2024-12-12,253
7843928571646,2024-12-13,253
7843928571646,2024-12-14,249
7843928571646,2024-12-15,240
7843928571646,2024-12-16,263
7843928571646,2024-12-17,263
7843928571646,2024-12-18,258
7843928571646,2024-12-19,258
7843928571646,2024-12-20,250
7843928571646,2024-12-21,248
7843928571646,2024-12-22,248
7843928571646,2024-12-23,246
7843928571646,2024-12-24,246
7843928571646,2024-12-25,265
7843928571646,2024-12-26,260
7843928571646,2024-12-27,260
7843928571646,2024-12-28,260
7843928571646,2024-12-29,252
7843928571646,2024-12-30,250
7843928571646,2024-12-31,242
7843928571646,2025-01-01,242
7843928571646,2025-01-02,241
7843928571646,2025-01-03,268
7843928571646,2025-01-04,259
7843928571646,2025-01-05,259
7843928571646,2025-01-06,250
7843928571646,2025-01-07,250
7843928571646,2025-01-08,243
7843928571646,2025-01-09,270
7843928571646,2025-01-10,267
7843928571646,2025-01-11,267
7843928571646,2025-01-12,264
7843928571646,2025-01-13,258
7843928571646,2025-01-14,252
7843928571646,2025-01-15,248
7843928571646,2025-01-16,272
7843928571646,2025-01-17,263
7843928571646,2025-01-18,263
7843928571646,2025-01-19,263
7843928571646,2025-01-20,263
7843928571646,2025-01-21,259
7843928571646,2025-01-22,273
7843928571646,2025-01-23,273
7843928571646,2025-01-24,268
7843928571646,2025-01-25,268
7843928571646,2025-01-26,267
7843928571646,2025-01-27,258
7843928571646,2025-01-28,257
7843928571646,2025-01-29,250
7843928571646,2025-01-30,275
7843928571646,2025-01-31,266
7843928571646,2025-02-01,266
7843928571646,2025-02-02,265
7843928571646,2025-02-03,265
7843928571646,2025-02-04,277
7843928571646,2025-02-05,274
7843928571646,2025-02-06,269
7843928571646,2025-02-07,264
7843928571646,2025-02-08,264
7843928571646,2025-02-09,260
7843928571646,2025-02-10,260
7843928571646,2025-02-11,256
7843928571646,2025-02-12,279
7843928571646,2025-02-13,268
7843928571646,2025-02-14,262
7843928571646,2025-02-15,262
7843928571646,2025-02-16,259
7843928571646,2025-02-17,259
7843928571646,2025-02-18,256
7843928571646,2025-02-19,256
7843928571646,2025-02-20,281
7843928571646,2025-02-21,275
7843928571646,2025-02-22,275
7843928571646,2025-02-23,269
7843928571646,2025-02-24,261
7843928571646,2025-02-25,250
7843928571646,2025-02-26,246
7843928571646,2025-02-27,241
7843928571646,2025-02-28,241
7843928571646,2025-03-01,284
7843928571646,2025-03-02,284
7843928571646,2025-03-03,278
7843928571646,2025-03-04,278
7843928571646,2025-03-05,268
7843928571646,2025-03-06,268
7843928571646,2025-03-07,265
7843928571646,2025-03-08,286
7843928571646,2025-03-09,286
7843928571646,2025-03-10,286
7843928571646,2025-03-11,280
7843928571646,2025-03-12,280
7843928571646,2025-03-13,276
7843928571646,2025-03-14,276
7843928571646,2025-03-15,287
7843928571646,2025-03-16,287
7843928571646,2025-03-17,279
7843928571646,2025-03-18,279
7843928571646,2025-03-19,273
7843928571646,2025-03-20,289
7843928571646,2025-03-21,282
7843928571646,2025-03-22,282
7843928571646,2025-03-23,276
7843928571646,2025-03-24,276
7843928571646,2025-03-25,275
7843928571646,2025-03-26,270
7843928571646,2025-03-27,291
7843928571646,2025-03-28,287
7843928571646,2025-03-29,287
7843928571646,2025-03-30,278
7843928571646,2025-03-31,278
7843928571646,2025-04-01,292
7843928571646,2025-04-02,292
7843928571646,2025-04-03,284
7843928571646,2025-04-04,284
7843928571646,2025-04-05,274
7843928571646,2025-04-06,274
7843928571646,2025-04-07,266
7843928571646,2025-04-08,294
7843928571646,2025-04-09,284
7843928571646,2025-04-10,273
7843928571646,2025-04-11,273
7843928571646,2025-04-12,273
7843928571646,2025-04-13,295
7843928571646,2025-04-14,288
7843928571646,2025-04-15,288
7843928571646,2025-04-16,287
7843928571646,2025-04-17,281
7843928571646,2025-04-18,278
7843928571646,2025-04-19,278
7843928571646,2025-04-20,269
7843928571646,2025-04-21,269
7843928571646,2025-04-22,298
7843928571646,2025-04-23,298
7843928571646,2025-04-24,288
7843928571646,2025-04-25,288
7843928571646,2025-04-26,283
7843928571646,2025-04-27,274
7843928571646,2025-04-28,300
7843928571646,2025-04-29,289
7843928571646,2025-04-30,278
7843928571646,2025-05-01,278
7843928571646,2025-05-02,271
7843928571646,2025-05-03,301
7843928571646,2025-05-04,290
7843928571646,2025-05-05,290
7843928571646,2025-05-06,287
7843928571646,2025-05-07,287
7843928571646,2025-05-08,285
7843928571646,2025-05-09,285
7843928571646,2025-05-10,274
7843928571646,2025-05-11,274
7843928571646,2025-05-12,303
7843928571646,2025-05-13,297
7843928571646,2025-05-14,297
7843928571646,2025-05-15,289
7843928571646,2025-05-16,282
7843928571646,2025-05-17,282
7843928571646,2025-05-18,272
7843928571646,2025-05-19,305
7843928571646,2025-05-20,305
7843928571646,2025-05-21,292
7843928571646,2025-05-22,292
7843928571646,2025-05-23,285
7843928571646,2025-05-24,285
7843928571646,2025-05-25,307
7843928571646,2025-05-26,307
7843928571646,2025-05-27,300
7843928571646,2025-05-28,300
7843928571646,2025-05-29,293
7843928571646,2025-05-30,293
7843928571646,2025-05-31,291
7843928571646,2025-06-01,291
7843928571646,2025-06-02,290
7843928571646,2025-06-03,309
7843928571646,2025-06-04,305
7843928571646,2025-06-05,305
7843928571646,2025-06-06,293
7843928571646,2025-06-07,293
7843928571646,2025-06-08,286
7843928571646,2025-06-09,311
7843928571646,2025-06-10,307
7843928571646,2025-06-11,305
7843928571646,2025-06-12,295
7843928571646,2025-06-13,289
7843928571646,2025-06-14,289
7843928571646,2025-06-15,313
7843928571646,2025-06-16,307
7843928571646,2025-06-17,299
7843928571646,2025-06-18,294
7843928571646,2025-06-19,290
7843928571646,2025-06-20,290
7843928571646,2025-06-21,284
7843928571646,2025-06-22,284
7843928571646,2025-06-23,315
7843928571646,2025-06-24,315
7843928571646,2025-06-25,305
7843928571646,2025-06-26,305
7843928571646,2025-06-27,297
7843928571646,2025-06-28,297
7843928571646,2025-06-29,290
7843928571646,2025-06-30,286
7843928571646,2025-07-01,286
7843928571646,2025-07-02,317
7843928571646,2025-07-03,306
7843928571646,2025-07-04,299
7843928571646,2025-07-05,299
7843928571646,2025-07-06,291
7843928571646,2025-07-07,291
7843928571646,2025-07-08,319
7843928571646,2025-07-09,319
7843928571646,2025-07-10,314
7843928571646,2025-07-11,308
7843928571646,2025-07-12,298
7843928571646,2025-07-13,320
7843928571646,2025-07-14,313
7843928571646,2025-07-15,313
7843928571646,2025-07-16,307
7843928571646,2025-07-17,305
7843928571646,2025-07-18,305
7843928571646,2025-07-19,301
7843928571646,2025-07-20,292
7843928571646,2025-07-21,283
7843928571646,2025-07-22,323
7843928571646,2025-07-23,323
7843928571646,2025-07-24,314
7843928571646,2025-07-25,303
7843928571646,2025-07-26,303
7843928571646,2025-07-27,291
7843928571646,2025-07-28,281
7843928571646,2025-07-29,281
7843928571646,2025-07-30,325
7843928571646,2025-07-31,318
7843928571646,2025-08-01,318
7843928571646,2025-08-02,309
7843928571646,2025-08-03,309
7843928571646,2025-08-04,305
7843928571646,2025-08-05,291
7843928571646,2025-08-06,286
7843928571646,2025-08-07,327
7843928571646,2025-08-08,327
7843928571646,2025-08-09,319
7843928571646,2025-08-10,319
7843928571646,2025-08-11,317
7843928571646,2025-08-12,329
7843928571646,2025-08-13,321
7843928571646,2025-08-14,309
7843928571646,2025-08-15,303
7843928571646,2025-08-16,303
7843928571646,2025-08-17,301
7843928571646,2025-08-18,330
7843928571646,2025-08-19,319
7843928571646,2025-08-20,319
7843928571646,2025-08-21,315
7843928571646,2025-08-22,309
7843928571646,2025-08-23,309
7843928571646,2025-08-24,305
7843928571646,2025-08-25,332
7843928571646,2025-08-26,326
7843928571646,2025-08-27,326
7843928571646,2025-08-28,316
7843928571646,2025-08-29,316
7843928571646,2025-08-30,311
7843928571646,2025-08-31,303
7843928571646,2025-09-01,293
7843928571646,2025-09-02,293
7843928571646,2025-09-03,335
7843928571646,2025-09-04,330
7843928571646,2025-09-05,324
7843928571646,2025-09-06,324
7843928571646,2025-09-07,323
7843928571646,2025-09-08,323
7843928571646,2025-09-09,309
7843928571646,2025-09-10,337
7843928571646,2025-09-11,337
7843928571646,2025-09-12,327
7843928571646,2025-09-13,327
7843928571646,2025-09-14,322
7843928571646,2025-09-15,312
7843928571646,2025-09-16,306
7843928571646,2025-09-17,301
7843928571646,2025-09-18,297
7843928571646,2025-09-19,339
7843928571646,2025-09-20,326
7843928571646,2025-09-21,317
7843928571646,2025-09-22,307
7843928571646,2025-09-23,307
7843928571646,2025-09-24,296
7843928571646,2025-09-25,290
7843928571646,2025-09-26,282
7843928571646,2025-09-27,282
7843928571646,2025-09-28,341
7843928571646,2025-09-29,333
7843928571646,2025-09-30,327
7843928571646,2025-10-01,327
7843928571646,2025-10-02,319
7843928571646,2025-10-03,343
7843928571646,2025-10-04,336
7843928571646,2025-10-05,336
7843928571646,2025-10-06,325
7843928571646,2025-10-07,325
7843928571646,2025-10-08,319
7843928571646,2025-10-09,345
7843928571646,2025-10-10,332
7843928571646,2025-10-11,328
7843928571646,2025-10-12,328
7843928571646,2025-10-13,317
7843928571646,2025-10-14,317
7843928571646,2025-10-15,308
7843928571646,2025-10-16,308
7843928571646,2025-10-17,297
7843928571646,2025-10-18,347
7843928571646,2025-10-19,341
7843928571646,2025-10-20,341
7843928571646,2025-10-21,330
7843928571646,2025-10-22,330
7843928571646,2025-10-23,322
7843928571646,2025-10-24,313
7843928571646,2025-10-25,349
7843928571646,2025-10-26,339
7843928571646,2025-10-27,339
7843928571646,2025-10-28,331
7843928571646,2025-10-29,324
7843928571646,2025-10-30,320
7843928571646,2025-10-31,313
7843928571646,2025-11-01,351
7843928571646,2025-11-02,343
7843928571646,2025-11-03,332
7843928571646,2025-11-04,321
7843928571646,2025-11-05,321
7843928571646,2025-11-06,313
7843928571646,2025-11-07,313
7843928571646,2025-11-08,353
7843928571646,2025-11-09,346
7843928571646,2025-11-10,333
7843928571646,2025-11-11,326
7843928571646,2025-11-12,325
7843928571646,2025-11-13,312
7843928571646,2025-11-14,354
7843928571646,2025-11-15,344
7843928571646,2025-11-16,341
7843928571646,2025-11-17,336
7843928571646,2025-11-18,336
7843928571646,2025-11-19,329
7843928571646,2025-11-20,329
7843928571646,2025-11-21,327
7843928571646,2025-11-22,357
7843928571646,2025-11-23,347
7843928571646,2025-11-24,347
7843928571646,2025-11-25,343
7843928571646,2025-11-26,343
7843928571646,2025-11-27,337
7843928571646,2025-11-28,337
7843928571646,2025-11-29,359
7843928571646,2025-11-30,359
7843928571646,2025-12-01,343
7843928571646,2025-12-02,343
7843928571646,2025-12-03,339
7843928571646,2025-12-04,360
7843928571646,2025-12-05,351
7843928571646,2025-12-06,344
7843928571646,2025-12-07,338
7843928571646,2025-12-08,338
7843928571646,2025-12-09,332
7843928571646,2025-12-10,322
7843928571646,2025-12-11,362
7843928571646,2025-12-12,356
7843928571646,2025-12-13,356
7843928571646,2025-12-14,348
7843928571646,2025-12-15,341
7843928571646,2025-12-16,341
7843928571646,2025-12-17,332
7843928571646,2025-12-18,364
7843928571646,2025-12-19,357
7843928571646,2025-12-20,357
7843928571646,2025-12-21,349
7843928571646,2025-12-22,349
7843928571646,2025-12-23,347
7843928571646,2025-12-24,365
7843928571646,2025-12-25,357
7843928571646,2025-12-26,357
7843928571646,2025-12-27,346
7843928571646,2025-12-28,342
7843928571646,2025-12-29,342
7843928571646,2025-12-30,367
7843928571646,2025-12-31,361
7843928571646,2026-01-01,361
7843928571646,2026-01-02,351
7843928571646,2026-01-03,344
7843928571646,2026-01-04,344
7843928571646,2026-01-05,330
7843928571646,2026-01-06,330
7843928571646,2026-01-07,325
7843928571646,2026-01-08,369
7843928571646,2026-01-09,357
7843928571646,2026-01-10,357
7843928571646,2026-01-11,353
7843928571646,2026-01-12,353
7843928571646,2026-01-13,346
7843928571646,2026-01-14,346
7843928571646,2026-01-15,338
7843928571646,2026-01-16,336
7843928571646,2026-01-17,372
7843928571646,2026-01-18,366
7843928571646,2026-01-19,356
7843928571646,2026-01-20,343
7843928571646,2026-01-21,343
7843928571646,2026-01-22,373
7843928571646,2026-01-23,363
7843928571646,2026-01-24,363
7843928571646,2026-01-25,355
7843928571646,2026-01-26,355
7843928571646,2026-01-27,348
7843928571646,2026-01-28,342
7843928571646,2026-01-29,375
7843928571646,2026-01-30,365
7843928571646,2026-01-31,365
7843928571646,2026-02-01,353
7843928571646,2026-02-02,353
7843928571646,2026-02-03,334
7843928571646,2026-02-04,324
7843928571646,2026-02-05,324
7843928571646,2026-02-06,316
7843928571646,2026-02-07,378
7843928571646,2026-02-08,368
7843928571646,2026-02-09,368
7843928571646,2026-02-10,362
7843928571646,2026-02-11,357
7843928571646,2026-02-12,379
7843928571646,2026-02-13,372
7843928571646,2026-02-14,365
7843928571646,2026-02-15,365
7843928571646,2026-02-16,357
7843928571646,2026-02-17,357
7843928571646,2026-02-18,381
7843928571646,2026-02-19,381
7843928571646,2026-02-20,371
7843928571646,2026-02-21,371
7843928571646,2026-02-22,363
7843928571646,2026-02-23,354
7843928571646,2026-02-24,354
7843928571646,2026-02-25,345
7843928571646,2026-02-26,383
7843928571646,2026-02-27,381
7843928571646,2026-02-28,368
7843928571646,2026-03-01,355
7843928571646,2026-03-02,350
7843928571646,2026-03-03,350
7843928571646,2026-03-04,385
7843928571646,2026-03-05,374
7843928571646,2026-03-06,374
7843928571646,2026-03-07,366
7843928571646,2026-03-08,366
7843928571646,2026-03-09,386
7843928571646,2026-03-10,386
7843928571646,2026-03-11,379
7843928571646,2026-03-12,365
7843928571646,2026-03-13,353
7843928571646,2026-03-14,353
7843928571646,2026-03-15,342
7843928571646,2026-03-16,388
7843928571646,2026-03-17,377
7843928571646,2026-03-18,377
7843928571646,2026-03-19,369
7843928571646,2026-03-20,356
7843928571646,2026-03-21,389
7843928571646,2026-03-22,389
7843928571646,2026-03-23,383
7843928571646,2026-03-24,383
7843928571646,2026-03-25,371
7843928571646,2026-03-26,371
7843928571646,2026-03-27,364
7843928571646,2026-03-28,391
7843928571646,2026-03-29,384
7843928571646,2026-03-30,384
7843928571646,2026-03-31,375
7843928571646,2026-04-01,375
7843928571646,2026-04-02,393
7843928571646,2026-04-03,389
7843928571646,2026-04-04,389
7843928571646,2026-04-05,382
7843928571646,2026-04-06,382
7843928571646,2026-04-07,394
7843928571646,2026-04-08,394
7843928571646,2026-04-09,387
7843928571646,2026-04-10,380
7843928571646,2026-04-11,380
7843928571646,2026-04-12,373
7843928571646,2026-04-13,373
7843928571646,2026-04-14,362
7843928571646,2026-04-15,355
7843928571646,2026-04-16,396
7843928571646,2026-04-17,385
7843928571646,2026-04-18,385
7843928571646,2026-04-19,375
7843928571646,2026-04-20,361
7843928571646,2026-04-21,361
7843928571646,2026-04-22,352
7843928571646,2026-04-23,352
7843928571646,2026-04-24,338
7843928571646,2026-04-25,399
7843928571646,2026-04-26,399
7843928571646,2026-04-27,387
7843928571646,2026-04-28,387
7843928571646,2026-04-29,379
7843928571646,2026-04-30,379
7843928571646,2026-05-01,367
7843928571646,2026-05-02,401
7843928571646,2026-05-03,394
7843928571646,2026-05-04,384
7843928571646,2026-05-05,375
7843928571646,2026-05-06,375
7843928571646,2026-05-07,363
7843928571646,2026-05-08,356
7843928571646,2026-05-09,403
7843928571646,2026-05-10,391
7843928571646,2026-05-11,391
7843928571646,2026-05-12,380
7843928571646,2026-05-13,380
7843928571646,2026-05-14,373
7843928571646,2026-05-15,365
7843928571646,2026-05-16,405
7843928571646,2026-05-17,396
7843928571646,2026-05-18,396
7843928571646,2026-05-19,387
7843928571646,2026-05-20,387
7843928571646,2026-05-21,374
7843928571646,2026-05-22,374
7843928571646,2026-05-23,363
7843928571646,2026-05-24,363
7843928571646,2026-05-25,407
7843928571646,2026-05-26,394
7843928571646,2026-05-27,394
7843928571646,2026-05-28,382
7843928571646,2026-05-29,371
7843928571646,2026-05-30,408
7843928571646,2026-05-31,408
7843928571646,2026-06-01,396
7843928571646,2026-06-02,396
7843928571646,2026-06-03,387
7843928571646,2026-06-04,410
7843928571646,2026-06-05,404
7843928571646,2026-06-06,392
7843928571646,2026-06-07,392
7843928571646,2026-06-08,382
7843928571646,2026-06-09,382
7843928571646,2026-06-10,373
7843928571646,2026-06-11,359
7843928571646,2026-06-12,359
7843928571646,2026-06-13,412
7843928571646,2026-06-14,412
7843928571646,2026-06-15,399
7843928571646,2026-06-16,385
7843928571646,2026-06-17,385
7843928571646,2026-06-18,378
7843928571646,2026-06-19,371
7843928571646,2026-06-20,414
7843928571646,2026-06-21,408
7843928571646,2026-06-22,400
7843928571646,2026-06-23,388
7843928571646,2026-06-24,379
7843928571646,2026-06-25,368
7843928571646,2026-06-26,416
7843928571646,2026-06-27,416
7843928571646,2026-06-28,403
7843928571646,2026-06-29,396
7843928571646,2026-06-30,392
7843928571646,2026-07-01,382
7847516283949,2024-01-01,907
7847516283949,2024-01-02,903
7847516283949,2024-01-03,903
7847516283949,2024-01-04,902
7847516283949,2024-01-05,899
7847516283949,2024-01-06,899
7847516283949,2024-01-07,897
7847516283949,2024-01-08,897
7847516283949,2024-01-09,891
7847516283949,2024-01-10,889
7847516283949,2024-01-11,884
7847516283949,2024-01-12,884
7847516283949,2024-01-13,882
7847516283949,2024-01-14,882
7847516283949,2024-01-15,879
7847516283949,2024-01-16,874
7847516283949,2024-01-17,874
7847516283949,2024-01-18,869
7847516283949,2024-01-19,865
7847516283949,2024-01-20,861
7847516283949,2024-01-21,860
7847516283949,2024-01-22,860
7847516283949,2024-01-23,859
7847516283949,2024-01-24,857
7847516283949,2024-01-25,856
7847516283949,2024-01-26,856
7847516283949,2024-01-27,856
7847516283949,2024-01-28,853
7847516283949,2024-01-29,853
7847516283949,2024-01-30,852
7847516283949,2024-01-31,852
7847516283949,2024-02-01,850
7847516283949,2024-02-02,850
7847516283949,2024-02-03,850
7847516283949,2024-02-04,846
7847516283949,2024-02-05,846
7847516283949,2024-02-06,840
7847516283949,2024-02-07,840
7847516283949,2024-02-08,837
7847516283949,2024-02-09,837
7847516283949,2024-02-10,834
7847516283949,2024-02-11,834
7847516283949,2024-02-12,833
7847516283949,2024-02-13,829
7847516283949,2024-02-14,829
7847516283949,2024-02-15,829
7847516283949,2024-02-16,829
7847516283949,2024-02-17,825
7847516283949,2024-02-18,823
7847516283949,2024-02-19,823
7847516283949,2024-02-20,816
7847516283949,2024-02-21,815
7847516283949,2024-02-22,815
7847516283949,2024-02-23,812
7847516283949,2024-02-24,810
7847516283949,2024-02-25,810
7847516283949,2024-02-26,805
7847516283949,2024-02-27,805
7847516283949,2024-02-28,804
7847516283949,2024-02-29,799
7847516283949,2024-03-01,799
7847516283949,2024-03-02,796
7847516283949,2024-03-03,796
7847516283949,2024-03-04,796
7847516283949,2024-03-05,792
7847516283949,2024-03-06,792
7847516283949,2024-03-07,792
7847516283949,2024-03-08,790
7847516283949,2024-03-09,790
7847516283949,2024-03-10,786
7847516283949,2024-03-11,783
7847516283949,2024-03-12,783
7847516283949,2024-03-13,774
7847516283949,2024-03-14,772
7847516283949,2024-03-15,772
7847516283949,2024-03-16,766
7847516283949,2024-03-17,766
7847516283949,2024-03-18,764
7847516283949,2024-03-19,764
7847516283949,2024-03-20,764
7847516283949,2024-03-21,764
7847516283949,2024-03-22,764
7847516283949,2024-03-23,763
7847516283949,2024-03-24,762
7847516283949,2024-03-25,760
7847516283949,2024-03-26,758
7847516283949,2024-03-27,758
7847516283949,2024-03-28,749
7847516283949,2024-03-29,749
7847516283949,2024-03-30,744
7847516283949,2024-03-31,742
7847516283949,2024-04-01,742
7847516283949,2024-04-02,735
7847516283949,2024-04-03,735
7847516283949,2024-04-04,730
7847516283949,2024-04-05,727
7847516283949,2024-04-06,727
7847516283949,2024-04-07,727
7847516283949,2024-04-08,725
7847516283949,2024-04-09,725
7847516283949,2024-04-10,715
7847516283949,2024-04-11,715
7847516283949,2024-04-12,715
7847516283949,2024-04-13,712
7847516283949,2024-04-14,712
7847516283949,2024-04-15,708
7847516283949,2024-04-16,708
7847516283949,2024-04-17,708
7847516283949,2024-04-18,708
7847516283949,2024-04-19,704
7847516283949,2024-04-20,704
7847516283949,2024-04-21,696
7847516283949,2024-04-22,689
7847516283949,2024-04-23,689
7847516283949,2024-04-24,682
7847516283949,2024-04-25,682
7847516283949,2024-04-26,677
7847516283949,2024-04-27,677
7847516283949,2024-04-28,672
7847516283949,2024-04-29,672
7847516283949,2024-04-30,668
7847516283949,2024-05-01,664
7847516283949,2024-05-02,658
7847516283949,2024-05-03,658
7847516283949,2024-05-04,655
7847516283949,2024-05-05,653
7847516283949,2024-05-06,653
7847516283949,2024-05-07,650
7847516283949,2024-05-08,640
7847516283949,2024-05-09,640
7847516283949,2024-05-10,631
7847516283949,2024-05-11,631
7847516283949,2024-05-12,630
7847516283949,2024-05-13,630
7847516283949,2024-05-14,628
7847516283949,2024-05-15,628
7847516283949,2024-05-16,623
7847516283949,2024-05-17,615
7847516283949,2024-05-18,615
7847516283949,2024-05-19,615
7847516283949,2024-05-20,608
7847516283949,2024-05-21,608
7847516283949,2024-05-22,603
7847516283949,2024-05-23,594
7847516283949,2024-05-24,594
7847516283949,2024-05-25,586
7847516283949,2024-05-26,586
7847516283949,2024-05-27,577
7847516283949,2024-05-28,576
7847516283949,2024-05-29,570
7847516283949,2024-05-30,565
7847516283949,2024-05-31,565
7847516283949,2024-06-01,558
7847516283949,2024-06-02,558
7847516283949,2024-06-03,552
7847516283949,2024-06-04,547
7847516283949,2024-06-05,547
7847516283949,2024-06-06,545
7847516283949,2024-06-07,545
7847516283949,2024-06-08,542
7847516283949,2024-06-09,542
7847516283949,2024-06-10,539
7847516283949,2024-06-11,533
7847516283949,2024-06-12,525
7847516283949,2024-06-13,525
7847516283949,2024-06-14,525
7847516283949,2024-06-15,518
7847516283949,2024-06-16,514
7847516283949,2024-06-17,511
7847516283949,2024-06-18,507
7847516283949,2024-06-19,507
7847516283949,2024-06-20,501
7847516283949,2024-06-21,501
7847516283949,2024-06-22,495
7847516283949,2024-06-23,495
7847516283949,2024-06-24,492
7847516283949,2024-06-25,492
7847516283949,2024-06-26,483
7847516283949,2024-06-27,480
7847516283949,2024-06-28,480
7847516283949,2024-06-29,480
7847516283949,2024-06-30,480
7847516283949,2024-07-01,476
7847516283949,2024-07-02,476
7847516283949,2024-07-03,471
7847516283949,2024-07-04,467
7847516283949,2024-07-05,467
7847516283949,2024-07-06,463
7847516283949,2024-07-07,459
7847516283949,2024-07-08,459
7847516283949,2024-07-09,456
7847516283949,2024-07-10,450
7847516283949,2024-07-11,450
7847516283949,2024-07-12,443
7847516283949,2024-07-13,443
7847516283949,2024-07-14,436
7847516283949,2024-07-15,433
7847516283949,2024-07-16,429
7847516283949,2024-07-17,423
7847516283949,2024-07-18,423
7847516283949,2024-07-19,423
7847516283949,2024-07-20,423
7847516283949,2024-07-21,419
7847516283949,2024-07-22,419
7847516283949,2024-07-23,407
7847516283949,2024-07-24,407
7847516283949,2024-07-25,407
7847516283949,2024-07-26,402
7847516283949,2024-07-27,402
7847516283949,2024-07-28,395
7847516283949,2024-07-29,395
7847516283949,2024-07-30,390
7847516283949,2024-07-31,383
7847516283949,2024-08-01,380
7847516283949,2024-08-02,380
7847516283949,2024-08-03,375
7847516283949,2024-08-04,372
7847516283949,2024-08-05,372
7847516283949,2024-08-06,367
7847516283949,2024-08-07,361
7847516283949,2024-08-08,361
7847516283949,2024-08-09,352
7847516283949,2024-08-10,350
7847516283949,2024-08-11,350
7847516283949,2024-08-12,346
7847516283949,2024-08-13,342
7847516283949,2024-08-14,342
7847516283949,2024-08-15,336
7847516283949,2024-08-16,353
7847516283949,2024-08-17,348
7847516283949,2024-08-18,348
7847516283949,2024-08-19,341
7847516283949,2024-08-20,334
7847516283949,2024-08-21,326
7847516283949,2024-08-22,326
7847516283949,2024-08-23,356
7847516283949,2024-08-24,356
7847516283949,2024-08-25,352
7847516283949,2024-08-26,344
7847516283949,2024-08-27,344
7847516283949,2024-08-28,342
7847516283949,2024-08-29,342
7847516283949,2024-08-30,340
7847516283949,2024-08-31,360
7847516283949,2024-09-01,348
7847516283949,2024-09-02,348
7847516283949,2024-09-03,341
7847516283949,2024-09-04,333
7847516283949,2024-09-05,362
7847516283949,2024-09-06,357
7847516283949,2024-09-07,353
7847516283949,2024-09-08,347
7847516283949,2024-09-09,343
7847516283949,2024-09-10,343
7847516283949,2024-09-11,341
7847516283949,2024-09-12,365
7847516283949,2024-09-13,365
7847516283949,2024-09-14,362
7847516283949,2024-09-15,362
7847516283949,2024-09-16,356
7847516283949,2024-09-17,367
7847516283949,2024-09-18,360
7847516283949,2024-09-19,360
7847516283949,2024-09-20,355
7847516283949,2024-09-21,355
7847516283949,2024-09-22,350
7847516283949,2024-09-23,369
7847516283949,2024-09-24,364
7847516283949,2024-09-25,364
7847516283949,2024-09-26,359
7847516283949,2024-09-27,359
7847516283949,2024-09-28,355
7847516283949,2024-09-29,355
7847516283949,2024-09-30,372
7847516283949,2024-10-01,372
7847516283949,2024-10-02,368
7847516283949,2024-10-03,368
7847516283949,2024-10-04,366
7847516283949,2024-10-05,363
7847516283949,2024-10-06,357
7847516283949,2024-10-07,357
7847516283949,2024-10-08,376
7847516283949,2024-10-09,376
7847516283949,2024-10-10,374
7847516283949,2024-10-11,374
7847516283949,2024-10-12,366
7847516283949,2024-10-13,365
7847516283949,2024-10-14,365
7847516283949,2024-10-15,356
7847516283949,2024-10-16,379
7847516283949,2024-10-17,376
7847516283949,2024-10-18,372
7847516283949,2024-10-19,372
7847516283949,2024-10-20,366
7847516283949,2024-10-21,366
7847516283949,2024-10-22,363
7847516283949,2024-10-23,356
7847516283949,2024-10-24,382
7847516283949,2024-10-25,378
7847516283949,2024-10-26,378
7847516283949,2024-10-27,374
7847516283949,2024-10-28,369
7847516283949,2024-10-29,385
7847516283949,2024-10-30,380
7847516283949,2024-10-31,380
7847516283949,2024-11-01,373
7847516283949,2024-11-02,373
7847516283949,2024-11-03,370
7847516283949,2024-11-04,365
7847516283949,2024-11-05,365
7847516283949,2024-11-06,360
7847516283949,2024-11-07,388
7847516283949,2024-11-08,387
7847516283949,2024-11-09,385
7847516283949,2024-11-10,385
7847516283949,2024-11-11,379
7847516283949,2024-11-12,379
7847516283949,2024-11-13,373
7847516283949,2024-11-14,373
7847516283949,2024-11-15,366
7847516283949,2024-11-16,392
7847516283949,2024-11-17,384
7847516283949,2024-11-18,382
7847516283949,2024-11-19,376
7847516283949,2024-11-20,370
7847516283949,2024-11-21,366
7847516283949,2024-11-22,366
7847516283949,2024-11-23,395
7847516283949,2024-11-24,395
7847516283949,2024-11-25,393
7847516283949,2024-11-26,393
7847516283949,2024-11-27,388
7847516283949,2024-11-28,381
7847516283949,2024-11-29,398
7847516283949,2024-11-30,393
7847516283949,2024-12-01,387
7847516283949,2024-12-02,375
7847516283949,2024-12-03,367
7847516283949,2024-12-04,363
7847516283949,2024-12-05,363
7847516283949,2024-12-06,355
7847516283949,2024-12-07,401
7847516283949,2024-12-08,388
7847516283949,2024-12-09,382
7847516283949,2024-12-10,380
7847516283949,2024-12-11,374
7847516283949,2024-12-12,372
7847516283949,2024-12-13,404
7847516283949,2024-12-14,399
7847516283949,2024-12-15,399
7847516283949,2024-12-16,394
7847516283949,2024-12-17,382
7847516283949,2024-12-18,375
7847516283949,2024-12-19,367
7847516283949,2024-12-20,367
7847516283949,2024-12-21,407
7847516283949,2024-12-22,407
7847516283949,2024-12-23,403
7847516283949,2024-12-24,394
7847516283949,2024-12-25,386
7847516283949,2024-12-26,386
7847516283949,2024-12-27,409
7847516283949,2024-12-28,409
7847516283949,2024-12-29,405
7847516283949,2024-12-30,393
7847516283949,2024-12-31,386
7847516283949,2025-01-01,377
7847516283949,2025-01-02,375
7847516283949,2025-01-03,375
7847516283949,2025-01-04,413
7847516283949,2025-01-05,411
7847516283949,2025-01-06,405
7847516283949,2025-01-07,395
7847516283949,2025-01-08,395
7847516283949,2025-01-09,386
7847516283949,2025-01-10,415
7847516283949,2025-01-11,408
7847516283949,2025-01-12,405
7847516283949,2025-01-13,405
7847516283949,2025-01-14,398
7847516283949,2025-01-15,398
7847516283949,2025-01-16,418
7847516283949,2025-01-17,418
7847516283949,2025-01-18,414
7847516283949,2025-01-19,410
7847516283949,2025-01-20,410
7847516283949,2025-01-21,402
7847516283949,2025-01-22,390
7847516283949,2025-01-23,421
7847516283949,2025-01-24,412
7847516283949,2025-01-25,407
7847516283949,2025-01-26,407
7847516283949,2025-01-27,402
7847516283949,2025-01-28,402
7847516283949,2025-01-29,395
7847516283949,2025-01-30,393
7847516283949,2025-01-31,393
7847516283949,2025-02-01,425
7847516283949,2025-02-02,425
7847516283949,2025-02-03,421
7847516283949,2025-02-04,421
7847516283949,2025-02-05,415
7847516283949,2025-02-06,415
7847516283949,2025-02-07,410
7847516283949,2025-02-08,410
7847516283949,2025-02-09,428
7847516283949,2025-02-10,428
7847516283949,2025-02-11,423
7847516283949,2025-02-12,417
7847516283949,2025-02-13,417
7847516283949,2025-02-14,412
7847516283949,2025-02-15,431
7847516283949,2025-02-16,425
7847516283949,2025-02-17,425
7847516283949,2025-02-18,418
7847516283949,2025-02-19,415
7847516283949,2025-02-20,409
7847516283949,2025-02-21,409
7847516283949,2025-02-22,433
7847516283949,2025-02-23,433
7847516283949,2025-02-24,425
7847516283949,2025-02-25,425
7847516283949,2025-02-26,417
7847516283949,2025-02-27,417
7847516283949,2025-02-28,436
7847516283949,2025-03-01,430
7847516283949,2025-03-02,430
7847516283949,2025-03-03,424
7847516283949,2025-03-04,418
7847516283949,2025-03-05,418
7847516283949,2025-03-06,439
7847516283949,2025-03-07,439
7847516283949,2025-03-08,431
7847516283949,2025-03-09,431
7847516283949,2025-03-10,429
7847516283949,2025-03-11,441
7847516283949,2025-03-12,429
7847516283949,2025-03-13,424
7847516283949,2025-03-14,424
7847516283949,2025-03-15,415
7847516283949,2025-03-16,415
7847516283949,2025-03-17,407
7847516283949,2025-03-18,404
7847516283949,2025-03-19,404
7847516283949,2025-03-20,444
7847516283949,2025-03-21,444
7847516283949,2025-03-22,435
7847516283949,2025-03-23,429
7847516283949,2025-03-24,420
7847516283949,2025-03-25,447
7847516283949,2025-03-26,441
7847516283949,2025-03-27,441
7847516283949,2025-03-28,436
7847516283949,2025-03-29,432
7847516283949,2025-03-30,424
7847516283949,2025-03-31,420
7847516283949,2025-04-01,420
7847516283949,2025-04-02,413
7847516283949,2025-04-03,450
7847516283949,2025-04-04,450
7847516283949,2025-04-05,441
7847516283949,2025-04-06,429
7847516283949,2025-04-07,429
7847516283949,2025-04-08,421
7847516283949,2025-04-09,412
7847516283949,2025-04-10,405
7847516283949,2025-04-11,454
7847516283949,2025-04-12,454
7847516283949,2025-04-13,453
7847516283949,2025-04-14,448
7847516283949,2025-04-15,448
7847516283949,2025-04-16,443
7847516283949,2025-04-17,443
7847516283949,2025-04-18,440
7847516283949,2025-04-19,457
7847516283949,2025-04-20,449
7847516283949,2025-04-21,437
7847516283949,2025-04-22,437
7847516283949,2025-04-23,430
7847516283949,2025-04-24,430
7847516283949,2025-04-25,422
7847516283949,2025-04-26,414
7847516283949,2025-04-27,408
7847516283949,2025-04-28,461
7847516283949,2025-04-29,461
7847516283949,2025-04-30,455
7847516283949,2025-05-01,447
7847516283949,2025-05-02,438
7847516283949,2025-05-03,463
7847516283949,2025-05-04,458
7847516283949,2025-05-05,455
7847516283949,2025-05-06,448
7847516283949,2025-05-07,441
7847516283949,2025-05-08,441
7847516283949,2025-05-09,434
7847516283949,2025-05-10,466
7847516283949,2025-05-11,461
7847516283949,2025-05-12,461
7847516283949,2025-05-13,453
7847516283949,2025-05-14,453
7847516283949,2025-05-15,468
7847516283949,2025-05-16,468
7847516283949,2025-05-17,466
7847516283949,2025-05-18,466
7847516283949,2025-05-19,462
7847516283949,2025-05-20,470
7847516283949,2025-05-21,470
7847516283949,2025-05-22,458
7847516283949,2025-05-23,451
7847516283949,2025-05-24,439
7847516283949,2025-05-25,439
7847516283949,2025-05-26,432
7847516283949,2025-05-27,424
7847516283949,2025-05-28,424
7847516283949,2025-05-29,474
7847516283949,2025-05-30,474
7847516283949,2025-05-31,464
7847516283949,2025-06-01,459
7847516283949,2025-06-02,459
7847516283949,2025-06-03,453
7847516283949,2025-06-04,453
7847516283949,2025-06-05,444
7847516283949,2025-06-06,477
7847516283949,2025-06-07,468
7847516283949,2025-06-08,468
7847516283949,2025-06-09,459
7847516283949,2025-06-10,453
7847516283949,2025-06-11,450
7847516283949,2025-06-12,450
7847516283949,2025-06-13,450
7847516283949,2025-06-14,450
7847516283949,2025-06-15,481
7847516283949,2025-06-16,481
7847516283949,2025-06-17,477
7847516283949,2025-06-18,477
7847516283949,2025-06-19,473
7847516283949,2025-06-20,470
7847516283949,2025-06-21,484
7847516283949,2025-06-22,476
7847516283949,2025-06-23,476
7847516283949,2025-06-24,472
7847516283949,2025-06-25,466
7847516283949,2025-06-26,458
7847516283949,2025-06-27,449
7847516283949,2025-06-28,487
7847516283949,2025-06-29,483
7847516283949,2025-06-30,483
7847516283949,2025-07-01,479
7847516283949,2025-07-02,476
7847516283949,2025-07-03,476
7847516283949,2025-07-04,465
7847516283949,2025-07-05,459
7847516283949,2025-07-06,490
7847516283949,2025-07-07,490
7847516283949,2025-07-08,487
7847516283949,2025-07-09,481
7847516283949,2025-07-10,477
7847516283949,2025-07-11,492
7847516283949,2025-07-12,482
7847516283949,2025-07-13,482
7847516283949,2025-07-14,481
7847516283949,2025-07-15,470
7847516283949,2025-07-16,463
7847516283949,2025-07-17,463
7847516283949,2025-07-18,454
7847516283949,2025-07-19,446
7847516283949,2025-07-20,496
7847516283949,2025-07-21,496
7847516283949,2025-07-22,489
7847516283949,2025-07-23,484
7847516283949,2025-07-24,477
7847516283949,2025-07-25,471
7847516283949,2025-07-26,471
7847516283949,2025-07-27,499
7847516283949,2025-07-28,499
7847516283949,2025-07-29,490
7847516283949,2025-07-30,480
7847516283949,2025-07-31,480
7847516283949,2025-08-01,470
7847516283949,2025-08-02,467
7847516283949,2025-08-03,467
7847516283949,2025-08-04,502
7847516283949,2025-08-05,502
7847516283949,2025-08-06,500
7847516283949,2025-08-07,500
7847516283949,2025-08-08,495
7847516283949,2025-08-09,486
7847516283949,2025-08-10,479
7847516283949,2025-08-11,505
7847516283949,2025-08-12,502
7847516283949,2025-08-13,502
7847516283949,2025-08-14,493
7847516283949,2025-08-15,493
7847516283949,2025-08-16,483
7847516283949,2025-08-17,481
7847516283949,2025-08-18,471
7847516283949,2025-08-19,509
7847516283949,2025-08-20,500
7847516283949,2025-08-21,500
7847516283949,2025-08-22,496
7847516283949,2025-08-23,496
7847516283949,2025-08-24,511
7847516283949,2025-08-25,504
7847516283949,2025-08-26,504
7847516283949,2025-08-27,498
7847516283949,2025-08-28,498
7847516283949,2025-08-29,493
7847516283949,2025-08-30,493
7847516283949,2025-08-31,483
7847516283949,2025-09-01,514
7847516283949,2025-09-02,507
7847516283949,2025-09-03,507
7847516283949,2025-09-04,501
7847516283949,2025-09-05,501
7847516283949,2025-09-06,494
7847516283949,2025-09-07,494
7847516283949,2025-09-08,488
7847516283949,2025-09-09,486
7847516283949,2025-09-10,518
7847516283949,2025-09-11,512
7847516283949,2025-09-12,512
7847516283949,2025-09-13,506
7847516283949,2025-09-14,495
7847516283949,2025-09-15,495
7847516283949,2025-09-16,488
7847516283949,2025-09-17,488
7847516283949,2025-09-18,521
7847516283949,2025-09-19,515
7847516283949,2025-09-20,507
7847516283949,2025-09-21,507
7847516283949,2025-09-22,505
7847516283949,2025-09-23,499
7847516283949,2025-09-24,499
7847516283949,2025-09-25,493
7847516283949,2025-09-26,525
7847516283949,2025-09-27,520
7847516283949,2025-09-28,520
7847516283949,2025-09-29,511
7847516283949,2025-09-30,504
7847516283949,2025-10-01,504
7847516283949,2025-10-02,501
7847516283949,2025-10-03,528
7847516283949,2025-10-04,518
7847516283949,2025-10-05,509
7847516283949,2025-10-06,509
7847516283949,2025-10-07,500
7847516283949,2025-10-08,530
7847516283949,2025-10-09,518
7847516283949,2025-10-10,511
7847516283949,2025-10-11,511
7847516283949,2025-10-12,496
7847516283949,2025-10-13,496
7847516283949,2025-10-14,492
7847516283949,2025-10-15,488
7847516283949,2025-10-16,488
7847516283949,2025-10-17,534
7847516283949,2025-10-18,524
7847516283949,2025-10-19,516
7847516283949,2025-10-20,509
7847516283949,2025-10-21,497
7847516283949,2025-10-22,488
7847516283949,2025-10-23,476
7847516283949,2025-10-24,464
7847516283949,2025-10-25,537
7847516283949,2025-10-26,531
7847516283949,2025-10-27,524
7847516283949,2025-10-28,524
7847516283949,2025-10-29,519
7847516283949,2025-10-30,519
7847516283949,2025-10-31,509
7847516283949,2025-11-01,540
7847516283949,2025-11-02,532
7847516283949,2025-11-03,524
7847516283949,2025-11-04,512
7847516283949,2025-11-05,508
7847516283949,2025-11-06,496
7847516283949,2025-11-07,496
7847516283949,2025-11-08,491
7847516283949,2025-11-09,491
7847516283949,2025-11-10,544
7847516283949,2025-11-11,532
7847516283949,2025-11-12,527
7847516283949,2025-11-13,527
7847516283949,2025-11-14,517
7847516283949,2025-11-15,505
7847516283949,2025-11-16,546
7847516283949,2025-11-17,539
7847516283949,2025-11-18,532
7847516283949,2025-11-19,532
7847516283949,2025-11-20,527
7847516283949,2025-11-21,527
7847516283949,2025-11-22,521
7847516283949,2025-11-23,521
7847516283949,2025-11-24,550
7847516283949,2025-11-25,544
7847516283949,2025-11-26,544
7847516283949,2025-11-27,537
7847516283949,2025-11-28,537
7847516283949,2025-11-29,552
7847516283949,2025-11-30,546
7847516283949,2025-12-01,538
7847516283949,2025-12-02,527
7847516283949,2025-12-03,523
7847516283949,2025-12-04,511
7847516283949,2025-12-05,554
7847516283949,2025-12-06,554
7847516283949,2025-12-07,544
7847516283949,2025-12-08,544
7847516283949,2025-12-09,539
7847516283949,2025-12-10,556
7847516283949,2025-12-11,543
7847516283949,2025-12-12,536
7847516283949,2025-12-13,536
7847516283949,2025-12-14,528
7847516283949,2025-12-15,528
7847516283949,2025-12-16,559
7847516283949,2025-12-17,550
7847516283949,2025-12-18,550
7847516283949,2025-12-19,539
7847516283949,2025-12-20,539
7847516283949,2025-12-21,529
7847516283949,2025-12-22,529
7847516283949,2025-12-23,562
7847516283949,2025-12-24,554
7847516283949,2025-12-25,547
7847516283949,2025-12-26,547
7847516283949,2025-12-27,540
7847516283949,2025-12-28,529
7847516283949,2025-12-29,516
7847516283949,2025-12-30,506
7847516283949,2025-12-31,506
7847516283949,2026-01-01,566
7847516283949,2026-01-02,566
7847516283949,2026-01-03,558
7847516283949,2026-01-04,555
7847516283949,2026-01-05,555
7847516283949,2026-01-06,546
7847516283949,2026-01-07,532
7847516283949,2026-01-08,520
7847516283949,2026-01-09,569
7847516283949,2026-01-10,564
7847516283949,2026-01-11,557
7847516283949,2026-01-12,548
7847516283949,2026-01-13,544
7847516283949,2026-01-14,544
7847516283949,2026-01-15,530
7847516283949,2026-01-16,530
7847516283949,2026-01-17,572
7847516283949,2026-01-18,572
7847516283949,2026-01-19,561
7847516283949,2026-01-20,561
7847516283949,2026-01-21,555
7847516283949,2026-01-22,542
7847516283949,2026-01-23,533
7847516283949,2026-01-24,523
7847516283949,2026-01-25,576
7847516283949,2026-01-26,571
7847516283949,2026-01-27,555
7847516283949,2026-01-28,555
7847516283949,2026-01-29,545
7847516283949,2026-01-30,578
7847516283949,2026-01-31,578
7847516283949,2026-02-01,571
7847516283949,2026-02-02,571
7847516283949,2026-02-03,558
7847516283949,2026-02-04,551
7847516283949,2026-02-05,541
7847516283949,2026-02-06,533
7847516283949,2026-02-07,581
7847516283949,2026-02-08,568
7847516283949,2026-02-09,568
7847516283949,2026-02-10,562
7847516283949,2026-02-11,551
7847516283949,2026-02-12,551
7847516283949,2026-02-13,541
7847516283949,2026-02-14,541
7847516283949,2026-02-15,585
7847516283949,2026-02-16,575
7847516283949,2026-02-17,561
7847516283949,2026-02-18,561
7847516283949,2026-02-19,552
7847516283949,2026-02-20,587
7847516283949,2026-02-21,573
7847516283949,2026-02-22,573
7847516283949,2026-02-23,568
7847516283949,2026-02-24,557
7847516283949,2026-02-25,557
7847516283949,2026-02-26,550
7847516283949,2026-02-27,537
7847516283949,2026-02-28,590
7847516283949,2026-03-01,590
7847516283949,2026-03-02,575
7847516283949,2026-03-03,575
7847516283949,2026-03-04,564
7847516283949,2026-03-05,564
7847516283949,2026-03-06,554
7847516283949,2026-03-07,593
7847516283949,2026-03-08,593
7847516283949,2026-03-09,584
7847516283949,2026-03-10,578
7847516283949,2026-03-11,573
7847516283949,2026-03-12,559
7847516283949,2026-03-13,596
7847516283949,2026-03-14,589
7847516283949,2026-03-15,576
7847516283949,2026-03-16,576
7847516283949,2026-03-17,563
7847516283949,2026-03-18,556
7847516283949,2026-03-19,556
7847516283949,2026-03-20,543
7847516283949,2026-03-21,599
7847516283949,2026-03-22,586
7847516283949,2026-03-23,577
7847516283949,2026-03-24,577
7847516283949,2026-03-25,566
7847516283949,2026-03-26,558
7847516283949,2026-03-27,602
7847516283949,2026-03-28,595
7847516283949,2026-03-29,595
7847516283949,2026-03-30,592
7847516283949,2026-03-31,582
7847516283949,2026-04-01,582
7847516283949,2026-04-02,573
7847516283949,2026-04-03,604
7847516283949,2026-04-04,598
7847516283949,2026-04-05,588
7847516283949,2026-04-06,588
7847516283949,2026-04-07,584
7847516283949,2026-04-08,576
7847516283949,2026-04-09,576
7847516283949,2026-04-10,570
7847516283949,2026-04-11,608
7847516283949,2026-04-12,608
7847516283949,2026-04-13,595
7847516283949,2026-04-14,595
7847516283949,2026-04-15,588
7847516283949,2026-04-16,588
7847516283949,2026-04-17,577
7847516283949,2026-04-18,611
7847516283949,2026-04-19,611
7847516283949,2026-04-20,605
7847516283949,2026-04-21,594
7847516283949,2026-04-22,580
7847516283949,2026-04-23,573
7847516283949,2026-04-24,565
7847516283949,2026-04-25,565
7847516283949,2026-04-26,547
7847516283949,2026-04-27,615
7847516283949,2026-04-28,609
7847516283949,2026-04-29,599
7847516283949,2026-04-30,594
7847516283949,2026-05-01,582
7847516283949,2026-05-02,582
7847516283949,2026-05-03,576
7847516283949,2026-05-04,618
7847516283949,2026-05-05,618
7847516283949,2026-05-06,609
7847516283949,2026-05-07,609
7847516283949,2026-05-08,601
7847516283949,2026-05-09,620
7847516283949,2026-05-10,620
7847516283949,2026-05-11,610
7847516283949,2026-05-12,603
7847516283949,2026-05-13,591
7847516283949,2026-05-14,622
7847516283949,2026-05-15,617
7847516283949,2026-05-16,604
7847516283949,2026-05-17,604
7847516283949,2026-05-18,591
7847516283949,2026-05-19,624
7847516283949,2026-05-20,624
7847516283949,2026-05-21,619
7847516283949,2026-05-22,619
7847516283949,2026-05-23,611
7847516283949,2026-05-24,611
7847516283949,2026-05-25,598
7847516283949,2026-05-26,627
7847516283949,2026-05-27,618
7847516283949,2026-05-28,605
7847516283949,2026-05-29,605
7847516283949,2026-05-30,597
7847516283949,2026-05-31,587
7847516283949,2026-06-01,578
7847516283949,2026-06-02,630
7847516283949,2026-06-03,630
7847516283949,2026-06-04,620
7847516283949,2026-06-05,620
7847516283949,2026-06-06,604
7847516283949,2026-06-07,604
7847516283949,2026-06-08,591
7847516283949,2026-06-09,585
7847516283949,2026-06-10,633
7847516283949,2026-06-11,633
7847516283949,2026-06-12,623
7847516283949,2026-06-13,623
7847516283949,2026-06-14,615
7847516283949,2026-06-15,604
7847516283949,2026-06-16,636
7847516283949,2026-06-17,628
7847516283949,2026-06-18,619
7847516283949,2026-06-19,619
7847516283949,2026-06-20,610
7847516283949,2026-06-21,602
7847516283949,2026-06-22,594
7847516283949,2026-06-23,589
7847516283949,2026-06-24,639
7847516283949,2026-06-25,630
7847516283949,2026-06-26,630
7847516283949,2026-06-27,619
7847516283949,2026-06-28,612
7847516283949,2026-06-29,612
7847516283949,2026-06-30,603
7847516283949,2026-07-01,642
7842864197530,2024-01-01,510
7842864197530,2024-01-02,510
7842864197530,2024-01-03,510
7842864197530,2024-01-04,510
7842864197530,2024-01-05,510
7842864197530,2024-01-06,510
7842864197530,2024-01-07,510
7842864197530,2024-01-08,510
7842864197530,2024-01-09,510
7842864197530,2024-01-10,502
7842864197530,2024-01-11,502
7842864197530,2024-01-12,502
7842864197530,2024-01-13,502
7842864197530,2024-01-14,502
7842864197530,2024-01-15,498
7842864197530,2024-01-16,498
7842864197530,2024-01-17,498
7842864197530,2024-01-18,498
7842864197530,2024-01-19,498
7842864197530,2024-01-20,498
7842864197530,2024-01-21,498
7842864197530,2024-01-22,498
7842864197530,2024-01-23,498
7842864197530,2024-01-24,498
7842864197530,2024-01-25,498
7842864197530,2024-01-26,767
7842864197530,2024-01-27,760
7842864197530,2024-01-28,760
7842864197530,2024-01-29,760
7842864197530,2024-01-30,760
7842864197530,2024-01-31,760
7842864197530,2024-02-01,760
7842864197530,2024-02-02,760
7842864197530,2024-02-03,760
7842864197530,2024-02-04,760
7842864197530,2024-02-05,760
7842864197530,2024-02-06,760
7842864197530,2024-02-07,760
7842864197530,2024-02-08,760
7842864197530,2024-02-09,760
7842864197530,2024-02-10,760
7842864197530,2024-02-11,760
7842864197530,2024-02-12,760
7842864197530,2024-02-13,760
7842864197530,2024-02-14,760
7842864197530,2024-02-15,760
7842864197530,2024-02-16,760
7842864197530,2024-02-17,760
7842864197530,2024-02-18,760
7842864197530,2024-02-19,760
7842864197530,2024-02-20,760
7842864197530,2024-02-21,756
7842864197530,2024-02-22,756
7842864197530,2024-02-23,756
7842864197530,2024-02-24,756
7842864197530,2024-02-25,767
7842864197530,2024-02-26,767
7842864197530,2024-02-27,767
7842864197530,2024-02-28,767
7842864197530,2024-02-29,767
7842864197530,2024-03-01,767
7842864197530,2024-03-02,752
7842864197530,2024-03-03,752
7842864197530,2024-03-04,752
7842864197530,2024-03-05,752
7842864197530,2024-03-06,752
7842864197530,2024-03-07,752
7842864197530,2024-03-08,752
7842864197530,2024-03-09,752
7842864197530,2024-03-10,752
7842864197530,2024-03-11,729
7842864197530,2024-03-12,729
7842864197530,2024-03-13,729
7842864197530,2024-03-14,729
7842864197530,2024-03-15,729
7842864197530,2024-03-16,729
7842864197530,2024-03-17,767
7842864197530,2024-03-18,767
7842864197530,2024-03-19,767
7842864197530,2024-03-20,750
7842864197530,2024-03-21,750
7842864197530,2024-03-22,750
7842864197530,2024-03-23,750
7842864197530,2024-03-24,750
7842864197530,2024-03-25,742
7842864197530,2024-03-26,742
7842864197530,2024-03-27,742
7842864197530,2024-03-28,742
7842864197530,2024-03-29,742
7842864197530,2024-03-30,742
7842864197530,2024-03-31,742
7842864197530,2024-04-01,742
7842864197530,2024-04-02,742
7842864197530,2024-04-03,742
7842864197530,2024-04-04,715
7842864197530,2024-04-05,715
7842864197530,2024-04-06,715
7842864197530,2024-04-07,715
7842864197530,2024-04-08,715
7842864197530,2024-04-09,685
7842864197530,2024-04-10,685
7842864197530,2024-04-11,685
7842864197530,2024-04-12,685
7842864197530,2024-04-13,767
7842864197530,2024-04-14,767
7842864197530,2024-04-15,767
7842864197530,2024-04-16,767
7842864197530,2024-04-17,767
7842864197530,2024-04-18,742
7842864197530,2024-04-19,742
7842864197530,2024-04-20,742
7842864197530,2024-04-21,742
7842864197530,2024-04-22,742
7842864197530,2024-04-23,742
7842864197530,2024-04-24,727
7842864197530,2024-04-25,727
7842864197530,2024-04-26,727
7842864197530,2024-04-27,727
7842864197530,2024-04-28,727
7842864197530,2024-04-29,727
7842864197530,2024-04-30,701
7842864197530,2024-05-01,701
7842864197530,2024-05-02,701
7842864197530,2024-05-03,701
7842864197530,2024-05-04,767
7842864197530,2024-05-05,767
7842864197530,2024-05-06,767
7842864197530,2024-05-07,717
7842864197530,2024-05-08,717
7842864197530,2024-05-09,717
7842864197530,2024-05-10,717
7842864197530,2024-05-11,717
7842864197530,2024-05-12,717
7842864197530,2024-05-13,717
7842864197530,2024-05-14,717
7842864197530,2024-05-15,717
7842864197530,2024-05-16,671
7842864197530,2024-05-17,671
7842864197530,2024-05-18,671
7842864197530,2024-05-19,671
7842864197530,2024-05-20,671
7842864197530,2024-05-21,671
7842864197530,2024-05-22,628
7842864197530,2024-05-23,628
7842864197530,2024-05-24,628
7842864197530,2024-05-25,628
7842864197530,2024-05-26,628
7842864197530,2024-05-27,628
7842864197530,2024-05-28,628
7842864197530,2024-05-29,628
7842864197530,2024-05-30,628
7842864197530,2024-05-31,628
7842864197530,2024-06-01,767
7842864197530,2024-06-02,767
7842864197530,2024-06-03,767
7842864197530,2024-06-04,767
7842864197530,2024-06-05,767
7842864197530,2024-06-06,767
7842864197530,2024-06-07,705
7842864197530,2024-06-08,705
7842864197530,2024-06-09,705
7842864197530,2024-06-10,705
7842864197530,2024-06-11,705
7842864197530,2024-06-12,705
7842864197530,2024-06-13,705
7842864197530,2024-06-14,705
7842864197530,2024-06-15,705
7842864197530,2024-06-16,705
7842864197530,2024-06-17,654
7842864197530,2024-06-18,654
7842864197530,2024-06-19,654
7842864197530,2024-06-20,654
7842864197530,2024-06-21,654
7842864197530,2024-06-22,767
7842864197530,2024-06-23,767
7842864197530,2024-06-24,767
7842864197530,2024-06-25,716
7842864197530,2024-06-26,716
7842864197530,2024-06-27,716
7842864197530,2024-06-28,716
7842864197530,2024-06-29,716
7842864197530,2024-06-30,716
7842864197530,2024-07-01,716
7842864197530,2024-07-02,716
7842864197530,2024-07-03,656
7842864197530,2024-07-04,656
7842864197530,2024-07-05,656
7842864197530,2024-07-06,656
7842864197530,2024-07-07,656
7842864197530,2024-07-08,656
7842864197530,2024-07-09,656
7842864197530,2024-07-10,656
7842864197530,2024-07-11,592
7842864197530,2024-07-12,592
7842864197530,2024-07-13,592
7842864197530,2024-07-14,592
7842864197530,2024-07-15,592
7842864197530,2024-07-16,523
7842864197530,2024-07-17,523
7842864197530,2024-07-18,523
7842864197530,2024-07-19,523
7842864197530,2024-07-20,523
7842864197530,2024-07-21,523
7842864197530,2024-07-22,523
7842864197530,2024-07-23,523
7842864197530,2024-07-24,523
7842864197530,2024-07-25,767
7842864197530,2024-07-26,767
7842864197530,2024-07-27,767
7842864197530,2024-07-28,767
7842864197530,2024-07-29,767
7842864197530,2024-07-30,767
7842864197530,2024-07-31,710
7842864197530,2024-08-01,710
7842864197530,2024-08-02,710
7842864197530,2024-08-03,710
7842864197530,2024-08-04,710
7842864197530,2024-08-05,710
7842864197530,2024-08-06,710
7842864197530,2024-08-07,710
7842864197530,2024-08-08,660
7842864197530,2024-08-09,660
7842864197530,2024-08-10,660
7842864197530,2024-08-11,660
7842864197530,2024-08-12,660
7842864197530,2024-08-13,660
7842864197530,2024-08-14,660
7842864197530,2024-08-15,660
7842864197530,2024-08-16,660
7842864197530,2024-08-17,606
7842864197530,2024-08-18,606
7842864197530,2024-08-19,606
7842864197530,2024-08-20,606
7842864197530,2024-08-21,606
7842864197530,2024-08-22,606
7842864197530,2024-08-23,606
7842864197530,2024-08-24,549
7842864197530,2024-08-25,549
7842864197530,2024-08-26,549
7842864197530,2024-08-27,549
7842864197530,2024-08-28,549
7842864197530,2024-08-29,549
7842864197530,2024-08-30,549
7842864197530,2024-08-31,505
7842864197530,2024-09-01,505
7842864197530,2024-09-02,505
7842864197530,2024-09-03,767
7842864197530,2024-09-04,767
7842864197530,2024-09-05,767
7842864197530,2024-09-06,767
7842864197530,2024-09-07,767
7842864197530,2024-09-08,716
7842864197530,2024-09-09,716
7842864197530,2024-09-10,716
7842864197530,2024-09-11,716
7842864197530,2024-09-12,716
7842864197530,2024-09-13,716
7842864197530,2024-09-14,680
7842864197530,2024-09-15,680
7842864197530,2024-09-16,680
7842864197530,2024-09-17,680
7842864197530,2024-09-18,680
7842864197530,2024-09-19,626
7842864197530,2024-09-20,626
7842864197530,2024-09-21,626
7842864197530,2024-09-22,626
7842864197530,2024-09-23,767
7842864197530,2024-09-24,724
7842864197530,2024-09-25,724
7842864197530,2024-09-26,724
7842864197530,2024-09-27,724
7842864197530,2024-09-28,724
7842864197530,2024-09-29,724
7842864197530,2024-09-30,724
7842864197530,2024-10-01,700
7842864197530,2024-10-02,700
7842864197530,2024-10-03,700
7842864197530,2024-10-04,700
7842864197530,2024-10-05,700
7842864197530,2024-10-06,700
7842864197530,2024-10-07,700
7842864197530,2024-10-08,700
7842864197530,2024-10-09,700
7842864197530,2024-10-10,700
7842864197530,2024-10-11,682
7842864197530,2024-10-12,682
7842864197530,2024-10-13,682
7842864197530,2024-10-14,767
7842864197530,2024-10-15,767
7842864197530,2024-10-16,767
7842864197530,2024-10-17,767
7842864197530,2024-10-18,767
7842864197530,2024-10-19,767
7842864197530,2024-10-20,767
7842864197530,2024-10-21,731
7842864197530,2024-10-22,731
7842864197530,2024-10-23,731
7842864197530,2024-10-24,731
7842864197530,2024-10-25,731
7842864197530,2024-10-26,731
7842864197530,2024-10-27,731
7842864197530,2024-10-28,731
7842864197530,2024-10-29,702
7842864197530,2024-10-30,702
7842864197530,2024-10-31,702
7842864197530,2024-11-01,702
7842864197530,2024-11-02,702
7842864197530,2024-11-03,702
7842864197530,2024-11-04,694
7842864197530,2024-11-05,694
7842864197530,2024-11-06,694
7842864197530,2024-11-07,694
7842864197530,2024-11-08,694
7842864197530,2024-11-09,694
7842864197530,2024-11-10,767
7842864197530,2024-11-11,757
7842864197530,2024-11-12,757
7842864197530,2024-11-13,757
7842864197530,2024-11-14,757
7842864197530,2024-11-15,757
7842864197530,2024-11-16,757
7842864197530,2024-11-17,757
7842864197530,2024-11-18,757
7842864197530,2024-11-19,757
7842864197530,2024-11-20,757
7842864197530,2024-11-21,757
7842864197530,2024-11-22,757
7842864197530,2024-11-23,757
7842864197530,2024-11-24,757
7842864197530,2024-11-25,757
7842864197530,2024-11-26,748
7842864197530,2024-11-27,748
7842864197530,2024-11-28,748
7842864197530,2024-11-29,748
7842864197530,2024-11-30,748
7842864197530,2024-12-01,748
7842864197530,2024-12-02,748
7842864197530,2024-12-03,742
7842864197530,2024-12-04,767
7842864197530,2024-12-05,767
7842864197530,2024-12-06,767
7842864197530,2024-12-07,767
7842864197530,2024-12-08,767
7842864197530,2024-12-09,760
7842864197530,2024-12-10,760
7842864197530,2024-12-11,760
7842864197530,2024-12-12,760
7842864197530,2024-12-13,760
7842864197530,2024-12-14,760
7842864197530,2024-12-15,760
7842864197530,2024-12-16,760
7842864197530,2024-12-17,758
7842864197530,2024-12-18,758
7842864197530,2024-12-19,758
7842864197530,2024-12-20,758
7842864197530,2024-12-21,758
7842864197530,2024-12-22,758
7842864197530,2024-12-23,758
7842864197530,2024-12-24,758
7842864197530,2024-12-25,758
7842864197530,2024-12-26,758
7842864197530,2024-12-27,758
7842864197530,2024-12-28,758
7842864197530,2024-12-29,758
7842864197530,2024-12-30,758
7842864197530,2024-12-31,758
7842864197530,2025-01-01,752
7842864197530,2025-01-02,752
7842864197530,2025-01-03,752
7842864197530,2025-01-04,752
7842864197530,2025-01-05,752
7842864197530,2025-01-06,752
7842864197530,2025-01-07,752
7842864197530,2025-01-08,767
7842864197530,2025-01-09,763
7842864197530,2025-01-10,763
7842864197530,2025-01-11,763
7842864197530,2025-01-12,763
7842864197530,2025-01-13,763
7842864197530,2025-01-14,763
7842864197530,2025-01-15,763
7842864197530,2025-01-16,763
7842864197530,2025-01-17,763
7842864197530,2025-01-18,763
7842864197530,2025-01-19,760
7842864197530,2025-01-20,760
7842864197530,2025-01-21,760
7842864197530,2025-01-22,760
7842864197530,2025-01-23,760
7842864197530,2025-01-24,760
7842864197530,2025-01-25,760
7842864197530,2025-01-26,760
7842864197530,2025-01-27,760
7842864197530,2025-01-28,760
7842864197530,2025-01-29,760
7842864197530,2025-01-30,760
7842864197530,2025-01-31,760
7842864197530,2025-02-01,760
7842864197530,2025-02-02,760
7842864197530,2025-02-03,760
7842864197530,2025-02-04,755
7842864197530,2025-02-05,755
7842864197530,2025-02-06,755
7842864197530,2025-02-07,755
7842864197530,2025-02-08,755
7842864197530,2025-02-09,755
7842864197530,2025-02-10,755
7842864197530,2025-02-11,755
7842864197530,2025-02-12,767
7842864197530,2025-02-13,766
7842864197530,2025-02-14,766
7842864197530,2025-02-15,766
7842864197530,2025-02-16,766
7842864197530,2025-02-17,766
7842864197530,2025-02-18,766
7842864197530,2025-02-19,766
7842864197530,2025-02-20,766
7842864197530,2025-02-21,766
7842864197530,2025-02-22,766
7842864197530,2025-02-23,766
7842864197530,2025-02-24,766
7842864197530,2025-02-25,766
7842864197530,2025-02-26,766
7842864197530,2025-02-27,766
7842864197530,2025-02-28,761
7842864197530,2025-03-01,761
7842864197530,2025-03-02,761
7842864197530,2025-03-03,761
7842864197530,2025-03-04,761
7842864197530,2025-03-05,761
7842864197530,2025-03-06,761
7842864197530,2025-03-07,761
7842864197530,2025-03-08,761
7842864197530,2025-03-09,741
7842864197530,2025-03-10,741
7842864197530,2025-03-11,741
7842864197530,2025-03-12,741
7842864197530,2025-03-13,741
7842864197530,2025-03-14,731
7842864197530,2025-03-15,731
7842864197530,2025-03-16,731
7842864197530,2025-03-17,731
7842864197530,2025-03-18,731
7842864197530,2025-03-19,718
7842864197530,2025-03-20,718
7842864197530,2025-03-21,767
7842864197530,2025-03-22,767
7842864197530,2025-03-23,767
7842864197530,2025-03-24,767
7842864197530,2025-03-25,767
7842864197530,2025-03-26,767
7842864197530,2025-03-27,767
7842864197530,2025-03-28,767
7842864197530,2025-03-29,758
7842864197530,2025-03-30,758
7842864197530,2025-03-31,758
7842864197530,2025-04-01,758
7842864197530,2025-04-02,758
7842864197530,2025-04-03,758
7842864197530,2025-04-04,758
7842864197530,2025-04-05,758
7842864197530,2025-04-06,727
7842864197530,2025-04-07,727
7842864197530,2025-04-08,727
7842864197530,2025-04-09,727
7842864197530,2025-04-10,727
7842864197530,2025-04-11,727
7842864197530,2025-04-12,700
7842864197530,2025-04-13,700
7842864197530,2025-04-14,700
7842864197530,2025-04-15,767
7842864197530,2025-04-16,767
7842864197530,2025-04-17,767
7842864197530,2025-04-18,743
7842864197530,2025-04-19,743
7842864197530,2025-04-20,743
7842864197530,2025-04-21,743
7842864197530,2025-04-22,743
7842864197530,2025-04-23,743
7842864197530,2025-04-24,743
7842864197530,2025-04-25,743
7842864197530,2025-04-26,743
7842864197530,2025-04-27,743
7842864197530,2025-04-28,712
7842864197530,2025-04-29,712
7842864197530,2025-04-30,712
7842864197530,2025-05-01,712
7842864197530,2025-05-02,712
7842864197530,2025-05-03,712
7842864197530,2025-05-04,712
7842864197530,2025-05-05,712
7842864197530,2025-05-06,712
7842864197530,2025-05-07,661
7842864197530,2025-05-08,661
7842864197530,2025-05-09,661
7842864197530,2025-05-10,661
7842864197530,2025-05-11,661
7842864197530,2025-05-12,661
7842864197530,2025-05-13,617
7842864197530,2025-05-14,617
7842864197530,2025-05-15,617
7842864197530,2025-05-16,617
7842864197530,2025-05-17,617
7842864197530,2025-05-18,767
7842864197530,2025-05-19,767
7842864197530,2025-05-20,767
7842864197530,2025-05-21,733
7842864197530,2025-05-22,733
7842864197530,2025-05-23,733
7842864197530,2025-05-24,733
7842864197530,2025-05-25,733
7842864197530,2025-05-26,733
7842864197530,2025-05-27,733
7842864197530,2025-05-28,682
7842864197530,2025-05-29,682
7842864197530,2025-05-30,682
7842864197530,2025-05-31,682
7842864197530,2025-06-01,682
7842864197530,2025-06-02,682
7842864197530,2025-06-03,623
7842864197530,2025-06-04,623
7842864197530,2025-06-05,623
7842864197530,2025-06-06,623
7842864197530,2025-06-07,623
7842864197530,2025-06-08,623
7842864197530,2025-06-09,623
7842864197530,2025-06-10,623
7842864197530,2025-06-11,623
7842864197530,2025-06-12,558
7842864197530,2025-06-13,558
7842864197530,2025-06-14,558
7842864197530,2025-06-15,558
7842864197530,2025-06-16,558
7842864197530,2025-06-17,558
7842864197530,2025-06-18,558
7842864197530,2025-06-19,558
7842864197530,2025-06-20,558
7842864197530,2025-06-21,558
7842864197530,2025-06-22,498
7842864197530,2025-06-23,498
7842864197530,2025-06-24,498
7842864197530,2025-06-25,498
7842864197530,2025-06-26,498
7842864197530,2025-06-27,767
7842864197530,2025-06-28,767
7842864197530,2025-06-29,767
7842864197530,2025-06-30,767
7842864197530,2025-07-01,712
7842864197530,2025-07-02,712
7842864197530,2025-07-03,712
7842864197530,2025-07-04,712
7842864197530,2025-07-05,712
7842864197530,2025-07-06,712
7842864197530,2025-07-07,712
7842864197530,2025-07-08,712
7842864197530,2025-07-09,655
7842864197530,2025-07-10,655
7842864197530,2025-07-11,655
7842864197530,2025-07-12,655
7842864197530,2025-07-13,655
7842864197530,2025-07-14,655
7842864197530,2025-07-15,655
7842864197530,2025-07-16,590
7842864197530,2025-07-17,767
7842864197530,2025-07-18,767
7842864197530,2025-07-19,767
7842864197530,2025-07-20,767
7842864197530,2025-07-21,767
7842864197530,2025-07-22,767
7842864197530,2025-07-23,767
7842864197530,2025-07-24,767
7842864197530,2025-07-25,705
7842864197530,2025-07-26,705
7842864197530,2025-07-27,705
7842864197530,2025-07-28,705
7842864197530,2025-07-29,705
7842864197530,2025-07-30,705
7842864197530,2025-07-31,705
7842864197530,2025-08-01,705
7842864197530,2025-08-02,705
7842864197530,2025-08-03,648
7842864197530,2025-08-04,648
7842864197530,2025-08-05,648
7842864197530,2025-08-06,648
7842864197530,2025-08-07,648
7842864197530,2025-08-08,648
7842864197530,2025-08-09,648
7842864197530,2025-08-10,648
7842864197530,2025-08-11,596
7842864197530,2025-08-12,596
7842864197530,2025-08-13,596
7842864197530,2025-08-14,596
7842864197530,2025-08-15,596
7842864197530,2025-08-16,596
7842864197530,2025-08-17,596
7842864197530,2025-08-18,541
7842864197530,2025-08-19,541
7842864197530,2025-08-20,541
7842864197530,2025-08-21,541
7842864197530,2025-08-22,541
7842864197530,2025-08-23,767
7842864197530,2025-08-24,767
7842864197530,2025-08-25,767
7842864197530,2025-08-26,767
7842864197530,2025-08-27,713
7842864197530,2025-08-28,713
7842864197530,2025-08-29,713
7842864197530,2025-08-30,713
7842864197530,2025-08-31,713
7842864197530,2025-09-01,713
7842864197530,2025-09-02,668
7842864197530,2025-09-03,668
7842864197530,2025-09-04,668
7842864197530,2025-09-05,668
7842864197530,2025-09-06,668
7842864197530,2025-09-07,668
7842864197530,2025-09-08,668
7842864197530,2025-09-09,668
7842864197530,2025-09-10,668
7842864197530,2025-09-11,630
7842864197530,2025-09-12,630
7842864197530,2025-09-13,630
7842864197530,2025-09-14,630
7842864197530,2025-09-15,630
7842864197530,2025-09-16,580
7842864197530,2025-09-17,580
7842864197530,2025-09-18,580
7842864197530,2025-09-19,580
7842864197530,2025-09-20,580
7842864197530,2025-09-21,580
7842864197530,2025-09-22,580
7842864197530,2025-09-23,534
7842864197530,2025-09-24,534
7842864197530,2025-09-25,534
7842864197530,2025-09-26,534
7842864197530,2025-09-27,767
7842864197530,2025-09-28,767
7842864197530,2025-09-29,767
7842864197530,2025-09-30,767
7842864197530,2025-10-01,767
7842864197530,2025-10-02,767
7842864197530,2025-10-03,738
7842864197530,2025-10-04,738
7842864197530,2025-10-05,738
7842864197530,2025-10-06,738
7842864197530,2025-10-07,738
7842864197530,2025-10-08,709
7842864197530,2025-10-09,709
7842864197530,2025-10-10,709
7842864197530,2025-10-11,709
7842864197530,2025-10-12,709
7842864197530,2025-10-13,709
7842864197530,2025-10-14,709
7842864197530,2025-10-15,709
7842864197530,2025-10-16,683
7842864197530,2025-10-17,683
7842864197530,2025-10-18,683
7842864197530,2025-10-19,683
7842864197530,2025-10-20,683
7842864197530,2025-10-21,683
7842864197530,2025-10-22,683
7842864197530,2025-10-23,661
7842864197530,2025-10-24,661
7842864197530,2025-10-25,661
7842864197530,2025-10-26,767
7842864197530,2025-10-27,767
7842864197530,2025-10-28,767
7842864197530,2025-10-29,767
7842864197530,2025-10-30,767
7842864197530,2025-10-31,767
7842864197530,2025-11-01,753
7842864197530,2025-11-02,753
7842864197530,2025-11-03,753
7842864197530,2025-11-04,753
7842864197530,2025-11-05,753
7842864197530,2025-11-06,753
7842864197530,2025-11-07,750
7842864197530,2025-11-08,750
7842864197530,2025-11-09,750
7842864197530,2025-11-10,750
7842864197530,2025-11-11,750
7842864197530,2025-11-12,750
7842864197530,2025-11-13,750
7842864197530,2025-11-14,743
7842864197530,2025-11-15,743
7842864197530,2025-11-16,743
7842864197530,2025-11-17,767
7842864197530,2025-11-18,767
7842864197530,2025-11-19,767
7842864197530,2025-11-20,767
7842864197530,2025-11-21,767
7842864197530,2025-11-22,751
7842864197530,2025-11-23,751
7842864197530,2025-11-24,751
7842864197530,2025-11-25,751
7842864197530,2025-11-26,751
7842864197530,2025-11-27,751
7842864197530,2025-11-28,751
7842864197530,2025-11-29,751
7842864197530,2025-11-30,743
7842864197530,2025-12-01,743
7842864197530,2025-12-02,743
7842864197530,2025-12-03,743
7842864197530,2025-12-04,743
7842864197530,2025-12-05,743
7842864197530,2025-12-06,743
7842864197530,2025-12-07,743
7842864197530,2025-12-08,743
7842864197530,2025-12-09,743
7842864197530,2025-12-10,743
7842864197530,2025-12-11,743
7842864197530,2025-12-12,743
7842864197530,2025-12-13,743
7842864197530,2025-12-14,743
7842864197530,2025-12-15,743
7842864197530,2025-12-16,743
7842864197530,2025-12-17,743
7842864197530,2025-12-18,767
7842864197530,2025-12-19,767
7842864197530,2025-12-20,767
7842864197530,2025-12-21,754
7842864197530,2025-12-22,754
7842864197530,2025-12-23,754
7842864197530,2025-12-24,754
7842864197530,2025-12-25,754
7842864197530,2025-12-26,754
7842864197530,2025-12-27,754
7842864197530,2025-12-28,749
7842864197530,2025-12-29,749
7842864197530,2025-12-30,749
7842864197530,2025-12-31,749
7842864197530,2026-01-01,749
7842864197530,2026-01-02,743
7842864197530,2026-01-03,743
7842864197530,2026-01-04,743
7842864197530,2026-01-05,743
7842864197530,2026-01-06,743
7842864197530,2026-01-07,743
7842864197530,2026-01-08,743
7842864197530,2026-01-09,743
7842864197530,2026-01-10,743
7842864197530,2026-01-11,743
7842864197530,2026-01-12,743
7842864197530,2026-01-13,743
7842864197530,2026-01-14,743
7842864197530,2026-01-15,743
7842864197530,2026-01-16,743
7842864197530,2026-01-17,743
7842864197530,2026-01-18,743
7842864197530,2026-01-19,743
7842864197530,2026-01-20,767
7842864197530,2026-01-21,767
7842864197530,2026-01-22,767
7842864197530,2026-01-23,767
7842864197530,2026-01-24,767
7842864197530,2026-01-25,767
7842864197530,2026-01-26,767
7842864197530,2026-01-27,767
7842864197530,2026-01-28,767
7842864197530,2026-01-29,767
7842864197530,2026-01-30,767
7842864197530,2026-01-31,767
7842864197530,2026-02-01,767
7842864197530,2026-02-02,767
7842864197530,2026-02-03,761
7842864197530,2026-02-04,761
7842864197530,2026-02-05,761
7842864197530,2026-02-06,761
7842864197530,2026-02-07,761
7842864197530,2026-02-08,761
7842864197530,2026-02-09,761
7842864197530,2026-02-10,761
7842864197530,2026-02-11,761
7842864197530,2026-02-12,761
7842864197530,2026-02-13,761
7842864197530,2026-02-14,761
7842864197530,2026-02-15,761
7842864197530,2026-02-16,761
7842864197530,2026-02-17,761
7842864197530,2026-02-18,761
7842864197530,2026-02-19,761
7842864197530,2026-02-20,761
7842864197530,2026-02-21,751
7842864197530,2026-02-22,751
7842864197530,2026-02-23,767
7842864197530,2026-02-24,767
7842864197530,2026-02-25,767
7842864197530,2026-02-26,767
7842864197530,2026-02-27,767
7842864197530,2026-02-28,767
7842864197530,2026-03-01,767
7842864197530,2026-03-02,767
7842864197530,2026-03-03,754
7842864197530,2026-03-04,754
7842864197530,2026-03-05,754
7842864197530,2026-03-06,754
7842864197530,2026-03-07,754
7842864197530,2026-03-08,754
7842864197530,2026-03-09,741
7842864197530,2026-03-10,741
7842864197530,2026-03-11,741
7842864197530,2026-03-12,741
7842864197530,2026-03-13,741
7842864197530,2026-03-14,728
7842864197530,2026-03-15,767
7842864197530,2026-03-16,767
7842864197530,2026-03-17,767
7842864197530,2026-03-18,767
7842864197530,2026-03-19,767
7842864197530,2026-03-20,767
7842864197530,2026-03-21,767
7842864197530,2026-03-22,767
7842864197530,2026-03-23,767
7842864197530,2026-03-24,754
7842864197530,2026-03-25,754
7842864197530,2026-03-26,754
7842864197530,2026-03-27,754
7842864197530,2026-03-28,754
7842864197530,2026-03-29,754
7842864197530,2026-03-30,754
7842864197530,2026-03-31,754
7842864197530,2026-04-01,754
7842864197530,2026-04-02,754
7842864197530,2026-04-03,725
7842864197530,2026-04-04,725
7842864197530,2026-04-05,725
7842864197530,2026-04-06,725
7842864197530,2026-04-07,725
7842864197530,2026-04-08,767
7842864197530,2026-04-09,767
7842864197530,2026-04-10,767
7842864197530,2026-04-11,767
7842864197530,2026-04-12,738
7842864197530,2026-04-13,738
7842864197530,2026-04-14,738
7842864197530,2026-04-15,738
7842864197530,2026-04-16,738
7842864197530,2026-04-17,738
7842864197530,2026-04-18,738
7842864197530,2026-04-19,710
7842864197530,2026-04-20,710
7842864197530,2026-04-21,710
7842864197530,2026-04-22,710
7842864197530,2026-04-23,710
7842864197530,2026-04-24,710
7842864197530,2026-04-25,693
7842864197530,2026-04-26,693
7842864197530,2026-04-27,693
7842864197530,2026-04-28,693
7842864197530,2026-04-29,693
7842864197530,2026-04-30,693
7842864197530,2026-05-01,693
7842864197530,2026-05-02,693
7842864197530,2026-05-03,655
7842864197530,2026-05-04,655
7842864197530,2026-05-05,655
7842864197530,2026-05-06,655
7842864197530,2026-05-07,655
7842864197530,2026-05-08,655
7842864197530,2026-05-09,655
7842864197530,2026-05-10,767
7842864197530,2026-05-11,767
7842864197530,2026-05-12,767
7842864197530,2026-05-13,726
7842864197530,2026-05-14,726
7842864197530,2026-05-15,726
7842864197530,2026-05-16,726
7842864197530,2026-05-17,726
7842864197530,2026-05-18,726
7842864197530,2026-05-19,684
7842864197530,2026-05-20,684
7842864197530,2026-05-21,684
7842864197530,2026-05-22,684
7842864197530,2026-05-23,684
7842864197530,2026-05-24,684
7842864197530,2026-05-25,640
7842864197530,2026-05-26,640
7842864197530,2026-05-27,640
7842864197530,2026-05-28,640
7842864197530,2026-05-29,640
7842864197530,2026-05-30,640
7842864197530,2026-05-31,640
7842864197530,2026-06-01,640
7842864197530,2026-06-02,640
7842864197530,2026-06-03,582
7842864197530,2026-06-04,582
7842864197530,2026-06-05,582
7842864197530,2026-06-06,582
7842864197530,2026-06-07,582
7842864197530,2026-06-08,582
7842864197530,2026-06-09,524
7842864197530,2026-06-10,524
7842864197530,2026-06-11,524
7842864197530,2026-06-12,524
7842864197530,2026-06-13,524
7842864197530,2026-06-14,476
7842864197530,2026-06-15,476
7842864197530,2026-06-16,476
7842864197530,2026-06-17,476
7842864197530,2026-06-18,476
7842864197530,2026-06-19,767
7842864197530,2026-06-20,767
7842864197530,2026-06-21,767
7842864197530,2026-06-22,712
7842864197530,2026-06-23,712
7842864197530,2026-06-24,712
7842864197530,2026-06-25,712
7842864197530,2026-06-26,712
7842864197530,2026-06-27,712
7842864197530,2026-06-28,712
7842864197530,2026-06-29,712
7842864197530,2026-06-30,658
7842864197530,2026-07-01,658
7845391728468,2024-01-01,300
7845391728468,2024-01-02,300
7845391728468,2024-01-03,300
7845391728468,2024-01-04,300
7845391728468,2024-01-05,300
7845391728468,2024-01-06,300
7845391728468,2024-01-07,299
7845391728468,2024-01-08,299
7845391728468,2024-01-09,299
7845391728468,2024-01-10,299
7845391728468,2024-01-11,299
7845391728468,2024-01-12,299
7845391728468,2024-01-13,299
7845391728468,2024-01-14,299
7845391728468,2024-01-15,299
7845391728468,2024-01-16,299
7845391728468,2024-01-17,299
7845391728468,2024-01-18,299
7845391728468,2024-01-19,299
7845391728468,2024-01-20,299
7845391728468,2024-01-21,299
7845391728468,2024-01-22,299
7845391728468,2024-01-23,299
7845391728468,2024-01-24,299
7845391728468,2024-01-25,299
7845391728468,2024-01-26,299
7845391728468,2024-01-27,295
7845391728468,2024-01-28,295
7845391728468,2024-01-29,295
7845391728468,2024-01-30,295
7845391728468,2024-01-31,295
7845391728468,2024-02-01,295
7845391728468,2024-02-02,295
7845391728468,2024-02-03,295
7845391728468,2024-02-04,295
7845391728468,2024-02-05,286
7845391728468,2024-02-06,286
7845391728468,2024-02-07,286
7845391728468,2024-02-08,286
7845391728468,2024-02-09,286
7845391728468,2024-02-10,286
7845391728468,2024-02-11,286
7845391728468,2024-02-12,286
7845391728468,2024-02-13,286
7845391728468,2024-02-14,286
7845391728468,2024-02-15,286
7845391728468,2024-02-16,286
7845391728468,2024-02-17,286
7845391728468,2024-02-18,286
7845391728468,2024-02-19,286
7845391728468,2024-02-20,286
7845391728468,2024-02-21,286
7845391728468,2024-02-22,286
7845391728468,2024-02-23,279
7845391728468,2024-02-24,279
7845391728468,2024-02-25,279
7845391728468,2024-02-26,279
7845391728468,2024-02-27,279
7845391728468,2024-02-28,279
7845391728468,2024-02-29,279
7845391728468,2024-03-01,279
7845391728468,2024-03-02,279
7845391728468,2024-03-03,279
7845391728468,2024-03-04,258
7845391728468,2024-03-05,258
7845391728468,2024-03-06,258
7845391728468,2024-03-07,258
7845391728468,2024-03-08,258
7845391728468,2024-03-09,258
7845391728468,2024-03-10,258
7845391728468,2024-03-11,245
7845391728468,2024-03-12,245
7845391728468,2024-03-13,245
7845391728468,2024-03-14,245
7845391728468,2024-03-15,245
7845391728468,2024-03-16,245
7845391728468,2024-03-17,245
7845391728468,2024-03-18,245
7845391728468,2024-03-19,226
7845391728468,2024-03-20,226
7845391728468,2024-03-21,226
7845391728468,2024-03-22,226
7845391728468,2024-03-23,226
7845391728468,2024-03-24,226
7845391728468,2024-03-25,226
7845391728468,2024-03-26,226
7845391728468,2024-03-27,226
7845391728468,2024-03-28,226
7845391728468,2024-03-29,217
7845391728468,2024-03-30,217
7845391728468,2024-03-31,217
7845391728468,2024-04-01,217
7845391728468,2024-04-02,217
7845391728468,2024-04-03,217
7845391728468,2024-04-04,217
7845391728468,2024-04-05,194
7845391728468,2024-04-06,194
7845391728468,2024-04-07,194
7845391728468,2024-04-08,194
7845391728468,2024-04-09,194
7845391728468,2024-04-10,194
7845391728468,2024-04-11,194
7845391728468,2024-04-12,194
7845391728468,2024-04-13,194
7845391728468,2024-04-14,161
7845391728468,2024-04-15,161
7845391728468,2024-04-16,161
7845391728468,2024-04-17,161
7845391728468,2024-04-18,161
7845391728468,2024-04-19,161
7845391728468,2024-04-20,161
7845391728468,2024-04-21,126
7845391728468,2024-04-22,126
7845391728468,2024-04-23,126
7845391728468,2024-04-24,126
7845391728468,2024-04-25,126
7845391728468,2024-04-26,126
7845391728468,2024-04-27,126
7845391728468,2024-04-28,126
7845391728468,2024-04-29,102
7845391728468,2024-04-30,102
7845391728468,2024-05-01,102
7845391728468,2024-05-02,102
7845391728468,2024-05-03,102
7845391728468,2024-05-04,120
7845391728468,2024-05-05,120
7845391728468,2024-05-06,120
7845391728468,2024-05-07,120
7845391728468,2024-05-08,120
7845391728468,2024-05-09,120
7845391728468,2024-05-10,120
7845391728468,2024-05-11,120
7845391728468,2024-05-12,82
7845391728468,2024-05-13,82
7845391728468,2024-05-14,82
7845391728468,2024-05-15,82
7845391728468,2024-05-16,82
7845391728468,2024-05-17,82
7845391728468,2024-05-18,82
7845391728468,2024-05-19,120
7845391728468,2024-05-20,120
7845391728468,2024-05-21,120
7845391728468,2024-05-22,120
7845391728468,2024-05-23,120
7845391728468,2024-05-24,120
7845391728468,2024-05-25,120
7845391728468,2024-05-26,79
7845391728468,2024-05-27,79
7845391728468,2024-05-28,79
7845391728468,2024-05-29,79
7845391728468,2024-05-30,79
7845391728468,2024-05-31,79
7845391728468,2024-06-01,79
7845391728468,2024-06-02,120
7845391728468,2024-06-03,120
7845391728468,2024-06-04,120
7845391728468,2024-06-05,120
7845391728468,2024-06-06,120
7845391728468,2024-06-07,120
7845391728468,2024-06-08,120
7845391728468,2024-06-09,120
7845391728468,2024-06-10,120
7845391728468,2024-06-11,120
7845391728468,2024-06-12,120
7845391728468,2024-06-13,120
7845391728468,2024-06-14,120
7845391728468,2024-06-15,120
7845391728468,2024-06-16,120
7845391728468,2024-06-17,120
7845391728468,2024-06-18,120
7845391728468,2024-06-19,120
7845391728468,2024-06-20,120
7845391728468,2024-06-21,120
7845391728468,2024-06-22,120
7845391728468,2024-06-23,120
7845391728468,2024-06-24,120
7845391728468,2024-06-25,120
7845391728468,2024-06-26,120
7845391728468,2024-06-27,120
7845391728468,2024-06-28,120
7845391728468,2024-06-29,120
7845391728468,2024-06-30,120
7845391728468,2024-07-01,120
7845391728468,2024-07-02,120
7845391728468,2024-07-03,120
7845391728468,2024-07-04,120
7845391728468,2024-07-05,120
7845391728468,2024-07-06,120
7845391728468,2024-07-07,120
7845391728468,2024-07-08,120
7845391728468,2024-07-09,120
7845391728468,2024-07-10,120
7845391728468,2024-07-11,120
7845391728468,2024-07-12,120
7845391728468,2024-07-13,120
7845391728468,2024-07-14,120
7845391728468,2024-07-15,120
7845391728468,2024-07-16,120
7845391728468,2024-07-17,120
7845391728468,2024-07-18,120
7845391728468,2024-07-19,120
7845391728468,2024-07-20,120
7845391728468,2024-07-21,120
7845391728468,2024-07-22,120
7845391728468,2024-07-23,120
7845391728468,2024-07-24,120
7845391728468,2024-07-25,120
7845391728468,2024-07-26,120
7845391728468,2024-07-27,120
7845391728468,2024-07-28,120
7845391728468,2024-07-29,120
7845391728468,2024-07-30,120
7845391728468,2024-07-31,120
7845391728468,2024-08-01,120
7845391728468,2024-08-02,120
7845391728468,2024-08-03,120
7845391728468,2024-08-04,120
7845391728468,2024-08-05,120
7845391728468,2024-08-06,120
7845391728468,2024-08-07,120
7845391728468,2024-08-08,120
7845391728468,2024-08-09,120
7845391728468,2024-08-10,120
7845391728468,2024-08-11,120
7845391728468,2024-08-12,120
7845391728468,2024-08-13,120
7845391728468,2024-08-14,120
7845391728468,2024-08-15,120
7845391728468,2024-08-16,120
7845391728468,2024-08-17,120
7845391728468,2024-08-18,120
7845391728468,2024-08-19,120
7845391728468,2024-08-20,120
7845391728468,2024-08-21,120
7845391728468,2024-08-22,120
7845391728468,2024-08-23,120
7845391728468,2024-08-24,120
7845391728468,2024-08-25,120
7845391728468,2024-08-26,120
7845391728468,2024-08-27,120
7845391728468,2024-08-28,120
7845391728468,2024-08-29,120
7845391728468,2024-08-30,120
7845391728468,2024-08-31,120
7845391728468,2024-09-01,120
7845391728468,2024-09-02,82
7845391728468,2024-09-03,82
7845391728468,2024-09-04,82
7845391728468,2024-09-05,82
7845391728468,2024-09-06,82
7845391728468,2024-09-07,120
7845391728468,2024-09-08,120
7845391728468,2024-09-09,120
7845391728468,2024-09-10,120
7845391728468,2024-09-11,120
7845391728468,2024-09-12,120
7845391728468,2024-09-13,120
7845391728468,2024-09-14,120
7845391728468,2024-09-15,120
7845391728468,2024-09-16,77
7845391728468,2024-09-17,77
7845391728468,2024-09-18,77
7845391728468,2024-09-19,77
7845391728468,2024-09-20,77
7845391728468,2024-09-21,77
7845391728468,2024-09-22,77
7845391728468,2024-09-23,77
7845391728468,2024-09-24,77
7845391728468,2024-09-25,77
7845391728468,2024-09-26,120
7845391728468,2024-09-27,120
7845391728468,2024-09-28,120
7845391728468,2024-09-29,120
7845391728468,2024-09-30,120
7845391728468,2024-10-01,120
7845391728468,2024-10-02,120
7845391728468,2024-10-03,120
7845391728468,2024-10-04,98
7845391728468,2024-10-05,98
7845391728468,2024-10-06,98
7845391728468,2024-10-07,98
7845391728468,2024-10-08,98
7845391728468,2024-10-09,98
7845391728468,2024-10-10,98
7845391728468,2024-10-11,98
7845391728468,2024-10-12,98
7845391728468,2024-10-13,98
7845391728468,2024-10-14,120
7845391728468,2024-10-15,120
7845391728468,2024-10-16,120
7845391728468,2024-10-17,120
7845391728468,2024-10-18,120
7845391728468,2024-10-19,120
7845391728468,2024-10-20,120
7845391728468,2024-10-21,91
7845391728468,2024-10-22,91
7845391728468,2024-10-23,91
7845391728468,2024-10-24,91
7845391728468,2024-10-25,91
7845391728468,2024-10-26,91
7845391728468,2024-10-27,91
7845391728468,2024-10-28,91
7845391728468,2024-10-29,120
7845391728468,2024-10-30,120
7845391728468,2024-10-31,120
7845391728468,2024-11-01,120
7845391728468,2024-11-02,120
7845391728468,2024-11-03,120
7845391728468,2024-11-04,120
7845391728468,2024-11-05,120
7845391728468,2024-11-06,120
7845391728468,2024-11-07,105
7845391728468,2024-11-08,105
7845391728468,2024-11-09,105
7845391728468,2024-11-10,105
7845391728468,2024-11-11,105
7845391728468,2024-11-12,92
7845391728468,2024-11-13,92
7845391728468,2024-11-14,92
7845391728468,2024-11-15,92
7845391728468,2024-11-16,92
7845391728468,2024-11-17,92
7845391728468,2024-11-18,92
7845391728468,2024-11-19,92
7845391728468,2024-11-20,92
7845391728468,2024-11-21,92
7845391728468,2024-11-22,77
7845391728468,2024-11-23,77
7845391728468,2024-11-24,77
7845391728468,2024-11-25,77
7845391728468,2024-11-26,77
7845391728468,2024-11-27,120
7845391728468,2024-11-28,120
7845391728468,2024-11-29,120
7845391728468,2024-11-30,120
7845391728468,2024-12-01,120
7845391728468,2024-12-02,120
7845391728468,2024-12-03,120
7845391728468,2024-12-04,120
7845391728468,2024-12-05,120
7845391728468,2024-12-06,120
7845391728468,2024-12-07,120
7845391728468,2024-12-08,120
7845391728468,2024-12-09,120
7845391728468,2024-12-10,120
7845391728468,2024-12-11,120
7845391728468,2024-12-12,120
7845391728468,2024-12-13,120
7845391728468,2024-12-14,120
7845391728468,2024-12-15,120
7845391728468,2024-12-16,120
7845391728468,2024-12-17,120
7845391728468,2024-12-18,120
7845391728468,2024-12-19,120
7845391728468,2024-12-20,117
7845391728468,2024-12-21,117
7845391728468,2024-12-22,117
7845391728468,2024-12-23,117
7845391728468,2024-12-24,117
7845391728468,2024-12-25,117
7845391728468,2024-12-26,117
7845391728468,2024-12-27,117
7845391728468,2024-12-28,115
7845391728468,2024-12-29,115
7845391728468,2024-12-30,115
7845391728468,2024-12-31,115
7845391728468,2025-01-01,115
7845391728468,2025-01-02,115
7845391728468,2025-01-03,115
7845391728468,2025-01-04,115
7845391728468,2025-01-05,115
7845391728468,2025-01-06,115
7845391728468,2025-01-07,115
7845391728468,2025-01-08,115
7845391728468,2025-01-09,115
7845391728468,2025-01-10,115
7845391728468,2025-01-11,115
7845391728468,2025-01-12,120
7845391728468,2025-01-13,120
7845391728468,2025-01-14,120
7845391728468,2025-01-15,120
7845391728468,2025-01-16,120
7845391728468,2025-01-17,120
7845391728468,2025-01-18,116
7845391728468,2025-01-19,116
7845391728468,2025-01-20,116
7845391728468,2025-01-21,116
7845391728468,2025-01-22,116
7845391728468,2025-01-23,116
7845391728468,2025-01-24,116
7845391728468,2025-01-25,116
7845391728468,2025-01-26,116
7845391728468,2025-01-27,116
7845391728468,2025-01-28,116
7845391728468,2025-01-29,116
7845391728468,2025-01-30,116
7845391728468,2025-01-31,116
7845391728468,2025-02-01,116
7845391728468,2025-02-02,116
7845391728468,2025-02-03,116
7845391728468,2025-02-04,116
7845391728468,2025-02-05,116
7845391728468,2025-02-06,116
7845391728468,2025-02-07,116
7845391728468,2025-02-08,116
7845391728468,2025-02-09,116
7845391728468,2025-02-10,116
7845391728468,2025-02-11,116
7845391728468,2025-02-12,113
7845391728468,2025-02-13,113
7845391728468,2025-02-14,113
7845391728468,2025-02-15,113
7845391728468,2025-02-16,113
7845391728468,2025-02-17,113
7845391728468,2025-02-18,113
7845391728468,2025-02-19,120
7845391728468,2025-02-20,120
7845391728468,2025-02-21,120
7845391728468,2025-02-22,120
7845391728468,2025-02-23,120
7845391728468,2025-02-24,120
7845391728468,2025-02-25,120
7845391728468,2025-02-26,108
7845391728468,2025-02-27,108
7845391728468,2025-02-28,108
7845391728468,2025-03-01,108
7845391728468,2025-03-02,108
7845391728468,2025-03-03,108
7845391728468,2025-03-04,108
7845391728468,2025-03-05,108
7845391728468,2025-03-06,108
7845391728468,2025-03-07,108
7845391728468,2025-03-08,88
7845391728468,2025-03-09,88
7845391728468,2025-03-10,88
7845391728468,2025-03-11,88
7845391728468,2025-03-12,88
7845391728468,2025-03-13,120
7845391728468,2025-03-14,120
7845391728468,2025-03-15,120
7845391728468,2025-03-16,120
7845391728468,2025-03-17,120
7845391728468,2025-03-18,102
7845391728468,2025-03-19,102
7845391728468,2025-03-20,102
7845391728468,2025-03-21,102
7845391728468,2025-03-22,102
7845391728468,2025-03-23,102
7845391728468,2025-03-24,102
7845391728468,2025-03-25,83
7845391728468,2025-03-26,83
7845391728468,2025-03-27,83
7845391728468,2025-03-28,83
7845391728468,2025-03-29,83
7845391728468,2025-03-30,120
7845391728468,2025-03-31,120
7845391728468,2025-04-01,120
7845391728468,2025-04-02,120
7845391728468,2025-04-03,120
7845391728468,2025-04-04,120
7845391728468,2025-04-05,120
7845391728468,2025-04-06,120
7845391728468,2025-04-07,120
7845391728468,2025-04-08,120
7845391728468,2025-04-09,85
7845391728468,2025-04-10,85
7845391728468,2025-04-11,85
7845391728468,2025-04-12,85
7845391728468,2025-04-13,85
7845391728468,2025-04-14,120
7845391728468,2025-04-15,120
7845391728468,2025-04-16,120
7845391728468,2025-04-17,120
7845391728468,2025-04-18,120
7845391728468,2025-04-19,120
7845391728468,2025-04-20,120
7845391728468,2025-04-21,120
7845391728468,2025-04-22,120
7845391728468,2025-04-23,120
7845391728468,2025-04-24,87
7845391728468,2025-04-25,87
7845391728468,2025-04-26,87
7845391728468,2025-04-27,87
7845391728468,2025-04-28,87
7845391728468,2025-04-29,87
7845391728468,2025-04-30,87
7845391728468,2025-05-01,87
7845391728468,2025-05-02,87
7845391728468,2025-05-03,120
7845391728468,2025-05-04,120
7845391728468,2025-05-05,120
7845391728468,2025-05-06,120
7845391728468,2025-05-07,120
7845391728468,2025-05-08,120
7845391728468,2025-05-09,120
7845391728468,2025-05-10,120
7845391728468,2025-05-11,120
7845391728468,2025-05-12,120
7845391728468,2025-05-13,120
7845391728468,2025-05-14,120
7845391728468,2025-05-15,83
7845391728468,2025-05-16,83
7845391728468,2025-05-17,83
7845391728468,2025-05-18,83
7845391728468,2025-05-19,83
7845391728468,2025-05-20,83
7845391728468,2025-05-21,83
7845391728468,2025-05-22,83
7845391728468,2025-05-23,83
7845391728468,2025-05-24,83
7845391728468,2025-05-25,120
7845391728468,2025-05-26,120
7845391728468,2025-05-27,120
7845391728468,2025-05-28,120
7845391728468,2025-05-29,120
7845391728468,2025-05-30,120
7845391728468,2025-05-31,120
7845391728468,2025-06-01,120
7845391728468,2025-06-02,120
7845391728468,2025-06-03,120
7845391728468,2025-06-04,120
7845391728468,2025-06-05,120
7845391728468,2025-06-06,120
7845391728468,2025-06-07,120
7845391728468,2025-06-08,120
7845391728468,2025-06-09,120
7845391728468,2025-06-10,120
7845391728468,2025-06-11,120
7845391728468,2025-06-12,120
7845391728468,2025-06-13,120
7845391728468,2025-06-14,120
7845391728468,2025-06-15,120
7845391728468,2025-06-16,120
7845391728468,2025-06-17,120
7845391728468,2025-06-18,120
7845391728468,2025-06-19,120
7845391728468,2025-06-20,120
7845391728468,2025-06-21,120
7845391728468,2025-06-22,120
7845391728468,2025-06-23,120
7845391728468,2025-06-24,120
7845391728468,2025-06-25,120
7845391728468,2025-06-26,120
7845391728468,2025-06-27,120
7845391728468,2025-06-28,120
7845391728468,2025-06-29,120
7845391728468,2025-06-30,120
7845391728468,2025-07-01,120
7845391728468,2025-07-02,120
7845391728468,2025-07-03,120
7845391728468,2025-07-04,120
7845391728468,2025-07-05,120
7845391728468,2025-07-06,120
7845391728468,2025-07-07,120
7845391728468,2025-07-08,120
7845391728468,2025-07-09,120
7845391728468,2025-07-10,120
7845391728468,2025-07-11,120
7845391728468,2025-07-12,120
7845391728468,2025-07-13,120
7845391728468,2025-07-14,120
7845391728468,2025-07-15,120
7845391728468,2025-07-16,120
7845391728468,2025-07-17,120
7845391728468,2025-07-18,120
7845391728468,2025-07-19,120
7845391728468,2025-07-20,120
7845391728468,2025-07-21,120
7845391728468,2025-07-22,120
7845391728468,2025-07-23,120
7845391728468,2025-07-24,120
7845391728468,2025-07-25,120
7845391728468,2025-07-26,120
7845391728468,2025-07-27,120
7845391728468,2025-07-28,120
7845391728468,2025-07-29,120
7845391728468,2025-07-30,120
7845391728468,2025-07-31,120
7845391728468,2025-08-01,120
7845391728468,2025-08-02,120
7845391728468,2025-08-03,120
7845391728468,2025-08-04,120
7845391728468,2025-08-05,120
7845391728468,2025-08-06,120
7845391728468,2025-08-07,120
7845391728468,2025-08-08,120
7845391728468,2025-08-09,120
7845391728468,2025-08-10,120
7845391728468,2025-08-11,120
7845391728468,2025-08-12,120
7845391728468,2025-08-13,120
7845391728468,2025-08-14,120
7845391728468,2025-08-15,120
7845391728468,2025-08-16,120
7845391728468,2025-08-17,120
7845391728468,2025-08-18,120
7845391728468,2025-08-19,120
7845391728468,2025-08-20,120
7845391728468,2025-08-21,120
7845391728468,2025-08-22,120
7845391728468,2025-08-23,120
7845391728468,2025-08-24,120
7845391728468,2025-08-25,120
7845391728468,2025-08-26,120
7845391728468,2025-08-27,120
7845391728468,2025-08-28,120
7845391728468,2025-08-29,120
7845391728468,2025-08-30,120
7845391728468,2025-08-31,120
7845391728468,2025-09-01,120
7845391728468,2025-09-02,120
7845391728468,2025-09-03,120
7845391728468,2025-09-04,120
7845391728468,2025-09-05,120
7845391728468,2025-09-06,120
7845391728468,2025-09-07,120
7845391728468,2025-09-08,120
7845391728468,2025-09-09,120
7845391728468,2025-09-10,120
7845391728468,2025-09-11,120
7845391728468,2025-09-12,120
7845391728468,2025-09-13,120
7845391728468,2025-09-14,120
7845391728468,2025-09-15,120
7845391728468,2025-09-16,120
7845391728468,2025-09-17,120
7845391728468,2025-09-18,120
7845391728468,2025-09-19,120
7845391728468,2025-09-20,120
7845391728468,2025-09-21,120
7845391728468,2025-09-22,120
7845391728468,2025-09-23,78
7845391728468,2025-09-24,78
7845391728468,2025-09-25,78
7845391728468,2025-09-26,78
7845391728468,2025-09-27,78
7845391728468,2025-09-28,78
7845391728468,2025-09-29,78
7845391728468,2025-09-30,78
7845391728468,2025-10-01,78
7845391728468,2025-10-02,120
7845391728468,2025-10-03,120
7845391728468,2025-10-04,120
7845391728468,2025-10-05,120
7845391728468,2025-10-06,120
7845391728468,2025-10-07,120
7845391728468,2025-10-08,120
7845391728468,2025-10-09,120
7845391728468,2025-10-10,89
7845391728468,2025-10-11,89
7845391728468,2025-10-12,89
7845391728468,2025-10-13,89
7845391728468,2025-10-14,89
7845391728468,2025-10-15,89
7845391728468,2025-10-16,89
7845391728468,2025-10-17,120
7845391728468,2025-10-18,120
7845391728468,2025-10-19,120
7845391728468,2025-10-20,120
7845391728468,2025-10-21,120
7845391728468,2025-10-22,120
7845391728468,2025-10-23,120
7845391728468,2025-10-24,120
7845391728468,2025-10-25,120
7845391728468,2025-10-26,120
7845391728468,2025-10-27,95
7845391728468,2025-10-28,95
7845391728468,2025-10-29,95
7845391728468,2025-10-30,95
7845391728468,2025-10-31,95
7845391728468,2025-11-01,95
7845391728468,2025-11-02,95
7845391728468,2025-11-03,95
7845391728468,2025-11-04,95
7845391728468,2025-11-05,95
7845391728468,2025-11-06,82
7845391728468,2025-11-07,82
7845391728468,2025-11-08,82
7845391728468,2025-11-09,82
7845391728468,2025-11-10,82
7845391728468,2025-11-11,82
7845391728468,2025-11-12,82
7845391728468,2025-11-13,120
7845391728468,2025-11-14,106
7845391728468,2025-11-15,106
7845391728468,2025-11-16,106
7845391728468,2025-11-17,106
7845391728468,2025-11-18,106
7845391728468,2025-11-19,106
7845391728468,2025-11-20,106
7845391728468,2025-11-21,106
7845391728468,2025-11-22,88
7845391728468,2025-11-23,88
7845391728468,2025-11-24,88
7845391728468,2025-11-25,88
7845391728468,2025-11-26,88
7845391728468,2025-11-27,88
7845391728468,2025-11-28,88
7845391728468,2025-11-29,88
7845391728468,2025-11-30,120
7845391728468,2025-12-01,120
7845391728468,2025-12-02,120
7845391728468,2025-12-03,120
7845391728468,2025-12-04,120
7845391728468,2025-12-05,120
7845391728468,2025-12-06,120
7845391728468,2025-12-07,120
7845391728468,2025-12-08,117
7845391728468,2025-12-09,117
7845391728468,2025-12-10,117
7845391728468,2025-12-11,117
7845391728468,2025-12-12,117
7845391728468,2025-12-13,110
7845391728468,2025-12-14,110
7845391728468,2025-12-15,110
7845391728468,2025-12-16,110
7845391728468,2025-12-17,110
7845391728468,2025-12-18,110
7845391728468,2025-12-19,103
7845391728468,2025-12-20,103
7845391728468,2025-12-21,103
7845391728468,2025-12-22,103
7845391728468,2025-12-23,103
7845391728468,2025-12-24,103
7845391728468,2025-12-25,103
7845391728468,2025-12-26,120
7845391728468,2025-12-27,120
7845391728468,2025-12-28,120
7845391728468,2025-12-29,120
7845391728468,2025-12-30,120
7845391728468,2025-12-31,120
7845391728468,2026-01-01,120
7845391728468,2026-01-02,120
7845391728468,2026-01-03,120
7845391728468,2026-01-04,120
7845391728468,2026-01-05,120
7845391728468,2026-01-06,120
7845391728468,2026-01-07,120
7845391728468,2026-01-08,120
7845391728468,2026-01-09,120
7845391728468,2026-01-10,120
7845391728468,2026-01-11,120
7845391728468,2026-01-12,120
7845391728468,2026-01-13,120
7845391728468,2026-01-14,120
7845391728468,2026-01-15,120
7845391728468,2026-01-16,120
7845391728468,2026-01-17,120
7845391728468,2026-01-18,120
7845391728468,2026-01-19,120
7845391728468,2026-01-20,120
7845391728468,2026-01-21,120
7845391728468,2026-01-22,120
7845391728468,2026-01-23,120
7845391728468,2026-01-24,120
7845391728468,2026-01-25,120
7845391728468,2026-01-26,120
7845391728468,2026-01-27,120
7845391728468,2026-01-28,120
7845391728468,2026-01-29,120
7845391728468,2026-01-30,120
7845391728468,2026-01-31,117
7845391728468,2026-02-01,117
7845391728468,2026-02-02,117
7845391728468,2026-02-03,117
7845391728468,2026-02-04,117
7845391728468,2026-02-05,114
7845391728468,2026-02-06,114
7845391728468,2026-02-07,114
7845391728468,2026-02-08,114
7845391728468,2026-02-09,114
7845391728468,2026-02-10,114
7845391728468,2026-02-11,114
7845391728468,2026-02-12,114
7845391728468,2026-02-13,114
7845391728468,2026-02-14,104
7845391728468,2026-02-15,104
7845391728468,2026-02-16,104
7845391728468,2026-02-17,104
7845391728468,2026-02-18,104
7845391728468,2026-02-19,104
7845391728468,2026-02-20,104
7845391728468,2026-02-21,104
7845391728468,2026-02-22,102
7845391728468,2026-02-23,102
7845391728468,2026-02-24,102
7845391728468,2026-02-25,102
7845391728468,2026-02-26,102
7845391728468,2026-02-27,102
7845391728468,2026-02-28,120
7845391728468,2026-03-01,120
7845391728468,2026-03-02,120
7845391728468,2026-03-03,120
7845391728468,2026-03-04,120
7845391728468,2026-03-05,106
7845391728468,2026-03-06,106
7845391728468,2026-03-07,106
7845391728468,2026-03-08,106
7845391728468,2026-03-09,106
7845391728468,2026-03-10,106
7845391728468,2026-03-11,106
7845391728468,2026-03-12,106
7845391728468,2026-03-13,106
7845391728468,2026-03-14,92
7845391728468,2026-03-15,92
7845391728468,2026-03-16,92
7845391728468,2026-03-17,92
7845391728468,2026-03-18,92
7845391728468,2026-03-19,92
7845391728468,2026-03-20,92
7845391728468,2026-03-21,92
7845391728468,2026-03-22,120
7845391728468,2026-03-23,120
7845391728468,2026-03-24,120
7845391728468,2026-03-25,120
7845391728468,2026-03-26,120
7845391728468,2026-03-27,120
7845391728468,2026-03-28,105
7845391728468,2026-03-29,105
7845391728468,2026-03-30,105
7845391728468,2026-03-31,105
7845391728468,2026-04-01,105
7845391728468,2026-04-02,105
7845391728468,2026-04-03,105
7845391728468,2026-04-04,105
7845391728468,2026-04-05,105
7845391728468,2026-04-06,80
7845391728468,2026-04-07,80
7845391728468,2026-04-08,80
7845391728468,2026-04-09,80
7845391728468,2026-04-10,80
7845391728468,2026-04-11,120
7845391728468,2026-04-12,120
7845391728468,2026-04-13,120
7845391728468,2026-04-14,120
7845391728468,2026-04-15,86
7845391728468,2026-04-16,86
7845391728468,2026-04-17,86
7845391728468,2026-04-18,86
7845391728468,2026-04-19,86
7845391728468,2026-04-20,86
7845391728468,2026-04-21,86
7845391728468,2026-04-22,86
7845391728468,2026-04-23,120
7845391728468,2026-04-24,120
7845391728468,2026-04-25,120
7845391728468,2026-04-26,120
7845391728468,2026-04-27,120
7845391728468,2026-04-28,95
7845391728468,2026-04-29,95
7845391728468,2026-04-30,95
7845391728468,2026-05-01,95
7845391728468,2026-05-02,95
7845391728468,2026-05-03,95
7845391728468,2026-05-04,95
7845391728468,2026-05-05,95
7845391728468,2026-05-06,95
7845391728468,2026-05-07,95
7845391728468,2026-05-08,120
7845391728468,2026-05-09,120
7845391728468,2026-05-10,120
7845391728468,2026-05-11,120
7845391728468,2026-05-12,120
7845391728468,2026-05-13,120
7845391728468,2026-05-14,120
7845391728468,2026-05-15,120
7845391728468,2026-05-16,120
7845391728468,2026-05-17,87
7845391728468,2026-05-18,87
7845391728468,2026-05-19,87
7845391728468,2026-05-20,87
7845391728468,2026-05-21,87
7845391728468,2026-05-22,87
7845391728468,2026-05-23,120
7845391728468,2026-05-24,120
7845391728468,2026-05-25,120
7845391728468,2026-05-26,120
7845391728468,2026-05-27,120
7845391728468,2026-05-28,120
7845391728468,2026-05-29,120
7845391728468,2026-05-30,120
7845391728468,2026-05-31,120
7845391728468,2026-06-01,120
7845391728468,2026-06-02,120
7845391728468,2026-06-03,120
7845391728468,2026-06-04,120
7845391728468,2026-06-05,120
7845391728468,2026-06-06,120
7845391728468,2026-06-07,120
7845391728468,2026-06-08,120
7845391728468,2026-06-09,120
7845391728468,2026-06-10,120
7845391728468,2026-06-11,120
7845391728468,2026-06-12,120
7845391728468,2026-06-13,120
7845391728468,2026-06-14,120
7845391728468,2026-06-15,120
7845391728468,2026-06-16,120
7845391728468,2026-06-17,120
7845391728468,2026-06-18,120
7845391728468,2026-06-19,120
7845391728468,2026-06-20,120
7845391728468,2026-06-21,120
7845391728468,2026-06-22,120
7845391728468,2026-06-23,120
7845391728468,2026-06-24,120
7845391728468,2026-06-25,120
7845391728468,2026-06-26,120
7845391728468,2026-06-27,120
7845391728468,2026-06-28,120
7845391728468,2026-06-29,120
7845391728468,2026-06-30,120
7845391728468,2026-07-01,120
7848146953271,2024-01-01,765
7848146953271,2024-01-02,765
7848146953271,2024-01-03,765
7848146953271,2024-01-04,765
7848146953271,2024-01-05,765
7848146953271,2024-01-06,762
7848146953271,2024-01-07,762
7848146953271,2024-01-08,762
7848146953271,2024-01-09,762
7848146953271,2024-01-10,762
7848146953271,2024-01-11,762
7848146953271,2024-01-12,762
7848146953271,2024-01-13,762
7848146953271,2024-01-14,762
7848146953271,2024-01-15,762
7848146953271,2024-01-16,762
7848146953271,2024-01-17,762
7848146953271,2024-01-18,762
7848146953271,2024-01-19,762
7848146953271,2024-01-20,762
7848146953271,2024-01-21,762
7848146953271,2024-01-22,762
7848146953271,2024-01-23,762
7848146953271,2024-01-24,762
7848146953271,2024-01-25,762
7848146953271,2024-01-26,762
7848146953271,2024-01-27,761
7848146953271,2024-01-28,761
7848146953271,2024-01-29,761
7848146953271,2024-01-30,761
7848146953271,2024-01-31,761
7848146953271,2024-02-01,761
7848146953271,2024-02-02,760
7848146953271,2024-02-03,760
7848146953271,2024-02-04,760
7848146953271,2024-02-05,760
7848146953271,2024-02-06,760
7848146953271,2024-02-07,760
7848146953271,2024-02-08,760
7848146953271,2024-02-09,760
7848146953271,2024-02-10,760
7848146953271,2024-02-11,760
7848146953271,2024-02-12,754
7848146953271,2024-02-13,754
7848146953271,2024-02-14,754
7848146953271,2024-02-15,754
7848146953271,2024-02-16,754
7848146953271,2024-02-17,754
7848146953271,2024-02-18,754
7848146953271,2024-02-19,754
7848146953271,2024-02-20,749
7848146953271,2024-02-21,749
7848146953271,2024-02-22,749
7848146953271,2024-02-23,749
7848146953271,2024-02-24,749
7848146953271,2024-02-25,749
7848146953271,2024-02-26,749
7848146953271,2024-02-27,746
7848146953271,2024-02-28,746
7848146953271,2024-02-29,746
7848146953271,2024-03-01,746
7848146953271,2024-03-02,746
7848146953271,2024-03-03,746
7848146953271,2024-03-04,746
7848146953271,2024-03-05,746
7848146953271,2024-03-06,738
7848146953271,2024-03-07,738
7848146953271,2024-03-08,738
7848146953271,2024-03-09,738
7848146953271,2024-03-10,738
7848146953271,2024-03-11,738
7848146953271,2024-03-12,726
7848146953271,2024-03-13,726
7848146953271,2024-03-14,726
7848146953271,2024-03-15,726
7848146953271,2024-03-16,726
7848146953271,2024-03-17,726
7848146953271,2024-03-18,726
7848146953271,2024-03-19,714
7848146953271,2024-03-20,714
7848146953271,2024-03-21,714
7848146953271,2024-03-22,714
7848146953271,2024-03-23,714
7848146953271,2024-03-24,714
7848146953271,2024-03-25,714
7848146953271,2024-03-26,707
7848146953271,2024-03-27,707
7848146953271,2024-03-28,707
7848146953271,2024-03-29,707
7848146953271,2024-03-30,707
7848146953271,2024-03-31,707
7848146953271,2024-04-01,707
7848146953271,2024-04-02,707
7848146953271,2024-04-03,707
7848146953271,2024-04-04,707
7848146953271,2024-04-05,683
7848146953271,2024-04-06,683
7848146953271,2024-04-07,683
7848146953271,2024-04-08,683
7848146953271,2024-04-09,683
7848146953271,2024-04-10,683
7848146953271,2024-04-11,683
7848146953271,2024-04-12,654
7848146953271,2024-04-13,654
7848146953271,2024-04-14,654
7848146953271,2024-04-15,654
7848146953271,2024-04-16,654
7848146953271,2024-04-17,654
7848146953271,2024-04-18,654
7848146953271,2024-04-19,654
7848146953271,2024-04-20,654
7848146953271,2024-04-21,654
7848146953271,2024-04-22,623
7848146953271,2024-04-23,623
7848146953271,2024-04-24,623
7848146953271,2024-04-25,623
7848146953271,2024-04-26,623
7848146953271,2024-04-27,623
7848146953271,2024-04-28,623
7848146953271,2024-04-29,623
7848146953271,2024-04-30,623
7848146953271,2024-05-01,623
7848146953271,2024-05-02,581
7848146953271,2024-05-03,581
7848146953271,2024-05-04,581
7848146953271,2024-05-05,581
7848146953271,2024-05-06,581
7848146953271,2024-05-07,581
7848146953271,2024-05-08,581
7848146953271,2024-05-09,581
7848146953271,2024-05-10,581
7848146953271,2024-05-11,532
7848146953271,2024-05-12,532
7848146953271,2024-05-13,532
7848146953271,2024-05-14,532
7848146953271,2024-05-15,532
7848146953271,2024-05-16,532
7848146953271,2024-05-17,532
7848146953271,2024-05-18,486
7848146953271,2024-05-19,486
7848146953271,2024-05-20,486
7848146953271,2024-05-21,486
7848146953271,2024-05-22,486
7848146953271,2024-05-23,443
7848146953271,2024-05-24,443
7848146953271,2024-05-25,443
7848146953271,2024-05-26,443
7848146953271,2024-05-27,443
7848146953271,2024-05-28,443
7848146953271,2024-05-29,443
7848146953271,2024-05-30,443
7848146953271,2024-05-31,443
7848146953271,2024-06-01,443
7848146953271,2024-06-02,390
7848146953271,2024-06-03,390
7848146953271,2024-06-04,390
7848146953271,2024-06-05,390
7848146953271,2024-06-06,390
7848146953271,2024-06-07,390
7848146953271,2024-06-08,390
7848146953271,2024-06-09,390
7848146953271,2024-06-10,390
7848146953271,2024-06-11,338
7848146953271,2024-06-12,338
7848146953271,2024-06-13,338
7848146953271,2024-06-14,338
7848146953271,2024-06-15,338
7848146953271,2024-06-16,338
7848146953271,2024-06-17,338
7848146953271,2024-06-18,338
7848146953271,2024-06-19,278
7848146953271,2024-06-20,278
7848146953271,2024-06-21,278
7848146953271,2024-06-22,278
7848146953271,2024-06-23,278
7848146953271,2024-06-24,278
7848146953271,2024-06-25,278
7848146953271,2024-06-26,218
7848146953271,2024-06-27,218
7848146953271,2024-06-28,218
7848146953271,2024-06-29,218
7848146953271,2024-06-30,218
7848146953271,2024-07-01,166
7848146953271,2024-07-02,166
7848146953271,2024-07-03,166
7848146953271,2024-07-04,166
7848146953271,2024-07-05,166
7848146953271,2024-07-06,103
7848146953271,2024-07-07,103
7848146953271,2024-07-08,103
7848146953271,2024-07-09,103
7848146953271,2024-07-10,103
7848146953271,2024-07-11,103
7848146953271,2024-07-12,103
7848146953271,2024-07-13,103
7848146953271,2024-07-14,255
7848146953271,2024-07-15,255
7848146953271,2024-07-16,200
7848146953271,2024-07-17,200
7848146953271,2024-07-18,200
7848146953271,2024-07-19,200
7848146953271,2024-07-20,200
7848146953271,2024-07-21,200
7848146953271,2024-07-22,200
7848146953271,2024-07-23,144
7848146953271,2024-07-24,144
7848146953271,2024-07-25,144
7848146953271,2024-07-26,144
7848146953271,2024-07-27,144
7848146953271,2024-07-28,82
7848146953271,2024-07-29,82
7848146953271,2024-07-30,82
7848146953271,2024-07-31,82
7848146953271,2024-08-01,82
7848146953271,2024-08-02,82
7848146953271,2024-08-03,255
7848146953271,2024-08-04,255
7848146953271,2024-08-05,255
7848146953271,2024-08-06,255
7848146953271,2024-08-07,255
7848146953271,2024-08-08,255
7848146953271,2024-08-09,255
7848146953271,2024-08-10,255
7848146953271,2024-08-11,255
7848146953271,2024-08-12,199
7848146953271,2024-08-13,199
7848146953271,2024-08-14,199
7848146953271,2024-08-15,199
7848146953271,2024-08-16,199
7848146953271,2024-08-17,199
7848146953271,2024-08-18,199
7848146953271,2024-08-19,199
7848146953271,2024-08-20,199
7848146953271,2024-08-21,147
7848146953271,2024-08-22,147
7848146953271,2024-08-23,147
7848146953271,2024-08-24,147
7848146953271,2024-08-25,147
7848146953271,2024-08-26,255
7848146953271,2024-08-27,255
7848146953271,2024-08-28,255
7848146953271,2024-08-29,255
7848146953271,2024-08-30,255
7848146953271,2024-08-31,255
7848146953271,2024-09-01,255
7848146953271,2024-09-02,255
7848146953271,2024-09-03,219
7848146953271,2024-09-04,219
7848146953271,2024-09-05,219
7848146953271,2024-09-06,219
7848146953271,2024-09-07,219
7848146953271,2024-09-08,219
7848146953271,2024-09-09,219
7848146953271,2024-09-10,219
7848146953271,2024-09-11,219
7848146953271,2024-09-12,174
7848146953271,2024-09-13,174
7848146953271,2024-09-14,174
7848146953271,2024-09-15,174
7848146953271,2024-09-16,174
7848146953271,2024-09-17,174
7848146953271,2024-09-18,174
7848146953271,2024-09-19,174
7848146953271,2024-09-20,174
7848146953271,2024-09-21,128
7848146953271,2024-09-22,255
7848146953271,2024-09-23,255
7848146953271,2024-09-24,255
7848146953271,2024-09-25,255
7848146953271,2024-09-26,255
7848146953271,2024-09-27,213
7848146953271,2024-09-28,213
7848146953271,2024-09-29,213
7848146953271,2024-09-30,213
7848146953271,2024-10-01,213
7848146953271,2024-10-02,213
7848146953271,2024-10-03,213
7848146953271,2024-10-04,185
7848146953271,2024-10-05,185
7848146953271,2024-10-06,185
7848146953271,2024-10-07,185
7848146953271,2024-10-08,185
7848146953271,2024-10-09,185
7848146953271,2024-10-10,185
7848146953271,2024-10-11,185
7848146953271,2024-10-12,155
7848146953271,2024-10-13,155
7848146953271,2024-10-14,155
7848146953271,2024-10-15,155
7848146953271,2024-10-16,155
7848146953271,2024-10-17,155
7848146953271,2024-10-18,155
7848146953271,2024-10-19,155
7848146953271,2024-10-20,121
7848146953271,2024-10-21,121
7848146953271,2024-10-22,121
7848146953271,2024-10-23,121
7848146953271,2024-10-24,255
7848146953271,2024-10-25,230
7848146953271,2024-10-26,230
7848146953271,2024-10-27,230
7848146953271,2024-10-28,230
7848146953271,2024-10-29,230
7848146953271,2024-10-30,230
7848146953271,2024-10-31,230
7848146953271,2024-11-01,230
7848146953271,2024-11-02,230
7848146953271,2024-11-03,230
7848146953271,2024-11-04,211
7848146953271,2024-11-05,211
7848146953271,2024-11-06,211
7848146953271,2024-11-07,211
7848146953271,2024-11-08,211
7848146953271,2024-11-09,211
7848146953271,2024-11-10,211
7848146953271,2024-11-11,211
7848146953271,2024-11-12,203
7848146953271,2024-11-13,255
7848146953271,2024-11-14,255
7848146953271,2024-11-15,255
7848146953271,2024-11-16,255
7848146953271,2024-11-17,255
7848146953271,2024-11-18,255
7848146953271,2024-11-19,241
7848146953271,2024-11-20,241
7848146953271,2024-11-21,241
7848146953271,2024-11-22,241
7848146953271,2024-11-23,241
7848146953271,2024-11-24,241
7848146953271,2024-11-25,241
7848146953271,2024-11-26,241
7848146953271,2024-11-27,241
7848146953271,2024-11-28,228
7848146953271,2024-11-29,228
7848146953271,2024-11-30,228
7848146953271,2024-12-01,228
7848146953271,2024-12-02,228
7848146953271,2024-12-03,228
7848146953271,2024-12-04,228
7848146953271,2024-12-05,228
7848146953271,2024-12-06,228
7848146953271,2024-12-07,228
7848146953271,2024-12-08,228
7848146953271,2024-12-09,228
7848146953271,2024-12-10,224
7848146953271,2024-12-11,224
7848146953271,2024-12-12,224
7848146953271,2024-12-13,224
7848146953271,2024-12-14,255
7848146953271,2024-12-15,255
7848146953271,2024-12-16,255
7848146953271,2024-12-17,254
7848146953271,2024-12-18,254
7848146953271,2024-12-19,254
7848146953271,2024-12-20,254
7848146953271,2024-12-21,254
7848146953271,2024-12-22,236
7848146953271,2024-12-23,236
7848146953271,2024-12-24,236
7848146953271,2024-12-25,236
7848146953271,2024-12-26,236
7848146953271,2024-12-27,232
7848146953271,2024-12-28,232
7848146953271,2024-12-29,232
7848146953271,2024-12-30,232
7848146953271,2024-12-31,232
7848146953271,2025-01-01,232
7848146953271,2025-01-02,232
7848146953271,2025-01-03,232
7848146953271,2025-01-04,232
7848146953271,2025-01-05,232
7848146953271,2025-01-06,232
7848146953271,2025-01-07,232
7848146953271,2025-01-08,232
7848146953271,2025-01-09,232
7848146953271,2025-01-10,232
7848146953271,2025-01-11,232
7848146953271,2025-01-12,232
7848146953271,2025-01-13,255
7848146953271,2025-01-14,255
7848146953271,2025-01-15,255
7848146953271,2025-01-16,255
7848146953271,2025-01-17,255
7848146953271,2025-01-18,255
7848146953271,2025-01-19,255
7848146953271,2025-01-20,255
7848146953271,2025-01-21,255
7848146953271,2025-01-22,255
7848146953271,2025-01-23,255
7848146953271,2025-01-24,255
7848146953271,2025-01-25,255
7848146953271,2025-01-26,255
7848146953271,2025-01-27,255
7848146953271,2025-01-28,255
7848146953271,2025-01-29,255
7848146953271,2025-01-30,255
7848146953271,2025-01-31,255
7848146953271,2025-02-01,255
7848146953271,2025-02-02,246
7848146953271,2025-02-03,246
7848146953271,2025-02-04,246
7848146953271,2025-02-05,246
7848146953271,2025-02-06,246
7848146953271,2025-02-07,246
7848146953271,2025-02-08,246
7848146953271,2025-02-09,246
7848146953271,2025-02-10,246
7848146953271,2025-02-11,246
7848146953271,2025-02-12,246
7848146953271,2025-02-13,246
7848146953271,2025-02-14,246
7848146953271,2025-02-15,246
7848146953271,2025-02-16,246
7848146953271,2025-02-17,246
7848146953271,2025-02-18,246
7848146953271,2025-02-19,255
7848146953271,2025-02-20,255
7848146953271,2025-02-21,255
7848146953271,2025-02-22,255
7848146953271,2025-02-23,255
7848146953271,2025-02-24,255
7848146953271,2025-02-25,255
7848146953271,2025-02-26,252
7848146953271,2025-02-27,252
7848146953271,2025-02-28,252
7848146953271,2025-03-01,252
7848146953271,2025-03-02,252
7848146953271,2025-03-03,252
7848146953271,2025-03-04,252
7848146953271,2025-03-05,230
7848146953271,2025-03-06,230
7848146953271,2025-03-07,230
7848146953271,2025-03-08,230
7848146953271,2025-03-09,230
7848146953271,2025-03-10,223
7848146953271,2025-03-11,223
7848146953271,2025-03-12,223
7848146953271,2025-03-13,223
7848146953271,2025-03-14,223
7848146953271,2025-03-15,223
7848146953271,2025-03-16,214
7848146953271,2025-03-17,214
7848146953271,2025-03-18,214
7848146953271,2025-03-19,214
7848146953271,2025-03-20,214
7848146953271,2025-03-21,214
7848146953271,2025-03-22,214
7848146953271,2025-03-23,255
7848146953271,2025-03-24,255
7848146953271,2025-03-25,255
7848146953271,2025-03-26,255
7848146953271,2025-03-27,255
7848146953271,2025-03-28,255
7848146953271,2025-03-29,255
7848146953271,2025-03-30,255
7848146953271,2025-03-31,255
7848146953271,2025-04-01,255
7848146953271,2025-04-02,222
7848146953271,2025-04-03,222
7848146953271,2025-04-04,222
7848146953271,2025-04-05,222
7848146953271,2025-04-06,222
7848146953271,2025-04-07,222
7848146953271,2025-04-08,222
7848146953271,2025-04-09,198
7848146953271,2025-04-10,198
7848146953271,2025-04-11,198
7848146953271,2025-04-12,198
7848146953271,2025-04-13,198
7848146953271,2025-04-14,198
7848146953271,2025-04-15,198
7848146953271,2025-04-16,198
7848146953271,2025-04-17,198
7848146953271,2025-04-18,198
7848146953271,2025-04-19,174
7848146953271,2025-04-20,174
7848146953271,2025-04-21,174
7848146953271,2025-04-22,174
7848146953271,2025-04-23,255
7848146953271,2025-04-24,255
7848146953271,2025-04-25,225
7848146953271,2025-04-26,225
7848146953271,2025-04-27,225
7848146953271,2025-04-28,225
7848146953271,2025-04-29,225
7848146953271,2025-04-30,202
7848146953271,2025-05-01,202
7848146953271,2025-05-02,202
7848146953271,2025-05-03,202
7848146953271,2025-05-04,202
7848146953271,2025-05-05,155
7848146953271,2025-05-06,155
7848146953271,2025-05-07,155
7848146953271,2025-05-08,155
7848146953271,2025-05-09,155
7848146953271,2025-05-10,155
7848146953271,2025-05-11,155
7848146953271,2025-05-12,155
7848146953271,2025-05-13,155
7848146953271,2025-05-14,110
7848146953271,2025-05-15,110
7848146953271,2025-05-16,110
7848146953271,2025-05-17,110
7848146953271,2025-05-18,110
7848146953271,2025-05-19,110
7848146953271,2025-05-20,255
7848146953271,2025-05-21,255
7848146953271,2025-05-22,255
7848146953271,2025-05-23,255
7848146953271,2025-05-24,213
7848146953271,2025-05-25,213
7848146953271,2025-05-26,213
7848146953271,2025-05-27,213
7848146953271,2025-05-28,213
7848146953271,2025-05-29,213
7848146953271,2025-05-30,213
7848146953271,2025-05-31,169
7848146953271,2025-06-01,169
7848146953271,2025-06-02,169
7848146953271,2025-06-03,169
7848146953271,2025-06-04,169
7848146953271,2025-06-05,114
7848146953271,2025-06-06,114
7848146953271,2025-06-07,114
7848146953271,2025-06-08,114
7848146953271,2025-06-09,114
7848146953271,2025-06-10,255
7848146953271,2025-06-11,255
7848146953271,2025-06-12,255
7848146953271,2025-06-13,255
7848146953271,2025-06-14,255
7848146953271,2025-06-15,201
7848146953271,2025-06-16,201
7848146953271,2025-06-17,201
7848146953271,2025-06-18,201
7848146953271,2025-06-19,201
7848146953271,2025-06-20,144
7848146953271,2025-06-21,144
7848146953271,2025-06-22,144
7848146953271,2025-06-23,144
7848146953271,2025-06-24,144
7848146953271,2025-06-25,144
7848146953271,2025-06-26,95
7848146953271,2025-06-27,95
7848146953271,2025-06-28,95
7848146953271,2025-06-29,95
7848146953271,2025-06-30,95
7848146953271,2025-07-01,95
7848146953271,2025-07-02,95
7848146953271,2025-07-03,255
7848146953271,2025-07-04,255
7848146953271,2025-07-05,255
7848146953271,2025-07-06,255
7848146953271,2025-07-07,255
7848146953271,2025-07-08,255
7848146953271,2025-07-09,190
7848146953271,2025-07-10,190
7848146953271,2025-07-11,190
7848146953271,2025-07-12,190
7848146953271,2025-07-13,190
7848146953271,2025-07-14,190
7848146953271,2025-07-15,130
7848146953271,2025-07-16,130
7848146953271,2025-07-17,130
7848146953271,2025-07-18,130
7848146953271,2025-07-19,130
7848146953271,2025-07-20,130
7848146953271,2025-07-21,130
7848146953271,2025-07-22,130
7848146953271,2025-07-23,130
7848146953271,2025-07-24,130
7848146953271,2025-07-25,255
7848146953271,2025-07-26,255
7848146953271,2025-07-27,255
7848146953271,2025-07-28,255
7848146953271,2025-07-29,255
7848146953271,2025-07-30,255
7848146953271,2025-07-31,255
7848146953271,2025-08-01,255
7848146953271,2025-08-02,255
7848146953271,2025-08-03,255
7848146953271,2025-08-04,211
7848146953271,2025-08-05,211
7848146953271,2025-08-06,211
7848146953271,2025-08-07,211
7848146953271,2025-08-08,211
7848146953271,2025-08-09,211
7848146953271,2025-08-10,211
7848146953271,2025-08-11,211
7848146953271,2025-08-12,211
7848146953271,2025-08-13,150
7848146953271,2025-08-14,150
7848146953271,2025-08-15,150
7848146953271,2025-08-16,150
7848146953271,2025-08-17,150
7848146953271,2025-08-18,150
7848146953271,2025-08-19,150
7848146953271,2025-08-20,150
7848146953271,2025-08-21,89
7848146953271,2025-08-22,89
7848146953271,2025-08-23,89
7848146953271,2025-08-24,89
7848146953271,2025-08-25,89
7848146953271,2025-08-26,255
7848146953271,2025-08-27,198
7848146953271,2025-08-28,198
7848146953271,2025-08-29,198
7848146953271,2025-08-30,198
7848146953271,2025-08-31,198
7848146953271,2025-09-01,198
7848146953271,2025-09-02,198
7848146953271,2025-09-03,198
7848146953271,2025-09-04,198
7848146953271,2025-09-05,157
7848146953271,2025-09-06,157
7848146953271,2025-09-07,157
7848146953271,2025-09-08,157
7848146953271,2025-09-09,157
7848146953271,2025-09-10,157
7848146953271,2025-09-11,157
7848146953271,2025-09-12,157
7848146953271,2025-09-13,157
7848146953271,2025-09-14,157
7848146953271,2025-09-15,114
7848146953271,2025-09-16,114
7848146953271,2025-09-17,114
7848146953271,2025-09-18,114
7848146953271,2025-09-19,114
7848146953271,2025-09-20,114
7848146953271,2025-09-21,114
7848146953271,2025-09-22,114
7848146953271,2025-09-23,114
7848146953271,2025-09-24,114
7848146953271,2025-09-25,255
7848146953271,2025-09-26,255
7848146953271,2025-09-27,255
7848146953271,2025-09-28,255
7848146953271,2025-09-29,255
7848146953271,2025-09-30,255
7848146953271,2025-10-01,255
7848146953271,2025-10-02,255
7848146953271,2025-10-03,227
7848146953271,2025-10-04,227
7848146953271,2025-10-05,227
7848146953271,2025-10-06,227
7848146953271,2025-10-07,227
7848146953271,2025-10-08,227
7848146953271,2025-10-09,227
7848146953271,2025-10-10,227
7848146953271,2025-10-11,205
7848146953271,2025-10-12,205
7848146953271,2025-10-13,205
7848146953271,2025-10-14,205
7848146953271,2025-10-15,205
7848146953271,2025-10-16,205
7848146953271,2025-10-17,205
7848146953271,2025-10-18,205
7848146953271,2025-10-19,205
7848146953271,2025-10-20,205
7848146953271,2025-10-21,184
7848146953271,2025-10-22,255
7848146953271,2025-10-23,255
7848146953271,2025-10-24,255
7848146953271,2025-10-25,255
7848146953271,2025-10-26,255
7848146953271,2025-10-27,255
7848146953271,2025-10-28,255
7848146953271,2025-10-29,255
7848146953271,2025-10-30,255
7848146953271,2025-10-31,227
7848146953271,2025-11-01,227
7848146953271,2025-11-02,227
7848146953271,2025-11-03,227
7848146953271,2025-11-04,227
7848146953271,2025-11-05,227
7848146953271,2025-11-06,227
7848146953271,2025-11-07,227
7848146953271,2025-11-08,215
7848146953271,2025-11-09,215
7848146953271,2025-11-10,215
7848146953271,2025-11-11,215
7848146953271,2025-11-12,215
7848146953271,2025-11-13,201
7848146953271,2025-11-14,201
7848146953271,2025-11-15,201
7848146953271,2025-11-16,201
7848146953271,2025-11-17,201
7848146953271,2025-11-18,201
7848146953271,2025-11-19,201
7848146953271,2025-11-20,185
7848146953271,2025-11-21,185
7848146953271,2025-11-22,185
7848146953271,2025-11-23,185
7848146953271,2025-11-24,185
7848146953271,2025-11-25,185
7848146953271,2025-11-26,255
7848146953271,2025-11-27,255
7848146953271,2025-11-28,255
7848146953271,2025-11-29,255
7848146953271,2025-11-30,238
7848146953271,2025-12-01,238
7848146953271,2025-12-02,238
7848146953271,2025-12-03,238
7848146953271,2025-12-04,238
7848146953271,2025-12-05,224
7848146953271,2025-12-06,224
7848146953271,2025-12-07,224
7848146953271,2025-12-08,224
7848146953271,2025-12-09,224
7848146953271,2025-12-10,224
7848146953271,2025-12-11,224
7848146953271,2025-12-12,224
7848146953271,2025-12-13,224
7848146953271,2025-12-14,224
7848146953271,2025-12-15,224
7848146953271,2025-12-16,224
7848146953271,2025-12-17,224
7848146953271,2025-12-18,224
7848146953271,2025-12-19,255
7848146953271,2025-12-20,255
7848146953271,2025-12-21,255
7848146953271,2025-12-22,255
7848146953271,2025-12-23,255
7848146953271,2025-12-24,255
7848146953271,2025-12-25,251
7848146953271,2025-12-26,251
7848146953271,2025-12-27,251
7848146953271,2025-12-28,251
7848146953271,2025-12-29,251
7848146953271,2025-12-30,251
7848146953271,2025-12-31,251
7848146953271,2026-01-01,251
7848146953271,2026-01-02,251
7848146953271,2026-01-03,251
7848146953271,2026-01-04,251
7848146953271,2026-01-05,251
7848146953271,2026-01-06,251
7848146953271,2026-01-07,251
7848146953271,2026-01-08,255
7848146953271,2026-01-09,255
7848146953271,2026-01-10,255
7848146953271,2026-01-11,255
7848146953271,2026-01-12,255
7848146953271,2026-01-13,255
7848146953271,2026-01-14,255
7848146953271,2026-01-15,255
7848146953271,2026-01-16,255
7848146953271,2026-01-17,255
7848146953271,2026-01-18,255
7848146953271,2026-01-19,255
7848146953271,2026-01-20,255
7848146953271,2026-01-21,255
7848146953271,2026-01-22,255
7848146953271,2026-01-23,255
7848146953271,2026-01-24,255
7848146953271,2026-01-25,255
7848146953271,2026-01-26,255
7848146953271,2026-01-27,255
7848146953271,2026-01-28,255
7848146953271,2026-01-29,255
7848146953271,2026-01-30,255
7848146953271,2026-01-31,255
7848146953271,2026-02-01,255
7848146953271,2026-02-02,255
7848146953271,2026-02-03,255
7848146953271,2026-02-04,255
7848146953271,2026-02-05,255
7848146953271,2026-02-06,255
7848146953271,2026-02-07,255
7848146953271,2026-02-08,255
7848146953271,2026-02-09,255
7848146953271,2026-02-10,255
7848146953271,2026-02-11,255
7848146953271,2026-02-12,255
7848146953271,2026-02-13,255
7848146953271,2026-02-14,255
7848146953271,2026-02-15,255
7848146953271,2026-02-16,253
7848146953271,2026-02-17,253
7848146953271,2026-02-18,253
7848146953271,2026-02-19,253
7848146953271,2026-02-20,253
7848146953271,2026-02-21,253
7848146953271,2026-02-22,255
7848146953271,2026-02-23,245
7848146953271,2026-02-24,245
7848146953271,2026-02-25,245
7848146953271,2026-02-26,245
7848146953271,2026-02-27,245
7848146953271,2026-02-28,245
7848146953271,2026-03-01,245
7848146953271,2026-03-02,236
7848146953271,2026-03-03,236
7848146953271,2026-03-04,236
7848146953271,2026-03-05,236
7848146953271,2026-03-06,236
7848146953271,2026-03-07,236
7848146953271,2026-03-08,236
7848146953271,2026-03-09,236
7848146953271,2026-03-10,236
7848146953271,2026-03-11,220
7848146953271,2026-03-12,220
7848146953271,2026-03-13,220
7848146953271,2026-03-14,220
7848146953271,2026-03-15,220
7848146953271,2026-03-16,220
7848146953271,2026-03-17,220
7848146953271,2026-03-18,220
7848146953271,2026-03-19,209
7848146953271,2026-03-20,209
7848146953271,2026-03-21,209
7848146953271,2026-03-22,255
7848146953271,2026-03-23,255
7848146953271,2026-03-24,237
7848146953271,2026-03-25,237
7848146953271,2026-03-26,237
7848146953271,2026-03-27,237
7848146953271,2026-03-28,237
7848146953271,2026-03-29,237
7848146953271,2026-03-30,229
7848146953271,2026-03-31,229
7848146953271,2026-04-01,229
7848146953271,2026-04-02,229
7848146953271,2026-04-03,229
7848146953271,2026-04-04,229
7848146953271,2026-04-05,199
7848146953271,2026-04-06,199
7848146953271,2026-04-07,199
7848146953271,2026-04-08,199
7848146953271,2026-04-09,199
7848146953271,2026-04-10,199
7848146953271,2026-04-11,199
7848146953271,2026-04-12,199
7848146953271,2026-04-13,177
7848146953271,2026-04-14,177
7848146953271,2026-04-15,177
7848146953271,2026-04-16,177
7848146953271,2026-04-17,177
7848146953271,2026-04-18,146
7848146953271,2026-04-19,146
7848146953271,2026-04-20,146
7848146953271,2026-04-21,146
7848146953271,2026-04-22,146
7848146953271,2026-04-23,146
7848146953271,2026-04-24,146
7848146953271,2026-04-25,146
7848146953271,2026-04-26,146
7848146953271,2026-04-27,146
7848146953271,2026-04-28,117
7848146953271,2026-04-29,117
7848146953271,2026-04-30,255
7848146953271,2026-05-01,255
7848146953271,2026-05-02,255
7848146953271,2026-05-03,255
7848146953271,2026-05-04,255
7848146953271,2026-05-05,255
7848146953271,2026-05-06,217
7848146953271,2026-05-07,217
7848146953271,2026-05-08,217
7848146953271,2026-05-09,217
7848146953271,2026-05-10,217
7848146953271,2026-05-11,217
7848146953271,2026-05-12,217
7848146953271,2026-05-13,217
7848146953271,2026-05-14,173
7848146953271,2026-05-15,173
7848146953271,2026-05-16,173
7848146953271,2026-05-17,173
7848146953271,2026-05-18,173
7848146953271,2026-05-19,125
7848146953271,2026-05-20,125
7848146953271,2026-05-21,125
7848146953271,2026-05-22,125
7848146953271,2026-05-23,125
7848146953271,2026-05-24,255
7848146953271,2026-05-25,211
7848146953271,2026-05-26,211
7848146953271,2026-05-27,211
7848146953271,2026-05-28,211
7848146953271,2026-05-29,211
7848146953271,2026-05-30,211
7848146953271,2026-05-31,211
7848146953271,2026-06-01,211
7848146953271,2026-06-02,161
7848146953271,2026-06-03,161
7848146953271,2026-06-04,161
7848146953271,2026-06-05,161
7848146953271,2026-06-06,161
7848146953271,2026-06-07,161
7848146953271,2026-06-08,161
7848146953271,2026-06-09,161
7848146953271,2026-06-10,161
7848146953271,2026-06-11,106
7848146953271,2026-06-12,106
7848146953271,2026-06-13,106
7848146953271,2026-06-14,106
7848146953271,2026-06-15,106
7848146953271,2026-06-16,106
7848146953271,2026-06-17,106
7848146953271,2026-06-18,255
7848146953271,2026-06-19,255
7848146953271,2026-06-20,255
7848146953271,2026-06-21,255
7848146953271,2026-06-22,255
7848146953271,2026-06-23,255
7848146953271,2026-06-24,255
7848146953271,2026-06-25,255
7848146953271,2026-06-26,203
7848146953271,2026-06-27,203
7848146953271,2026-06-28,203
7848146953271,2026-06-29,203
7848146953271,2026-06-30,203
7848146953271,2026-07-01,203
7846735281945,2024-01-01,589
7846735281945,2024-01-02,589
7846735281945,2024-01-03,589
7846735281945,2024-01-04,589
7846735281945,2024-01-05,589
7846735281945,2024-01-06,589
7846735281945,2024-01-07,589
7846735281945,2024-01-08,589
7846735281945,2024-01-09,589
7846735281945,2024-01-10,589
7846735281945,2024-01-11,589
7846735281945,2024-01-12,589
7846735281945,2024-01-13,589
7846735281945,2024-01-14,589
7846735281945,2024-01-15,589
7846735281945,2024-01-16,589
7846735281945,2024-01-17,589
7846735281945,2024-01-18,589
7846735281945,2024-01-19,589
7846735281945,2024-01-20,589
7846735281945,2024-01-21,589
7846735281945,2024-01-22,589
7846735281945,2024-01-23,589
7846735281945,2024-01-24,589
7846735281945,2024-01-25,589
7846735281945,2024-01-26,589
7846735281945,2024-01-27,589
7846735281945,2024-01-28,589
7846735281945,2024-01-29,865
7846735281945,2024-01-30,865
7846735281945,2024-01-31,865
7846735281945,2024-02-01,865
7846735281945,2024-02-02,865
7846735281945,2024-02-03,865
7846735281945,2024-02-04,865
7846735281945,2024-02-05,865
7846735281945,2024-02-06,865
7846735281945,2024-02-07,865
7846735281945,2024-02-08,865
7846735281945,2024-02-09,865
7846735281945,2024-02-10,865
7846735281945,2024-02-11,865
7846735281945,2024-02-12,865
7846735281945,2024-02-13,865
7846735281945,2024-02-14,860
7846735281945,2024-02-15,860
7846735281945,2024-02-16,860
7846735281945,2024-02-17,860
7846735281945,2024-02-18,860
7846735281945,2024-02-19,860
7846735281945,2024-02-20,860
7846735281945,2024-02-21,860
7846735281945,2024-02-22,860
7846735281945,2024-02-23,860
7846735281945,2024-02-24,860
7846735281945,2024-02-25,860
7846735281945,2024-02-26,860
7846735281945,2024-02-27,865
7846735281945,2024-02-28,861
7846735281945,2024-02-29,861
7846735281945,2024-03-01,861
7846735281945,2024-03-02,861
7846735281945,2024-03-03,861
7846735281945,2024-03-04,861
7846735281945,2024-03-05,861
7846735281945,2024-03-06,844
7846735281945,2024-03-07,844
7846735281945,2024-03-08,844
7846735281945,2024-03-09,844
7846735281945,2024-03-10,844
7846735281945,2024-03-11,844
7846735281945,2024-03-12,844
7846735281945,2024-03-13,844
7846735281945,2024-03-14,844
7846735281945,2024-03-15,844
7846735281945,2024-03-16,823
7846735281945,2024-03-17,823
7846735281945,2024-03-18,823
7846735281945,2024-03-19,823
7846735281945,2024-03-20,823
7846735281945,2024-03-21,823
7846735281945,2024-03-22,823
7846735281945,2024-03-23,823
7846735281945,2024-03-24,803
7846735281945,2024-03-25,803
7846735281945,2024-03-26,803
7846735281945,2024-03-27,803
7846735281945,2024-03-28,803
7846735281945,2024-03-29,790
7846735281945,2024-03-30,790
7846735281945,2024-03-31,865
7846735281945,2024-04-01,865
7846735281945,2024-04-02,865
7846735281945,2024-04-03,865
7846735281945,2024-04-04,865
7846735281945,2024-04-05,865
7846735281945,2024-04-06,865
7846735281945,2024-04-07,865
7846735281945,2024-04-08,839
7846735281945,2024-04-09,839
7846735281945,2024-04-10,839
7846735281945,2024-04-11,839
7846735281945,2024-04-12,839
7846735281945,2024-04-13,839
7846735281945,2024-04-14,839
7846735281945,2024-04-15,808
7846735281945,2024-04-16,808
7846735281945,2024-04-17,808
7846735281945,2024-04-18,808
7846735281945,2024-04-19,808
7846735281945,2024-04-20,774
7846735281945,2024-04-21,774
7846735281945,2024-04-22,774
7846735281945,2024-04-23,865
7846735281945,2024-04-24,865
7846735281945,2024-04-25,865
7846735281945,2024-04-26,865
7846735281945,2024-04-27,865
7846735281945,2024-04-28,865
7846735281945,2024-04-29,828
7846735281945,2024-04-30,828
7846735281945,2024-05-01,828
7846735281945,2024-05-02,828
7846735281945,2024-05-03,828
7846735281945,2024-05-04,828
7846735281945,2024-05-05,785
7846735281945,2024-05-06,785
7846735281945,2024-05-07,785
7846735281945,2024-05-08,785
7846735281945,2024-05-09,785
7846735281945,2024-05-10,785
7846735281945,2024-05-11,785
7846735281945,2024-05-12,785
7846735281945,2024-05-13,741
7846735281945,2024-05-14,741
7846735281945,2024-05-15,741
7846735281945,2024-05-16,741
7846735281945,2024-05-17,741
7846735281945,2024-05-18,741
7846735281945,2024-05-19,741
7846735281945,2024-05-20,696
7846735281945,2024-05-21,696
7846735281945,2024-05-22,696
7846735281945,2024-05-23,696
7846735281945,2024-05-24,696
7846735281945,2024-05-25,865
7846735281945,2024-05-26,865
7846735281945,2024-05-27,865
7846735281945,2024-05-28,831
7846735281945,2024-05-29,831
7846735281945,2024-05-30,831
7846735281945,2024-05-31,831
7846735281945,2024-06-01,831
7846735281945,2024-06-02,831
7846735281945,2024-06-03,831
7846735281945,2024-06-04,831
7846735281945,2024-06-05,767
7846735281945,2024-06-06,767
7846735281945,2024-06-07,767
7846735281945,2024-06-08,767
7846735281945,2024-06-09,767
7846735281945,2024-06-10,767
7846735281945,2024-06-11,767
7846735281945,2024-06-12,767
7846735281945,2024-06-13,767
7846735281945,2024-06-14,718
7846735281945,2024-06-15,718
7846735281945,2024-06-16,718
7846735281945,2024-06-17,718
7846735281945,2024-06-18,718
7846735281945,2024-06-19,664
7846735281945,2024-06-20,664
7846735281945,2024-06-21,664
7846735281945,2024-06-22,664
7846735281945,2024-06-23,664
7846735281945,2024-06-24,865
7846735281945,2024-06-25,819
7846735281945,2024-06-26,819
7846735281945,2024-06-27,819
7846735281945,2024-06-28,819
7846735281945,2024-06-29,819
7846735281945,2024-06-30,819
7846735281945,2024-07-01,763
7846735281945,2024-07-02,763
7846735281945,2024-07-03,763
7846735281945,2024-07-04,763
7846735281945,2024-07-05,763
7846735281945,2024-07-06,698
7846735281945,2024-07-07,698
7846735281945,2024-07-08,698
7846735281945,2024-07-09,698
7846735281945,2024-07-10,698
7846735281945,2024-07-11,698
7846735281945,2024-07-12,698
7846735281945,2024-07-13,698
7846735281945,2024-07-14,638
7846735281945,2024-07-15,638
7846735281945,2024-07-16,638
7846735281945,2024-07-17,638
7846735281945,2024-07-18,638
7846735281945,2024-07-19,638
7846735281945,2024-07-20,638
7846735281945,2024-07-21,638
7846735281945,2024-07-22,638
7846735281945,2024-07-23,638
7846735281945,2024-07-24,585
7846735281945,2024-07-25,585
7846735281945,2024-07-26,865
7846735281945,2024-07-27,865
7846735281945,2024-07-28,865
7846735281945,2024-07-29,865
7846735281945,2024-07-30,865
7846735281945,2024-07-31,865
7846735281945,2024-08-01,815
7846735281945,2024-08-02,815
7846735281945,2024-08-03,815
7846735281945,2024-08-04,815
7846735281945,2024-08-05,815
7846735281945,2024-08-06,815
7846735281945,2024-08-07,815
7846735281945,2024-08-08,815
7846735281945,2024-08-09,815
7846735281945,2024-08-10,815
7846735281945,2024-08-11,756
7846735281945,2024-08-12,756
7846735281945,2024-08-13,756
7846735281945,2024-08-14,756
7846735281945,2024-08-15,756
7846735281945,2024-08-16,756
7846735281945,2024-08-17,756
7846735281945,2024-08-18,756
7846735281945,2024-08-19,756
7846735281945,2024-08-20,708
7846735281945,2024-08-21,708
7846735281945,2024-08-22,865
7846735281945,2024-08-23,865
7846735281945,2024-08-24,865
7846735281945,2024-08-25,865
7846735281945,2024-08-26,809
7846735281945,2024-08-27,809
7846735281945,2024-08-28,809
7846735281945,2024-08-29,809
7846735281945,2024-08-30,809
7846735281945,2024-08-31,809
7846735281945,2024-09-01,809
7846735281945,2024-09-02,809
7846735281945,2024-09-03,809
7846735281945,2024-09-04,773
7846735281945,2024-09-05,773
7846735281945,2024-09-06,773
7846735281945,2024-09-07,773
7846735281945,2024-09-08,773
7846735281945,2024-09-09,731
7846735281945,2024-09-10,731
7846735281945,2024-09-11,731
7846735281945,2024-09-12,731
7846735281945,2024-09-13,731
7846735281945,2024-09-14,690
7846735281945,2024-09-15,865
7846735281945,2024-09-16,865
7846735281945,2024-09-17,865
7846735281945,2024-09-18,865
7846735281945,2024-09-19,865
7846735281945,2024-09-20,865
7846735281945,2024-09-21,865
7846735281945,2024-09-22,825
7846735281945,2024-09-23,825
7846735281945,2024-09-24,825
7846735281945,2024-09-25,825
7846735281945,2024-09-26,825
7846735281945,2024-09-27,784
7846735281945,2024-09-28,784
7846735281945,2024-09-29,784
7846735281945,2024-09-30,784
7846735281945,2024-10-01,784
7846735281945,2024-10-02,784
7846735281945,2024-10-03,784
7846735281945,2024-10-04,747
7846735281945,2024-10-05,747
7846735281945,2024-10-06,747
7846735281945,2024-10-07,747
7846735281945,2024-10-08,747
7846735281945,2024-10-09,747
7846735281945,2024-10-10,747
7846735281945,2024-10-11,747
7846735281945,2024-10-12,747
7846735281945,2024-10-13,747
7846735281945,2024-10-14,716
7846735281945,2024-10-15,865
7846735281945,2024-10-16,865
7846735281945,2024-10-17,865
7846735281945,2024-10-18,865
7846735281945,2024-10-19,865
7846735281945,2024-10-20,831
7846735281945,2024-10-21,831
7846735281945,2024-10-22,831
7846735281945,2024-10-23,831
7846735281945,2024-10-24,831
7846735281945,2024-10-25,831
7846735281945,2024-10-26,799
7846735281945,2024-10-27,799
7846735281945,2024-10-28,799
7846735281945,2024-10-29,799
7846735281945,2024-10-30,799
7846735281945,2024-10-31,799
7846735281945,2024-11-01,789
7846735281945,2024-11-02,789
7846735281945,2024-11-03,789
7846735281945,2024-11-04,789
7846735281945,2024-11-05,789
7846735281945,2024-11-06,776
7846735281945,2024-11-07,776
7846735281945,2024-11-08,776
7846735281945,2024-11-09,776
7846735281945,2024-11-10,776
7846735281945,2024-11-11,776
7846735281945,2024-11-12,776
7846735281945,2024-11-13,776
7846735281945,2024-11-14,776
7846735281945,2024-11-15,761
7846735281945,2024-11-16,761
7846735281945,2024-11-17,761
7846735281945,2024-11-18,761
7846735281945,2024-11-19,761
7846735281945,2024-11-20,745
7846735281945,2024-11-21,745
7846735281945,2024-11-22,865
7846735281945,2024-11-23,865
7846735281945,2024-11-24,865
7846735281945,2024-11-25,865
7846735281945,2024-11-26,865
7846735281945,2024-11-27,865
7846735281945,2024-11-28,850
7846735281945,2024-11-29,850
7846735281945,2024-11-30,850
7846735281945,2024-12-01,850
7846735281945,2024-12-02,850
7846735281945,2024-12-03,850
7846735281945,2024-12-04,850
7846735281945,2024-12-05,850
7846735281945,2024-12-06,850
7846735281945,2024-12-07,850
7846735281945,2024-12-08,850
7846735281945,2024-12-09,850
7846735281945,2024-12-10,850
7846735281945,2024-12-11,850
7846735281945,2024-12-12,850
7846735281945,2024-12-13,844
7846735281945,2024-12-14,844
7846735281945,2024-12-15,844
7846735281945,2024-12-16,844
7846735281945,2024-12-17,844
7846735281945,2024-12-18,844
7846735281945,2024-12-19,844
7846735281945,2024-12-20,844
7846735281945,2024-12-21,844
7846735281945,2024-12-22,844
7846735281945,2024-12-23,844
7846735281945,2024-12-24,844
7846735281945,2024-12-25,844
7846735281945,2024-12-26,844
7846735281945,2024-12-27,844
7846735281945,2024-12-28,844
7846735281945,2024-12-29,844
7846735281945,2024-12-30,865
7846735281945,2024-12-31,865
7846735281945,2025-01-01,865
7846735281945,2025-01-02,865
7846735281945,2025-01-03,865
7846735281945,2025-01-04,865
7846735281945,2025-01-05,865
7846735281945,2025-01-06,865
7846735281945,2025-01-07,865
7846735281945,2025-01-08,865
7846735281945,2025-01-09,865
7846735281945,2025-01-10,865
7846735281945,2025-01-11,865
7846735281945,2025-01-12,865
7846735281945,2025-01-13,865
7846735281945,2025-01-14,865
7846735281945,2025-01-15,865
7846735281945,2025-01-16,865
7846735281945,2025-01-17,865
7846735281945,2025-01-18,865
7846735281945,2025-01-19,865
7846735281945,2025-01-20,865
7846735281945,2025-01-21,865
7846735281945,2025-01-22,865
7846735281945,2025-01-23,865
7846735281945,2025-01-24,865
7846735281945,2025-01-25,865
7846735281945,2025-01-26,865
7846735281945,2025-01-27,865
7846735281945,2025-01-28,865
7846735281945,2025-01-29,865
7846735281945,2025-01-30,865
7846735281945,2025-01-31,865
7846735281945,2025-02-01,865
7846735281945,2025-02-02,865
7846735281945,2025-02-03,865
7846735281945,2025-02-04,865
7846735281945,2025-02-05,865
7846735281945,2025-02-06,865
7846735281945,2025-02-07,865
7846735281945,2025-02-08,865
7846735281945,2025-02-09,865
7846735281945,2025-02-10,865
7846735281945,2025-02-11,865
7846735281945,2025-02-12,865
7846735281945,2025-02-13,865
7846735281945,2025-02-14,865
7846735281945,2025-02-15,865
7846735281945,2025-02-16,865
7846735281945,2025-02-17,865
7846735281945,2025-02-18,865
7846735281945,2025-02-19,857
7846735281945,2025-02-20,857
7846735281945,2025-02-21,857
7846735281945,2025-02-22,857
7846735281945,2025-02-23,857
7846735281945,2025-02-24,846
7846735281945,2025-02-25,865
7846735281945,2025-02-26,865
7846735281945,2025-02-27,865
7846735281945,2025-02-28,865
7846735281945,2025-03-01,865
7846735281945,2025-03-02,865
7846735281945,2025-03-03,865
7846735281945,2025-03-04,846
7846735281945,2025-03-05,846
7846735281945,2025-03-06,846
7846735281945,2025-03-07,846
7846735281945,2025-03-08,846
7846735281945,2025-03-09,846
7846735281945,2025-03-10,846
7846735281945,2025-03-11,846
7846735281945,2025-03-12,828
7846735281945,2025-03-13,828
7846735281945,2025-03-14,828
7846735281945,2025-03-15,828
7846735281945,2025-03-16,828
7846735281945,2025-03-17,828
7846735281945,2025-03-18,828
7846735281945,2025-03-19,810
7846735281945,2025-03-20,865
7846735281945,2025-03-21,865
7846735281945,2025-03-22,865
7846735281945,2025-03-23,865
7846735281945,2025-03-24,865
7846735281945,2025-03-25,865
7846735281945,2025-03-26,865
7846735281945,2025-03-27,865
7846735281945,2025-03-28,865
7846735281945,2025-03-29,852
7846735281945,2025-03-30,852
7846735281945,2025-03-31,852
7846735281945,2025-04-01,852
7846735281945,2025-04-02,852
7846735281945,2025-04-03,852
7846735281945,2025-04-04,852
7846735281945,2025-04-05,852
7846735281945,2025-04-06,852
7846735281945,2025-04-07,829
7846735281945,2025-04-08,829
7846735281945,2025-04-09,829
7846735281945,2025-04-10,829
7846735281945,2025-04-11,829
7846735281945,2025-04-12,865
7846735281945,2025-04-13,865
7846735281945,2025-04-14,865
7846735281945,2025-04-15,865
7846735281945,2025-04-16,865
7846735281945,2025-04-17,865
7846735281945,2025-04-18,865
7846735281945,2025-04-19,865
7846735281945,2025-04-20,843
7846735281945,2025-04-21,843
7846735281945,2025-04-22,843
7846735281945,2025-04-23,843
7846735281945,2025-04-24,843
7846735281945,2025-04-25,843
7846735281945,2025-04-26,843
7846735281945,2025-04-27,843
7846735281945,2025-04-28,843
7846735281945,2025-04-29,843
7846735281945,2025-04-30,814
7846735281945,2025-05-01,814
7846735281945,2025-05-02,814
7846735281945,2025-05-03,814
7846735281945,2025-05-04,865
7846735281945,2025-05-05,865
7846735281945,2025-05-06,865
7846735281945,2025-05-07,865
7846735281945,2025-05-08,865
7846735281945,2025-05-09,865
7846735281945,2025-05-10,824
7846735281945,2025-05-11,824
7846735281945,2025-05-12,824
7846735281945,2025-05-13,824
7846735281945,2025-05-14,824
7846735281945,2025-05-15,824
7846735281945,2025-05-16,824
7846735281945,2025-05-17,824
7846735281945,2025-05-18,778
7846735281945,2025-05-19,778
7846735281945,2025-05-20,778
7846735281945,2025-05-21,778
7846735281945,2025-05-22,778
7846735281945,2025-05-23,778
7846735281945,2025-05-24,733
7846735281945,2025-05-25,733
7846735281945,2025-05-26,733
7846735281945,2025-05-27,733
7846735281945,2025-05-28,733
7846735281945,2025-05-29,733
7846735281945,2025-05-30,733
7846735281945,2025-05-31,733
7846735281945,2025-06-01,681
7846735281945,2025-06-02,681
7846735281945,2025-06-03,865
7846735281945,2025-06-04,865
7846735281945,2025-06-05,865
7846735281945,2025-06-06,865
7846735281945,2025-06-07,865
7846735281945,2025-06-08,813
7846735281945,2025-06-09,813
7846735281945,2025-06-10,813
7846735281945,2025-06-11,813
7846735281945,2025-06-12,813
7846735281945,2025-06-13,813
7846735281945,2025-06-14,813
7846735281945,2025-06-15,813
7846735281945,2025-06-16,757
7846735281945,2025-06-17,757
7846735281945,2025-06-18,757
7846735281945,2025-06-19,757
7846735281945,2025-06-20,757
7846735281945,2025-06-21,706
7846735281945,2025-06-22,706
7846735281945,2025-06-23,706
7846735281945,2025-06-24,706
7846735281945,2025-06-25,706
7846735281945,2025-06-26,706
7846735281945,2025-06-27,706
7846735281945,2025-06-28,706
7846735281945,2025-06-29,649
7846735281945,2025-06-30,649
7846735281945,2025-07-01,649
7846735281945,2025-07-02,649
7846735281945,2025-07-03,649
7846735281945,2025-07-04,865
7846735281945,2025-07-05,801
7846735281945,2025-07-06,801
7846735281945,2025-07-07,801
7846735281945,2025-07-08,801
7846735281945,2025-07-09,801
7846735281945,2025-07-10,745
7846735281945,2025-07-11,745
7846735281945,2025-07-12,745
7846735281945,2025-07-13,745
7846735281945,2025-07-14,745
7846735281945,2025-07-15,745
7846735281945,2025-07-16,745
7846735281945,2025-07-17,745
7846735281945,2025-07-18,745
7846735281945,2025-07-19,684
7846735281945,2025-07-20,684
7846735281945,2025-07-21,684
7846735281945,2025-07-22,684
7846735281945,2025-07-23,684
7846735281945,2025-07-24,684
7846735281945,2025-07-25,684
7846735281945,2025-07-26,684
7846735281945,2025-07-27,684
7846735281945,2025-07-28,684
7846735281945,2025-07-29,628
7846735281945,2025-07-30,628
7846735281945,2025-07-31,628
7846735281945,2025-08-01,628
7846735281945,2025-08-02,628
7846735281945,2025-08-03,628
7846735281945,2025-08-04,628
7846735281945,2025-08-05,628
7846735281945,2025-08-06,628
7846735281945,2025-08-07,628
7846735281945,2025-08-08,865
7846735281945,2025-08-09,865
7846735281945,2025-08-10,865
7846735281945,2025-08-11,865
7846735281945,2025-08-12,865
7846735281945,2025-08-13,865
7846735281945,2025-08-14,865
7846735281945,2025-08-15,865
7846735281945,2025-08-16,865
7846735281945,2025-08-17,814
7846735281945,2025-08-18,814
7846735281945,2025-08-19,814
7846735281945,2025-08-20,814
7846735281945,2025-08-21,814
7846735281945,2025-08-22,814
7846735281945,2025-08-23,814
7846735281945,2025-08-24,814
7846735281945,2025-08-25,771
7846735281945,2025-08-26,771
7846735281945,2025-08-27,771
7846735281945,2025-08-28,771
7846735281945,2025-08-29,865
7846735281945,2025-08-30,865
7846735281945,2025-08-31,865
7846735281945,2025-09-01,865
7846735281945,2025-09-02,865
7846735281945,2025-09-03,865
7846735281945,2025-09-04,824
7846735281945,2025-09-05,824
7846735281945,2025-09-06,824
7846735281945,2025-09-07,824
7846735281945,2025-09-08,824
7846735281945,2025-09-09,780
7846735281945,2025-09-10,780
7846735281945,2025-09-11,780
7846735281945,2025-09-12,780
7846735281945,2025-09-13,780
7846735281945,2025-09-14,743
7846735281945,2025-09-15,743
7846735281945,2025-09-16,743
7846735281945,2025-09-17,743
7846735281945,2025-09-18,743
7846735281945,2025-09-19,865
7846735281945,2025-09-20,865
7846735281945,2025-09-21,865
7846735281945,2025-09-22,826
7846735281945,2025-09-23,826
7846735281945,2025-09-24,826
7846735281945,2025-09-25,826
7846735281945,2025-09-26,826
7846735281945,2025-09-27,826
7846735281945,2025-09-28,780
7846735281945,2025-09-29,780
7846735281945,2025-09-30,780
7846735281945,2025-10-01,780
7846735281945,2025-10-02,780
7846735281945,2025-10-03,780
7846735281945,2025-10-04,780
7846735281945,2025-10-05,780
7846735281945,2025-10-06,780
7846735281945,2025-10-07,780
7846735281945,2025-10-08,752
7846735281945,2025-10-09,752
7846735281945,2025-10-10,752
7846735281945,2025-10-11,865
7846735281945,2025-10-12,865
7846735281945,2025-10-13,865
7846735281945,2025-10-14,839
7846735281945,2025-10-15,839
7846735281945,2025-10-16,839
7846735281945,2025-10-17,839
7846735281945,2025-10-18,839
7846735281945,2025-10-19,839
7846735281945,2025-10-20,839
7846735281945,2025-10-21,839
7846735281945,2025-10-22,802
7846735281945,2025-10-23,802
7846735281945,2025-10-24,802
7846735281945,2025-10-25,802
7846735281945,2025-10-26,802
7846735281945,2025-10-27,802
7846735281945,2025-10-28,778
7846735281945,2025-10-29,778
7846735281945,2025-10-30,778
7846735281945,2025-10-31,778
7846735281945,2025-11-01,778
7846735281945,2025-11-02,774
7846735281945,2025-11-03,774
7846735281945,2025-11-04,774
7846735281945,2025-11-05,774
7846735281945,2025-11-06,865
7846735281945,2025-11-07,865
7846735281945,2025-11-08,865
7846735281945,2025-11-09,849
7846735281945,2025-11-10,849
7846735281945,2025-11-11,849
7846735281945,2025-11-12,849
7846735281945,2025-11-13,849
7846735281945,2025-11-14,849
7846735281945,2025-11-15,849
7846735281945,2025-11-16,849
7846735281945,2025-11-17,849
7846735281945,2025-11-18,826
7846735281945,2025-11-19,826
7846735281945,2025-11-20,826
7846735281945,2025-11-21,826
7846735281945,2025-11-22,826
7846735281945,2025-11-23,826
7846735281945,2025-11-24,826
7846735281945,2025-11-25,810
7846735281945,2025-11-26,810
7846735281945,2025-11-27,810
7846735281945,2025-11-28,810
7846735281945,2025-11-29,810
7846735281945,2025-11-30,810
7846735281945,2025-12-01,810
7846735281945,2025-12-02,810
7846735281945,2025-12-03,810
7846735281945,2025-12-04,865
7846735281945,2025-12-05,860
7846735281945,2025-12-06,860
7846735281945,2025-12-07,860
7846735281945,2025-12-08,860
7846735281945,2025-12-09,860
7846735281945,2025-12-10,860
7846735281945,2025-12-11,860
7846735281945,2025-12-12,860
7846735281945,2025-12-13,860
7846735281945,2025-12-14,860
7846735281945,2025-12-15,860
7846735281945,2025-12-16,860
7846735281945,2025-12-17,860
7846735281945,2025-12-18,860
7846735281945,2025-12-19,860
7846735281945,2025-12-20,860
7846735281945,2025-12-21,860
7846735281945,2025-12-22,860
7846735281945,2025-12-23,860
7846735281945,2025-12-24,860
7846735281945,2025-12-25,860
7846735281945,2025-12-26,860
7846735281945,2025-12-27,860
7846735281945,2025-12-28,860
7846735281945,2025-12-29,860
7846735281945,2025-12-30,860
7846735281945,2025-12-31,860
7846735281945,2026-01-01,860
7846735281945,2026-01-02,860
7846735281945,2026-01-03,860
7846735281945,2026-01-04,860
7846735281945,2026-01-05,860
7846735281945,2026-01-06,860
7846735281945,2026-01-07,860
7846735281945,2026-01-08,860
7846735281945,2026-01-09,860
7846735281945,2026-01-10,860
7846735281945,2026-01-11,860
7846735281945,2026-01-12,865
7846735281945,2026-01-13,865
7846735281945,2026-01-14,865
7846735281945,2026-01-15,865
7846735281945,2026-01-16,865
7846735281945,2026-01-17,865
7846735281945,2026-01-18,865
7846735281945,2026-01-19,865
7846735281945,2026-01-20,865
7846735281945,2026-01-21,865
7846735281945,2026-01-22,865
7846735281945,2026-01-23,865
7846735281945,2026-01-24,865
7846735281945,2026-01-25,865
7846735281945,2026-01-26,865
7846735281945,2026-01-27,865
7846735281945,2026-01-28,865
7846735281945,2026-01-29,865
7846735281945,2026-01-30,865
7846735281945,2026-01-31,865
7846735281945,2026-02-01,865
7846735281945,2026-02-02,857
7846735281945,2026-02-03,857
7846735281945,2026-02-04,857
7846735281945,2026-02-05,857
7846735281945,2026-02-06,857
7846735281945,2026-02-07,857
7846735281945,2026-02-08,857
7846735281945,2026-02-09,857
7846735281945,2026-02-10,857
7846735281945,2026-02-11,857
7846735281945,2026-02-12,846
7846735281945,2026-02-13,846
7846735281945,2026-02-14,865
7846735281945,2026-02-15,865
7846735281945,2026-02-16,865
7846735281945,2026-02-17,865
7846735281945,2026-02-18,864
7846735281945,2026-02-19,864
7846735281945,2026-02-20,864
7846735281945,2026-02-21,864
7846735281945,2026-02-22,864
7846735281945,2026-02-23,864
7846735281945,2026-02-24,864
7846735281945,2026-02-25,863
7846735281945,2026-02-26,863
7846735281945,2026-02-27,863
7846735281945,2026-02-28,863
7846735281945,2026-03-01,863
7846735281945,2026-03-02,863
7846735281945,2026-03-03,863
7846735281945,2026-03-04,842
7846735281945,2026-03-05,842
7846735281945,2026-03-06,842
7846735281945,2026-03-07,842
7846735281945,2026-03-08,842
7846735281945,2026-03-09,823
7846735281945,2026-03-10,823
7846735281945,2026-03-11,823
7846735281945,2026-03-12,823
7846735281945,2026-03-13,823
7846735281945,2026-03-14,823
7846735281945,2026-03-15,823
7846735281945,2026-03-16,823
7846735281945,2026-03-17,823
7846735281945,2026-03-18,810
7846735281945,2026-03-19,810
7846735281945,2026-03-20,810
7846735281945,2026-03-21,810
7846735281945,2026-03-22,810
7846735281945,2026-03-23,810
7846735281945,2026-03-24,810
7846735281945,2026-03-25,865
7846735281945,2026-03-26,865
7846735281945,2026-03-27,854
7846735281945,2026-03-28,854
7846735281945,2026-03-29,854
7846735281945,2026-03-30,854
7846735281945,2026-03-31,854
7846735281945,2026-04-01,854
7846735281945,2026-04-02,854
7846735281945,2026-04-03,854
7846735281945,2026-04-04,854
7846735281945,2026-04-05,854
7846735281945,2026-04-06,826
7846735281945,2026-04-07,826
7846735281945,2026-04-08,826
7846735281945,2026-04-09,826
7846735281945,2026-04-10,826
7846735281945,2026-04-11,826
7846735281945,2026-04-12,826
7846735281945,2026-04-13,811
7846735281945,2026-04-14,811
7846735281945,2026-04-15,811
7846735281945,2026-04-16,865
7846735281945,2026-04-17,865
7846735281945,2026-04-18,865
7846735281945,2026-04-19,865
7846735281945,2026-04-20,865
7846735281945,2026-04-21,828
7846735281945,2026-04-22,828
7846735281945,2026-04-23,828
7846735281945,2026-04-24,828
7846735281945,2026-04-25,828
7846735281945,2026-04-26,806
7846735281945,2026-04-27,806
7846735281945,2026-04-28,806
7846735281945,2026-04-29,806
7846735281945,2026-04-30,806
7846735281945,2026-05-01,806
7846735281945,2026-05-02,806
7846735281945,2026-05-03,806
7846735281945,2026-05-04,806
7846735281945,2026-05-05,806
7846735281945,2026-05-06,754
7846735281945,2026-05-07,754
7846735281945,2026-05-08,754
7846735281945,2026-05-09,754
7846735281945,2026-05-10,754
7846735281945,2026-05-11,754
7846735281945,2026-05-12,754
7846735281945,2026-05-13,754
7846735281945,2026-05-14,711
7846735281945,2026-05-15,711
7846735281945,2026-05-16,711
7846735281945,2026-05-17,711
7846735281945,2026-05-18,711
7846735281945,2026-05-19,865
7846735281945,2026-05-20,865
7846735281945,2026-05-21,865
7846735281945,2026-05-22,865
7846735281945,2026-05-23,865
7846735281945,2026-05-24,865
7846735281945,2026-05-25,817
7846735281945,2026-05-26,817
7846735281945,2026-05-27,817
7846735281945,2026-05-28,817
7846735281945,2026-05-29,817
7846735281945,2026-05-30,817
7846735281945,2026-05-31,817
7846735281945,2026-06-01,817
7846735281945,2026-06-02,817
7846735281945,2026-06-03,763
7846735281945,2026-06-04,763
7846735281945,2026-06-05,763
7846735281945,2026-06-06,763
7846735281945,2026-06-07,763
7846735281945,2026-06-08,763
7846735281945,2026-06-09,704
7846735281945,2026-06-10,704
7846735281945,2026-06-11,704
7846735281945,2026-06-12,704
7846735281945,2026-06-13,704
7846735281945,2026-06-14,704
7846735281945,2026-06-15,704
7846735281945,2026-06-16,704
7846735281945,2026-06-17,704
7846735281945,2026-06-18,704
7846735281945,2026-06-19,649
7846735281945,2026-06-20,649
7846735281945,2026-06-21,649
7846735281945,2026-06-22,649
7846735281945,2026-06-23,649
7846735281945,2026-06-24,649
7846735281945,2026-06-25,598
7846735281945,2026-06-26,865
7846735281945,2026-06-27,865
7846735281945,2026-06-28,865
7846735281945,2026-06-29,865
7846735281945,2026-06-30,817
7846735281945,2026-07-01,817
